Name,Verdict,Reason,DetectedBrand,AuthenticityReview
Pandora Sparkling Heart Ring,DROP,non-watch / no product signal,,
Ball Bypass Bracelet,DROP,non-watch / no product signal,,
Ball Hook Earrings,DROP,non-watch / no product signal,,
Bar Earrings,DROP,non-watch / no product signal,,
Diamond Hoop Single-row Bangle,DROP,demo/junk category,Casio,
Diamond Vine Climber Earrings,DROP,demo/junk category,Casio,
Diamond Vine Ring in Platinum,DROP,non-watch / no product signal,,
Diamonds by the Yard Bracelet,DROP,non-watch / no product signal,,
Makers Slice Ring,DROP,non-watch / no product signal,,
Layer Cake Necklace Set,DROP,demo/junk category,Casio,
Flower Earring Stacking Set,DROP,demo/junk category,Casio,
Necklace Stacking Set,DROP,non-watch / no product signal,,
Nesting Narrow Band Ring,DROP,non-watch / no product signal,,
Olive Leaf Band Ring,DROP,demo/junk category,Casio,
Olive Leaf Pendant,DROP,non-watch / no product signal,,
Olive Leaf Earrings,DROP,demo/junk category,Casio,
T1 Circle Pendant,DROP,non-watch / no product signal,,
Starfish Brooch,DROP,demo/junk category,Casio,
Forever Love Flower,DROP,demo/junk category,,
Breath of Spring Bouquet,DROP,demo/junk category,,
Pretty Pink Rose,DROP,demo/junk category,,
Summer Bouquet,DROP,demo/junk category,,
Foxglove Flower,DROP,demo/junk category,,
Spring Snowflake,DROP,demo/junk category,,
Spring breath flower,DROP,demo/junk category,,
Conubia mollis flower,DROP,demo/junk category,,
Orci laore flower,DROP,demo/junk category,,
Floral Paste Flower,DROP,demo/junk category,,
Milky teddy bear,DROP,demo/junk category,,
Scarf stuffed dog,DROP,demo/junk category,,
Knitted wool doll,DROP,demo/junk category,,
White knitted teddy bear,DROP,demo/junk category,,
Brown teddy bear,DROP,demo/junk category,,
Pink bow teddy bear,DROP,demo/junk category,,
Forever Love Teddy,DROP,demo/junk category,,
Teddy bear pajamas,DROP,demo/junk category,,
Gray stuffed rabbit,DROP,demo/junk category,,
Pink bunny,DROP,demo/junk category,,
Sheep stuffed with roses,DROP,demo/junk category,,
Brown stuffed dog,DROP,demo/junk category,,
Pink Love teddy bear,DROP,demo/junk category,,
Gentleman teddy bear,DROP,demo/junk category,,
Reverse Withdrawal Payment,DROP,non-watch / no product signal,,
Pink bow teddy light,DROP,demo/junk category,,
Love Teddy Pink,DROP,demo/junk category,,
Milky bear Vendor,DROP,demo/junk category,,
Pink bunny Dummy,DROP,demo/junk category,,
Strawberry cream cake,DROP,demo/junk category,,
Chocolate covered cake,DROP,demo/junk category,,
Double layer fruit cake,DROP,demo/junk category,,
Four-layer fruit cake,DROP,demo/junk category,,
Galaxy shaped cake,DROP,demo/junk category,,
Cherry cream cake,DROP,demo/junk category,,
Four-layer chocolate cake,DROP,demo/junk category,,
Passion fruit mousse,DROP,demo/junk category,,
Hawaii Mousse cake,DROP,demo/junk category,,
Black-eyed Susan,DROP,demo/junk category,,
Desert Marigold,DROP,demo/junk category,,
Eastern Redbud,DROP,demo/junk category,,
Giant Sequoia Tree,DROP,demo/junk category,,
Kentucky Bluegrass,DROP,demo/junk category,,
Flowering Dogwood,DROP,demo/junk category,,
Japanese Maple Tree,DROP,demo/junk category,,
Red Coneflower,DROP,demo/junk category,,
Silver Birch Tree,DROP,demo/junk category,,
White Water Lily,DROP,demo/junk category,,
Northern Red Oak,DROP,demo/junk category,,
Accutron Astronaut GMT Blue Day/Night Bezel 27B202,DROP,duplicated description (shared across products),Accutron,
Accutron Astronaut LTI Grade 5 Titanium 26B204A,DROP,duplicated description (shared across products),Accutron,
Accutron Electrostatic Spaceview Evolution X Hudson Whiskey Limited Ed,DROP,duplicated description (shared across products),Accutron,
Accutron Electrostatic Spaceview Evolution 26A209,DROP,duplicated description (shared across products),Accutron,
Accutron Electrostatic Spaceview 2020 2ES6A004,DROP,duplicated description (shared across products),Accutron,
Accutron Electrostatic Spaceview 2020 2ES6A001,DROP,duplicated description (shared across products),Accutron,
Accutron Electrostatic Spaceview Evolution 26A210,DROP,duplicated description (shared across products),Accutron,
Accutron Electrostatic Spaceview Evolution 26A209,DROP,duplicated description (shared across products),Accutron,
Accutron DNA Electrostatic 2ES8A002,DROP,duplicated description (shared across products),Accutron,
Accutron Electrostatic Spaceview 2020 Yellow Gold 2ES7A001,DROP,duplicated description (shared across products),Accutron,
Accutron Electrostatic Spaceview 2020 2ES6A005A,DROP,duplicated description (shared across products),Accutron,
Accutron Electrostatic DNA Casino Limited Edition 28A208,DROP,duplicated description (shared across products),Accutron,
Accutron Electrostatic DNA Casino Limited Edition 28A207,DROP,duplicated description (shared across products),Accutron,
Accutron DNA Electrostatic 2ES8A003,DROP,duplicated description (shared across products),Accutron,
Accutron DNA Electrostatic 2ES8A001,DROP,duplicated description (shared across products),Accutron,
Accutron Electrostatic Spaceview 2020 2ES6A006,DROP,duplicated description (shared across products),Accutron,
Accutron Electrostatic Spaceview 2020 Limited Edition 2ES6A002,DROP,duplicated description (shared across products),Accutron,
Arnold & Son CTB Chronograph Stainless Steel Automatic 1CHAS.SO2A.C121,DROP,duplicated description (shared across products),,
Arnold & Son Perpetual Moon Obsidian Dial Rose Gold 1GLAR.Z01A.C154A,DROP,duplicated description (shared across products),,
Audemars Piguet Royal Oak Offshore Selfwinding Chronograph 26405CE.OO.,DROP,duplicated description (shared across products),Audemars Piguet,
Audemars Piguet Stainless Steel Royal Oak Offshore Chronograph,DROP,duplicated description (shared across products),Audemars Piguet,
Backes & Strauss Berkeley 37 Stainless Steel Diamonds BY.37.MA.D2R,DROP,duplicated description (shared across products),,
Backes & Strauss Berkeley 40 Stainless Steel BY.40.MA,DROP,duplicated description (shared across products),,
Backes & Strauss Piccadilly Steel 37 SP PC37MAD2R.ST.WRA.SP.BIC,DROP,duplicated description (shared across products),,
Backes & Strauss Piccadilly Lady Chronograph 35 PC35QZ.CC.D2R.FULL,DROP,duplicated description (shared across products),,
Backes & Strauss Piccadilly Renaissance 33 White Gold REN-PC33MMD2R.WG,DROP,duplicated description (shared across products),,
Backes & Strauss Berkeley 33 Stainless Steel Diamonds BY.33.MAD2R.D,DROP,duplicated description (shared across products),,
Backes & Strauss Lady Victoria Rose Gold LADY.VICTORIA.RG.WD,DROP,duplicated description (shared across products),,
Backes & Strauss Piccadilly Mystery Red Heart 33 PC.33.QZ.D2R.D,DROP,duplicated description (shared across products),,
Backes & Strauss Countess Victoria Citrine Rose Gold COUNTESS.VICTORIA,DROP,duplicated description (shared across products),,
Backes & Strauss Berkeley Helios Dani Alves Limited Edition DA-BY41MM.,DROP,duplicated description (shared across products),,
Baume & Mercier 20mm Yellow Gold Diamonds 18259,DROP,duplicated description (shared across products),Baume & Mercier,
Baume & Mercier Yellow Gold 24mm Diamonds MX000M87,DROP,duplicated description (shared across products),Baume & Mercier,
Breitling Navitimer Automatic GMT 41 Stainless Steel A32310,DROP,duplicated description (shared across products),Breitling,
Breitling Navitimer Automatic GMT 41 Stainless Steel A32310,DROP,duplicated description (shared across products),Breitling,
Breitling Titanium Aerospace,DROP,empty description,Breitling,
Breitling Superocean Heritage B20 Automatic 44 Stainless Steel Rose Go,DROP,duplicated description (shared across products),Breitling,
Breitling Chronomat 32 Stainless Steel A77310,DROP,duplicated description (shared across products),Breitling,
Breitling Galactic Lady 29mm Stainless Steel W72348,DROP,duplicated description (shared across products),Breitling,
Breitling Navitimer B01 Chronograph 43mm Stainless Steel AB0120,DROP,duplicated description (shared across products),Breitling,
Breitling Superocean Heritage B20 Automatic 46 Stainless Steel AB2020,DROP,duplicated description (shared across products),Breitling,
Breitling Black Titanium Emergency II 51mm,DROP,duplicated description (shared across products),Breitling,
B.R.M Chronographes Racing 46mm Titanium BT12,DROP,duplicated description (shared across products),,
B.R.M Chronographes Golf 44mm Black PVD Stainless Steel GF6-44-SA-N-AG,DROP,duplicated description (shared across products),,
Cartier Tank Louis 24mm Yellow Gold Small Model M2000,DROP,duplicated description (shared across products),Cartier,
Cartier Santos Demoiselle 20mm Rose Gold Diamonds WF9011Z8,DROP,duplicated description (shared across products),Cartier,
Cartier Santos De Cartier Stainless Steel ADLC Large Model WSSA0037,DROP,duplicated description (shared across products),Cartier,
Santos de Cartier Large Model 39.8mm Stainless Steel WSSA0062  4072,DROP,duplicated description (shared across products),Cartier,
Pasha de Cartier Seatimer 40mm Stainless Steel 2790,DROP,duplicated description (shared across products),Cartier,
Cartier 18 Karat White Gold Tank Basculante Diamond and Black Onyx Fli,DROP,duplicated description (shared across products),Cartier,
Cvstos Re-Belle Sakura Rose Gold Diamonds D00108.3628001,DROP,duplicated description (shared across products),Cvstos,
Cvstos Sealiner PS Sapphire Turquoise Limited Edition C00103.4183002,DROP,duplicated description (shared across products),Cvstos,
Cvstos Challenge Chrono GMT Black Steel / Pistachio Limited Editon B01,DROP,duplicated description (shared across products),Cvstos,
Cvstos Sealiner PS Sapphire Turquoise Limited Edition C00103.4183002,DROP,duplicated description (shared across products),Cvstos,
Cvstos Challenge Chronograph-S Blue Steel B00107.4103001,DROP,duplicated description (shared across products),Cvstos,
Cvstos Metropolitan PS Titanium / SQLT Green Limited Edition F00103.42,DROP,duplicated description (shared across products),Cvstos,
Cvstos Chronograph-S Chrono Grey Brancard Black Titanium / Blue B00107,DROP,duplicated description (shared across products),Cvstos,
Cvstos Chrono Sprint Titanium / Blue Limited Edition B00107.4112002,DROP,duplicated description (shared across products),Cvstos,
Cvstos Sealiner PS Navy Blue / Steel C00103.4506002,DROP,duplicated description (shared across products),Cvstos,
Cvstos Metropolitan PS Sapphire / SQLT Green Limited Edition F00103.42,DROP,duplicated description (shared across products),Cvstos,
Cvstos Chrono Black Steel / Black-Red Chronograph-S B00107.4102004,DROP,duplicated description (shared across products),Cvstos,
Cvstos Jetliner PS Grey Brancard Grey Titanium / 5N A00103.4114001,DROP,duplicated description (shared across products),Cvstos,
Ernst Benz Chronolunar Automatic 40mm Stainless Steel 20300,DROP,duplicated description (shared across products),Ernst Benz,
Ernst Benz Traditional Jewel Chronosport 36MM Automatic GC30213D,DROP,duplicated description (shared across products),Ernst Benz,
Ernst Benz Chronolunar Automatic 47mm GC10311,DROP,duplicated description (shared across products),Ernst Benz,
Ernst Benz Chronolunar Officer 47mm GC10382,DROP,duplicated description (shared across products),Ernst Benz,
Ernst Benz Chronolunar DLC 44MM Automatic GC40311-DLC,DROP,duplicated description (shared across products),Ernst Benz,
Ernst Benz Chronolunar Officer GC10383,DROP,duplicated description (shared across products),Ernst Benz,
Ernst Benz Chronolunar GC20311,DROP,duplicated description (shared across products),Ernst Benz,
Ernst Benz Stainless Steel Chronolunar GC40312,DROP,duplicated description (shared across products),Ernst Benz,
Ernst Benz Stainless Steel Chronolunar GC40318,DROP,duplicated description (shared across products),Ernst Benz,
Ernst Benz Chronolunar Officer GC10318,DROP,duplicated description (shared across products),Ernst Benz,
Ernst Benz Chronolunar Officer 47mm GC10382,DROP,duplicated description (shared across products),Ernst Benz,
Ernst Benz Chronolunar 47MM Automatic GC10312,DROP,duplicated description (shared across products),Ernst Benz,
Ernst Benz Chronolunar Officer GC10384,DROP,duplicated description (shared across products),Ernst Benz,
Ernst Benz Chronojewel Diamonds 36MM Automatic GC30242D,DROP,duplicated description (shared across products),Ernst Benz,
Ernst Benz Chronolunar Officer,DROP,duplicated description (shared across products),Ernst Benz,
Ernst Benz ChronoSport Automatic 47mm 10200,DROP,duplicated description (shared across products),Ernst Benz,
Ernst Benz Chronolunar Officer GC40381,DROP,duplicated description (shared across products),Ernst Benz,
Ernst Benz Chronolunar Officer GC40382,DROP,duplicated description (shared across products),Ernst Benz,
Franck Muller Master Square 32.7mm Stainless Steel Quartz 6002MQZVOACE,DROP,duplicated description (shared across products),Franck Muller,
Franck Muller Cintree Curvex Classic 29mm Stainless Steel Diamonds 750,DROP,duplicated description (shared across products),Franck Muller,
Franck Muller Cintree Curvex 40mm Black Croco 8880 SC BLK CRO,DROP,duplicated description (shared across products),Franck Muller,
Franck Muller Vanguard 25TH Anniversary Limited Edition 45MM V45CCBRTT,DROP,duplicated description (shared across products),Franck Muller,
Franck Muller Skafander 43MM Titanium Automatic SKF43SCTTNRBRNR,DROP,duplicated description (shared across products),Franck Muller,
Franck Muller Vanguard Black Cobra 44MM Automatic V45SCBLKCOBACCOB,DROP,duplicated description (shared across products),Franck Muller,
Franck Muller Vanguard Master Banker 44MM Triple Time Zone V45MBSCDTNR,DROP,duplicated description (shared across products),Franck Muller,
Franck Muller Vanguard Full Back 45MM Titanium Automatic V45SCLCKMCBNT,DROP,duplicated description (shared across products),Franck Muller,
Franck Muller Vanguard Racing 44MM Automatic V45SCRCGVLACB,DROP,duplicated description (shared across products),Franck Muller,
Franck Muller Vanguard Grande Date 44MM Titanium Automatic V45CCGDSQTB,DROP,duplicated description (shared across products),Franck Muller,
Franck Muller Vanguard Racing Miami 44MM Automatic V45SCRCGMIAMLTDBLAC,DROP,duplicated description (shared across products),Franck Muller,
Franck Muller Vanguard Crazy Hours Hom Nguyen 44MM Automatic V45CHHNLT,DROP,duplicated description (shared across products),Franck Muller,
Franck Muller Vanguard Crazy Hours 44MM Automatic V45CHACBRNRGR,DROP,duplicated description (shared across products),Franck Muller,
Franck Muller Vanguard Color Dreams 32MM Stainless Steel Quartz V32QZD,DROP,duplicated description (shared across products),Franck Muller,
Franck Muller Vanguard Classic 32MM Stainless Steel Quartz V32QZDACE-P,DROP,duplicated description (shared across products),Franck Muller,
Franck Muller Vanguard Classic 35MM Stainless Steel Quartz V35QZDCDACD,DROP,duplicated description (shared across products),Franck Muller,
Franck Muller Vanguard Color Dreams 32MM Stainless Steel Quartz V32QZD,DROP,duplicated description (shared across products),Franck Muller,
Franck Muller Vanguard Classic 32MM Stainless Steel Quartz V32QZDACER,DROP,duplicated description (shared across products),Franck Muller,
Franck Muller Vanguard Classic 32MM Rose Gold Quartz V32QZD5NE-PR,DROP,duplicated description (shared across products),Franck Muller,
Franck Muller Vanguard Color Dreams 32MM Stainless Steel Quartz V32QZD,DROP,duplicated description (shared across products),Franck Muller,
Franck Muller Vanguard Classic 32MM Stainless Steel Quartz V32QZDCDACD,DROP,duplicated description (shared across products),Franck Muller,
Franck Muller Vanguard New Tone Diamonds V35S6SQTNRMVTNTBLDAC,DROP,duplicated description (shared across products),Franck Muller,
Franck Muller Vanguard Colorado Grand Limited Edition V45SCRCGCOVRTTBR,DROP,duplicated description (shared across products),Franck Muller,
Franck Muller Vanguard Yachting Microblasted Ceramic V45SCYACHTCRNRMCW,DROP,duplicated description (shared across products),Franck Muller,
Franck Muller Vanguard Colorado Grand Limited Edition V45SCRCGCOERACSI,DROP,duplicated description (shared across products),Franck Muller,
Franck Muller Vanguard Lady Slim Vintage 35mm Rose Gold Automatic V35S,DROP,duplicated description (shared across products),Franck Muller,
Franck Muller Vanguard 44MM Forged Carbon Automatic V45SCCBNRCARBBL,DROP,duplicated description (shared across products),Franck Muller,
Franck Muller Vanguard 44MM Forged Carbon Automatic V45SCCBNRCARBRGE,DROP,duplicated description (shared across products),Franck Muller,
Franck Muller Curvex CX Classic 40mm Stainless Steel Automatic CX40SCA,DROP,duplicated description (shared across products),Franck Muller,
Franck Muller Vanguard Yachting 44mm Stainless Steel Automatic V45SCYA,DROP,duplicated description (shared across products),Franck Muller,
Franck Muller Vanguard 44mm Black Titanium V45SCBRNRTTCB-R,DROP,duplicated description (shared across products),Franck Muller,
Franck Muller Curvex CX Classic 40MM Stainless Steel CX40SCAC5NE,DROP,duplicated description (shared across products),Franck Muller,
Franck Muller Vanguard Racing 44mm Stainless Steel Automatic V45SCRCGV,DROP,duplicated description (shared across products),Franck Muller,
Franck Muller Vanguard Racing 45MM Forged Carbon Automatic V45SCRCGKRY,DROP,duplicated description (shared across products),Franck Muller,
Franck Muller Vanguard Yachting 45mm Ceramic Automatic V45SCYACHTCRBLB,DROP,duplicated description (shared across products),Franck Muller,
Franck Muller Vanguard Yachting Rose Gold V45SCYACHT5NBL,DROP,duplicated description (shared across products),Franck Muller,
Franck Muller Vanguard Yachting 41mm Stainless Steel V41SCYACHTACBL,DROP,duplicated description (shared across products),Franck Muller,
Franck Muller Cintree Curvex Color Dreams 2852QZDPCODRACBACE,DROP,duplicated description (shared across products),Franck Muller,
Franck Muller Vanguard Slim Automatic V45SATFOACNRB,DROP,duplicated description (shared across products),Franck Muller,
Franck Muller Vanguard Yachting Ceramic V45SCYACHCRBLMCBLOR,DROP,duplicated description (shared across products),Franck Muller,
Franck Muller Vanguard Colorado Grand 41mm Limited Edition V41SS6AT100,DROP,duplicated description (shared across products),Franck Muller,
Franck Muller Vanguard Colorado Grand 41mm Limited Edition V41SS6AT100,DROP,duplicated description (shared across products),Franck Muller,
Franck Muller Cintree Curvex 31MM 2852QZDPACBACE,DROP,duplicated description (shared across products),Franck Muller,
Franck Muller Vanguard Bill Auberlen Skeleton 44mm Carbon V45SCSQTRCGB,DROP,duplicated description (shared across products),Franck Muller,
Franck Muller Vanguard Racing Bill Auberlen Edition 44mm V45SCSQTRCGBA,DROP,duplicated description (shared across products),Franck Muller,
Franck Muller Color Dreams Diamonds V35QZDCDCODRACD,DROP,duplicated description (shared across products),Franck Muller,
Franck Muller Vanguard Racing Krypton 2 Carbon 45MM V45SCRCGKRY2BLCBNR,DROP,duplicated description (shared across products),Franck Muller,
Franck Muller Vanguard Krypton Forged Carbon V45SCKRYVECBNR,DROP,duplicated description (shared across products),Franck Muller,
Franck Muller Vanguard Bill Auberlen Skeleton Rose Gold V45SCSQTRCGBA5,DROP,duplicated description (shared across products),Franck Muller,
Franck Muller Vanguard Racing Skeleton V 45 SC DT SQT RCG TT BR NR,DROP,duplicated description (shared across products),Franck Muller,
Stainless Steel Franck Muller Vanguard Blue Master Banker,DROP,duplicated description (shared across products),Franck Muller,
Franck Muller Vanguard Lady,DROP,duplicated description (shared across products),Franck Muller,
Franck Muller Cintrée Curvex 29mm Stainless Steel Quartz 7502QZACBACE,DROP,duplicated description (shared across products),Franck Muller,
Franck Muller Vanguard Classic 45mm Automatic Titanium V45SCBRTTB,DROP,duplicated description (shared across products),Franck Muller,
Franck Muller Curvex 29MM Stainless Steel Quartz 7502QZRELACBACE,DROP,duplicated description (shared across products),Franck Muller,
Franck Muller Galet Classic 28.75mm Stainless Steel Quartz 3002LQZRD3A,DROP,duplicated description (shared across products),Franck Muller,
Frederique Constant Highlife Tourbillon Perpetual Calendar FC-975N4NH6,DROP,duplicated description (shared across products),Frederique Constant,
Frederique Constant Manufacture Classic Moonphase Date FC-716GR3H6,DROP,duplicated description (shared across products),Frederique Constant,
Frederique Constant Slimline Ladies FC-220LPD1SD26B,DROP,duplicated description (shared across products),Frederique Constant,
Frederique Constant Classics Carrée Small Seconds Diamonds FC-235S2CD6,DROP,duplicated description (shared across products),Frederique Constant,
Frederique Constant Manufacture Classic Date FC-706SAL3H6,DROP,duplicated description (shared across products),Frederique Constant,
Frederique Constant Manufacture Classic Moonphase Date FC-716S3H6,DROP,duplicated description (shared across products),Frederique Constant,
Frederique Constant Classics Heart Beat Automatic FC-311S4C24,DROP,duplicated description (shared across products),Frederique Constant,
Frederique Constant Classics Runabout Automatic Limited Edition FC-303,DROP,duplicated description (shared across products),Frederique Constant,
Frederique Constant Classics Heart Beat Automatic FC-311N4C26,DROP,duplicated description (shared across products),Frederique Constant,
Frederique Constant Manufacture Classic Tourbillon Limited Edition FC-,DROP,duplicated description (shared across products),Frederique Constant,
Frederique Constant Highlife Ladies Automatic FC-303LP2NH6B,DROP,duplicated description (shared across products),Frederique Constant,
Frederique Constant Classic Power Reserve Big Date Limited Edition FC-,DROP,duplicated description (shared across products),Frederique Constant,
Frederique Constant Slimline Ladies FC-220LBD1SD26B,DROP,duplicated description (shared across products),Frederique Constant,
Frederique Constant Classics Heart Beat Moonphase Date FC-335MCGRW4P26,DROP,duplicated description (shared across products),Frederique Constant,
Frederique Constant Highlife Ladies Automatic FC-303PD2NH6B,DROP,duplicated description (shared across products),Frederique Constant,
Frederique Constant Highlife Ladies Quartz FC-240VD2NH3B,DROP,duplicated description (shared across products),Frederique Constant,
Frederique Constant Classics Runabout Automatic Limited Edition FC-303,DROP,duplicated description (shared across products),Frederique Constant,
Frederique Constant Highlife Ladies Quartz FC-240LND2NH6B,DROP,duplicated description (shared across products),Frederique Constant,
Frederique Constant Highlife Automatic COSC FC-303N4NH6B,DROP,duplicated description (shared across products),Frederique Constant,
Frederique Constant Highlife Heart Beat Automatic FC-310N4NH6B,DROP,duplicated description (shared across products),Frederique Constant,
Frederique Constant Highlife Automatic COSC FC-303G3NH6B,DROP,duplicated description (shared across products),Frederique Constant,
Frederique Constant Highlife Ladies Automatic FC-303LPD2NH6B,DROP,duplicated description (shared across products),Frederique Constant,
Frederique Constant Highlife Ladies Quartz FC-240MPWD2NHD2B-SS,DROP,duplicated description (shared across products),Frederique Constant,
Frederique Constant Highlife Ladies Heart Beat Automatic FC-310VD2NH2B,DROP,duplicated description (shared across products),Frederique Constant,
Frederique Constant Highlife Automatic COSC 39mm FC-303BBG3NH6B,DROP,duplicated description (shared across products),Frederique Constant,
Frederique Constant Highlife Automatic COSC FC-303V4NH2B,DROP,duplicated description (shared across products),Frederique Constant,
Frederique Constant Highlife Ladies Quartz FC-240LND2NH6B,DROP,duplicated description (shared across products),Frederique Constant,
Frederique Constant Highlife Ladies Quartz FC-240VD2NH3B,DROP,duplicated description (shared across products),Frederique Constant,
Frederique Constant Classics Runabout Automatic Limited Edition FC-303,DROP,duplicated description (shared across products),Frederique Constant,
Frederique Constant Highlife Heart Beat Automatic FC-310B4NH6B,DROP,duplicated description (shared across products),Frederique Constant,
Frederique Constant Highlife Automatic COSC FC-303C3NH6B,DROP,duplicated description (shared across products),Frederique Constant,
Frederique Constant Classics Runabout Automatic Limited Edition FC-303,DROP,duplicated description (shared across products),Frederique Constant,
Frederique Constant Highlife Automatic COSC FC-303N4NH6B,DROP,duplicated description (shared across products),Frederique Constant,
Frederique Constant Highlife Ladies Quartz FC-240VD2NH3B,DROP,duplicated description (shared across products),Frederique Constant,
Frederique Constant Highlife Automatic COSC FC-303BL3NH6B,DROP,duplicated description (shared across products),Frederique Constant,
Frederique Constant Highlife Ladies Quartz FC-240CD2NH2B,DROP,duplicated description (shared across products),Frederique Constant,
Frederique Constant Highlife Automatic COSC FC-303S3NH26B,DROP,duplicated description (shared across products),Frederique Constant,
Frederique Constant Highlife Automatic COSC FC-303GRS3NH6B,DROP,duplicated description (shared across products),Frederique Constant,
Frederique Constant Highlife Automatic COSC FC-303BLS3NH6B,DROP,duplicated description (shared across products),Frederique Constant,
Frederique Constant Manufacture Classic Power Reserve Big Date FC-735S,DROP,duplicated description (shared across products),Frederique Constant,
Frederique Constant Slimline Moonphase Stars FC-701NSD3SD4,DROP,duplicated description (shared across products),Frederique Constant,
Frederique Constant Slimline FC-220MPBD1S26B,DROP,duplicated description (shared across products),Frederique Constant,
Frederique Constant Classics Elegance FC-331MPWD3B6,DROP,duplicated description (shared across products),Frederique Constant,
Frederique Constan Highlife Chronograph Automatic FC-391SB4NH6B,DROP,duplicated description (shared across products),,
Frederique Constant Classics Heart Beat Manufacture Limited Edition FC,DROP,duplicated description (shared across products),Frederique Constant,
Frederique Constant Classics Worldtimer Manufacture Limited Edition FC,DROP,duplicated description (shared across products),Frederique Constant,
Frederique Constant Heart Beat Automatic Ladies Diamonds FC-310HBAD2PD,DROP,duplicated description (shared across products),Frederique Constant,
Frederique Constant Classics Premiere FC-301DGR3B6,DROP,duplicated description (shared across products),Frederique Constant,
Frederique Constant Classics Automatic FC-303SS5B2B,DROP,duplicated description (shared across products),Frederique Constant,
Frederique Constant Slimline Moonphase Manufacture FC-705V4S4,DROP,duplicated description (shared across products),Frederique Constant,
Frederique Constant Classics Worldtimer Manufacture Globetrotter FC-71,DROP,duplicated description (shared across products),Frederique Constant,
Frederique Constant Classics Index Business Timer FC-270N4P6B,DROP,duplicated description (shared across products),Frederique Constant,
Frederique Constant Classics Carrée Ladies FC-200MPDC14B,DROP,duplicated description (shared across products),Frederique Constant,
Frederique Constant Classics Moon And Stars FC-220NSD3BD4,DROP,duplicated description (shared across products),Frederique Constant,
Frederique Constant Classics Heart Beat Automatic Limited Edition FC-9,DROP,duplicated description (shared across products),Frederique Constant,
Frederique Constant Classics Quartz FC-220NS5B6B,DROP,duplicated description (shared across products),Frederique Constant,
Frederique Constant Highlife Heart Beat FC-310B4NH6B,DROP,duplicated description (shared across products),Frederique Constant,
Frederique Constant Vintage Rally Healey Chronograph Automatic FC-397H,DROP,duplicated description (shared across products),Frederique Constant,
Frederique Constant Highlife Ladies Quartz FC-240LND2NH26B,DROP,duplicated description (shared across products),Frederique Constant,
Frederique Constant Stainless Steel Slimline Perpetual Calendar FC-775,DROP,duplicated description (shared across products),Frederique Constant,
Frederique Constant Classics Index Automatic FC-303NS5B6,DROP,duplicated description (shared across products),Frederique Constant,
Frederique Constant Classics Quartz FC-220MN3BD6B,DROP,duplicated description (shared across products),Frederique Constant,
Frederique Constant Classics Carrée FC-200MCD15,DROP,duplicated description (shared across products),Frederique Constant,
Girard-Perregaux Laureato 42MM 81010-11-3153-1CM,DROP,duplicated description (shared across products),Girard-Perregaux,
Girard-Perregaux Vintage 1945 Stainless Steel 2591,DROP,duplicated description (shared across products),Girard-Perregaux,
Girard-Perregaux Laureato Chronograph TI49 42MM Titanium 81020-21-3263,DROP,duplicated description (shared across products),Girard-Perregaux,
Girard-Perregaux Laureato Neo Bridges Earth to Sky Edition 84000-21-63,DROP,duplicated description (shared across products),Girard-Perregaux,
Girard-Perregaux Laureato Absolute 8Tech Chronograph 81060-41-3222-1CX,DROP,duplicated description (shared across products),Girard-Perregaux,
Girard-Perregaux Laureato 42MM 81010-11-431-11A,DROP,duplicated description (shared across products),Girard-Perregaux,
Girard-Perregaux Laureato Chronograph 42MM 81020-11-131-11A,DROP,duplicated description (shared across products),Girard-Perregaux,
Girard-Perregaux Laureato 42MM 81010-11-431-11A,DROP,duplicated description (shared across products),Girard-Perregaux,
Girard-Perregaux Laureato 38mm White Ceramic Diamonds 81005D82A732-FK7,DROP,duplicated description (shared across products),Girard-Perregaux,
Girard-Perregaux Laureato Chronograph 42MM 81020-11-631-11A,DROP,duplicated description (shared across products),Girard-Perregaux,
Girard-Perregaux Free Bridge 82000-11-631-FA6A,DROP,duplicated description (shared across products),Girard-Perregaux,
Girard-Perregaux Laureato Chronograph 42MM 81020-11-431-11A,DROP,duplicated description (shared across products),Girard-Perregaux,
Girard-Perregaux Laureato Absolute Rock 81060-36-691-FH6A,DROP,duplicated description (shared across products),Girard-Perregaux,
Girard-Perregaux 1966 30mm Stainless Steel 49528D11A172-11A,DROP,duplicated description (shared across products),Girard-Perregaux,
Girard-Perregaux Laureato Absolute 81065-21-491-FH6A,DROP,duplicated description (shared across products),Girard-Perregaux,
Girard-Perregaux Cat's Eye Lotus 35.4mm 80488D11A701-HK7B,DROP,duplicated description (shared across products),Girard-Perregaux,
Girard-Perregaux 1966 Full Calendar Rose Gold 49535-52-151-BK6A,DROP,duplicated description (shared across products),Girard-Perregaux,
Girard-Perregaux Laureato 42MM 81010-32-631-32A,DROP,duplicated description (shared across products),Girard-Perregaux,
Glashutte Original Pavonina Quartz 31mm Stainless Steel 1-03-01-10-12-,DROP,duplicated description (shared across products),Glashutte,
Graham Silverstone RS Skeleton Black / Gold ZSTAB.BO9A,DROP,duplicated description (shared across products),,
Graham Chronofighter Black Dail 2CXAS.B01A.L23S.309,DROP,duplicated description (shared across products),,
Hublot Spirit of Big Bang King Gold Ceramic 45mm 601.OM.0183.LR,DROP,duplicated description (shared across products),Hublot,
Hublot Big Bang Ferrari Carbon Red Magic Limited Edition 401.QX.0123.V,DROP,duplicated description (shared across products),Hublot,
Hublot Classic Fusion Ceramic Blue Chronograph 45MM 521.CM.7170.LR,DROP,duplicated description (shared across products),Hublot,
Hublot Stainless Steel Big Bang One Click with Diamond Bezel,DROP,duplicated description (shared across products),Hublot,
Hublot Black Ceramic Big Bang King Power Unico GMT 48mm,DROP,duplicated description (shared across products),Hublot,
Hublot Spirit of Big Bang King Gold Ceramic 45mm 601.OM.0183.LR,DROP,duplicated description (shared across products),Hublot,
Hublot Big Bang Ferrari Carbon Red Magic Limited Edition 401.QX.0123.V,DROP,duplicated description (shared across products),Hublot,
Hublot Classic Fusion Ceramic Blue Chronograph 45MM 521.CM.7170.LR,DROP,duplicated description (shared across products),Hublot,
Hublot Stainless Steel Big Bang One Click with Diamond Bezel,DROP,duplicated description (shared across products),Hublot,
Hublot Black Ceramic Big Bang King Power Unico GMT 48mm,DROP,duplicated description (shared across products),Hublot,
IWC Stainless Steel Portofino Moonphase 46mm,DROP,duplicated description (shared across products),IWC,
IWC Bronze Pilots Chronograph Watch 41mm,DROP,duplicated description (shared across products),IWC,
IWC Big Pilot's Perpetual Calendar Edition 'Top Gun' 48mm Automatic IW,DROP,duplicated description (shared across products),IWC,
IWC Pilot's Chronograph Top Gun Edition 44.5mm Ceramic IW389101,DROP,duplicated description (shared across products),IWC,
IWC Pilot's Watch Mark XVI Automatic 40mm Stainless Steel IW325501,DROP,duplicated description (shared across products),IWC,
IWC Stainless Steel Portofino Moonphase 46mm,DROP,duplicated description (shared across products),IWC,
IWC 18 Karat Rose Gold Portuguese Perpetual Calendar,DROP,duplicated description (shared across products),IWC,
IWC Platinum Portugieser Minute Repetition,DROP,duplicated description (shared across products),IWC,
Jaeger LeCoultre Reverso Gran'Sport Duo Yellow Gold 295.1.51,DROP,duplicated description (shared across products),,
Jaeger-LeCoultre Stainless Steel Master Ultra Thin Moonphase 39mm,DROP,duplicated description (shared across products),Jaeger-LeCoultre,
Junghans Meister Chronoscope 27/4525.00,DROP,duplicated description (shared across products),Junghans,
Junghans Pilot Chronoscope USA Edition 27/3395.00,DROP,duplicated description (shared across products),Junghans,
Junghans Pilot Chronoscope Automatic 27/3492.00,DROP,duplicated description (shared across products),Junghans,
Junghans Meister S Automatic 27/4210.44,DROP,duplicated description (shared across products),Junghans,
Junghans Pilot Automatic 27/4490.00,DROP,duplicated description (shared across products),Junghans,
Junghans Meister Fein Chronoscope MEGA Solar 59/4200.00,DROP,duplicated description (shared across products),Junghans,
Junghans FORM A Chronoscope English Date 27/4371.01,DROP,duplicated description (shared across products),Junghans,
Junghans Pilot Chronoscope USA Edition 27/3395.00,DROP,duplicated description (shared across products),Junghans,
Junghans Meister Chronoscope English Date Automatic 27/4429.47,DROP,duplicated description (shared across products),Junghans,
Junghans Pilot Chronoscope Desert 27/3398.00,DROP,duplicated description (shared across products),Junghans,
Junghans Pilot Automatic Navy Blue 27/4397.00,DROP,duplicated description (shared across products),Junghans,
Junghans Max Bill Chronoscope Bauhaus 27/4303.02,DROP,duplicated description (shared across products),Junghans,
Junghans Max Bill Handaufzug 27/3701.02,DROP,duplicated description (shared across products),Junghans,
Junghans Meister S Chronoscope Limited Edition 27/4025.01,DROP,duplicated description (shared across products),Junghans,
Junghans Meister Chronoscope Automatic 27/4222.02,DROP,duplicated description (shared across products),Junghans,
Junghans Max Bill Edition Set Kleine & Chronoscope 27/4018.03,DROP,duplicated description (shared across products),Junghans,
Junghans Meister Max Bill Automatic 27/4701.00,DROP,duplicated description (shared across products),Junghans,
Locman Montecristo Chronograph Automatic 44mm 0516M08S-00WHBKPN,DROP,duplicated description (shared across products),Locman,
Locman Island Quartz 40mm 0613A19S-00PTWHSL,DROP,duplicated description (shared across products),Locman,
Locman Mare 300 MT Chrono Quartz 44mm 0560M01R-0RBKRGSK2,DROP,duplicated description (shared across products),Locman,
Locman Montecristo Automatic 42mm 0537K01S-BKBKORSK,DROP,duplicated description (shared across products),Locman,
Locman Sport Anniversary Chronograph 37mm 0472L22S-LLT0SKCB,DROP,duplicated description (shared across products),Locman,
Locman Ducati Chronograph 42mm D106A07S-00GYYPKY,DROP,duplicated description (shared across products),Locman,
Locman Ducati Chronograph 42mm D105A01S-00BKRPKR,DROP,duplicated description (shared across products),Locman,
Locman Stealth 300 MT Chronograph 46mm 0217V1-0KBKNKS2K,DROP,duplicated description (shared across products),Locman,
Locman Island Quartz 40mm 07S-00GYRDSR,DROP,duplicated description (shared across products),Locman,
Locman 1960 Moonphase 41mm 0256A05A-00AVNKPB,DROP,duplicated description (shared across products),Locman,
Locman Sport Anniversary Chronograph 37mm 040L01S-LLBKSKCS,DROP,duplicated description (shared across products),Locman,
Locman Nuovo Mare Quartz 39mm 0558M14R-0RMWRGB0,DROP,duplicated description (shared across products),Locman,
Locman Montecristo Automatic 42mm 0537A01S-00BKGRSK,DROP,duplicated description (shared across products),Locman,
Locman Sport Anniversary Chronograph 37mm 0472L22S-LLTOGRCG,DROP,duplicated description (shared across products),Locman,
Locman Stealth Lady 33mm 0804R01R-RRBKRGPK,DROP,duplicated description (shared across products),Locman,
Locman Montecristo Chronograph 44mm 051000BKFOR0GOK,DROP,duplicated description (shared across products),Locman,
Locman Montecristo Automatic 41mm 0541A02S-00BLWHPB,DROP,duplicated description (shared across products),Locman,
Locman Ducati Automatic 42mm D104A09S-00CBIPKR,DROP,duplicated description (shared across products),Locman,
Locman Stealth 300 MT Automatic 46mm 0215V3-0KBLNKS2B,DROP,duplicated description (shared across products),Locman,
Locman Nuovo Mare Quartz 39mm 0558A07S-00GYFXSF,DROP,duplicated description (shared across products),Locman,
Locman 1960 Automatic 42mm 0255R02R-RRBLRGPB,DROP,duplicated description (shared across products),Locman,
Locman Island Chrono Quartz 40mm 0618B02S-BLBLWHSB,DROP,duplicated description (shared across products),Locman,
Locman Montecristo Automatic 42MM 0537A01S-00BKSKB0,DROP,duplicated description (shared across products),Locman,
Locman Sport Anniversary 37mm 0471L01S-LLBKORCO,DROP,duplicated description (shared across products),Locman,
Locman Ducati Chronograph 42mm D107A09S-00CBIPKR,DROP,duplicated description (shared across products),Locman,
Locman Stealth 300 MT Automatic 46mm 0216V4-CBCB5N0S2K,DROP,duplicated description (shared across products),Locman,
Locman Montecristo Chronograph 41mm 0542A01S-00BKORPK,DROP,duplicated description (shared across products),Locman,
Locman Ducati D106A01S-00BKRSIK,DROP,duplicated description (shared across products),Locman,
Omega Seamaster Diver 300M 42mm Stainless Steel Yellow Gold 210.22.42.,DROP,duplicated description (shared across products),Omega,
Omega Seamaster Automatic 34MM Rose Gold 14704-3,KEEP,,Omega,YES
"Omega Seamaster Diver 300m 44mm ""36th America's Cup & Auckland 2021""",DROP,duplicated description (shared across products),Omega,
Omega Speedmaster Mark IV 41mm Chronograph Stainless Steel 176.0012,DROP,duplicated description (shared across products),Omega,
Omega Seamaster 300 41mm Stainless Steel 233.30.41.21.01.001 >>>535-15,DROP,duplicated description (shared across products),Omega,
Omega Seamaster Planet Ocean 600M GMT 43.5MM 215.33.44.22.01.001,DROP,duplicated description (shared across products),Omega,
Omega Speedmaster Moonwatch Professional Chronograph 42MM Gold 310.63.,DROP,duplicated description (shared across products),Omega,
Omega Speedmaster Dark Side Of The Moon 44.25MM Black Ceramic 311.92.4,DROP,duplicated description (shared across products),Omega,
Omega Speedmaster '57 Chronograph 40.5mm Stainless Steel 332.10.41.51.,DROP,duplicated description (shared across products),Omega,
Omega Seamaster Aqua Terra 150M Small Seconds 38MM 220.10.38.20.10.001,DROP,duplicated description (shared across products),Omega,
Omega Constellation 41MM Stainless Steel 131.33.41.21.06.001,DROP,duplicated description (shared across products),Omega,
Omega Speedmaster Dark Side Of The Moon 44.25MM Black Ceramic 311.92.4,DROP,duplicated description (shared across products),Omega,
Omega Speedmaster Moonwatch Professional 42MM Canopus Gold 310.60.42.5,DROP,duplicated description (shared across products),Omega,
Omega Constellation 28MM Stainless Steel Yellow Gold 131.20.28.60.05.0,DROP,duplicated description (shared across products),Omega,
Omega Speedmaster Moonwatch Professional Chronograph 42MM 145.0022,DROP,duplicated description (shared across products),Omega,
Omega Specialties Paris 2024 39MM Bronze Gold Edition 522.92.39.21.99.,DROP,duplicated description (shared across products),Omega,
Omega Speedmaster Moonwatch Professional 42MM Sedna Gold Steel 310.20.,DROP,duplicated description (shared across products),Omega,
Omega Seamaster Aqua Terra 150M 38MM Stainless Steel 220.10.38.20.01.0,DROP,duplicated description (shared across products),Omega,
Omega Seamaster Aqua Terra Shades 38MM Stainless Steel 220.10.38.20.13,DROP,duplicated description (shared across products),Omega,
Omega Seamaster Diver 300M 42MM Stainless Steel PARIS 2024  522.21.42.,DROP,duplicated description (shared across products),Omega,
Omega Seamaster Aqua Terra Shades 38MM Gold Stainless Steel 220.20.38.,DROP,duplicated description (shared across products),Omega,
Omega Seamaster Diver 300M 42MM Stainless Steel PARIS 2024  522.21.42.,DROP,duplicated description (shared across products),Omega,
Omega Seamaster Aqua Terra 150M 41MM Stainless Steel 220.10.41.21.03.0,DROP,duplicated description (shared across products),Omega,
Omega Constellation 41MM Stainless Steel 131.30.41.21.99.003,DROP,duplicated description (shared across products),Omega,
Omega Seamaster Planet Ocean 600M 43.5MM Titanium 215.92.44.21.99.001,DROP,duplicated description (shared across products),Omega,
Omega Seamaster Aqua Terra Shades 38MM Stainless Steel 220.10.38.20.10,DROP,duplicated description (shared across products),Omega,
Omega Seamaster Diver 300M 42MM Summer Blue 210.32.42.20.03.002,DROP,duplicated description (shared across products),Omega,
Omega Necklace in Gold,DROP,non-watch / no product signal,Omega,
Omega Seamaster Aqua Terra Shades 38MM Stainless Steel 220.10.38.20.09,DROP,duplicated description (shared across products),Omega,
Omega Seamaster Aqua Terra 150M 41MM Stainless Steel 220.10.41.21.03.0,DROP,duplicated description (shared across products),Omega,
Omega Speed Master Moonphase Blue Side Of The Moon 44.25MM Ceramic 304,DROP,duplicated description (shared across products),Omega,
Omega Seamaster Aqua Terra 43MM 150M Worldtimer Stainless Steel 220.30,DROP,duplicated description (shared across products),Omega,
Omega Seamaster Aqua Terra 150M 34MM Diamonds 220.20.34.20.59.001,DROP,duplicated description (shared across products),Omega,
Omega Seamaster Diver 300M 44MM 210.32.44.51.01.001,DROP,duplicated description (shared across products),Omega,
Omega Aqua Terra 150M 28MM 220.10.28.60.53.001,DROP,duplicated description (shared across products),Omega,
Omega De Ville Prestige 39.5MM 424.13.40.20.02.005,DROP,duplicated description (shared across products),Omega,
Omega Seamaster Diver 300M 42MM Sedna Gold 210.62.42.20.03.001,DROP,duplicated description (shared across products),Omega,
Omega Seamaster Aqua Terra 150M 38MM Stainless Steel 220.13.38.20.02.0,DROP,duplicated description (shared across products),Omega,
Omega Seamaster Diver 300M 43.5MM Black Ceramic 210.92.44.20.01.002,DROP,duplicated description (shared across products),Omega,
Omega Seamaster Aqua Terra 150M 41MM 220.52.41.21.03.001,DROP,duplicated description (shared across products),Omega,
Omega De Ville Prestige 39.5MM Yellow Gold 424.53.40.20.02.002,DROP,duplicated description (shared across products),Omega,
Omega De Ville Tresor 39MM Stainless Steel Diamonds 428.17.39.60.01.00,DROP,duplicated description (shared across products),Omega,
Omega Speedmaster Moonwatch Professional Chronograph 42MM 310.30.42.50,DROP,duplicated description (shared across products),Omega,
Omega Speedmaster Chronoscope Chronograph 43MM 329.30.43.51.02.002,DROP,duplicated description (shared across products),Omega,
Omega Speedmaster Chronoscope Chronograph 43MM 329.30.43.51.03.001,DROP,duplicated description (shared across products),Omega,
Omega Constellation Globemaster Annual Calendar 41MM Rose Gold 130.53.,DROP,duplicated description (shared across products),Omega,
Omega Seamaster Diver 300M 42MM 210.30.42.20.06.001,DROP,duplicated description (shared across products),Omega,
Omega Constellation Quartz 27MM Stainless Steel 123.10.27.60.55.003,DROP,duplicated description (shared across products),Omega,
Omega Constellation Quartz 28MM 131.10.28.60.03.001,DROP,duplicated description (shared across products),Omega,
Omega Seamaster Diver 300M 42MM 210.22.42.20.01.002,DROP,duplicated description (shared across products),Omega,
Omega Constellation Quartz 28MM 131.10.28.60.11.001,DROP,duplicated description (shared across products),Omega,
Omega Seamaster 300 Heritage 41MM 234.30.41.21.03.001,DROP,duplicated description (shared across products),Omega,
Omega Seamaster 300 41MM Stainless Steel 234.30.41.21.01.001,DROP,duplicated description (shared across products),Omega,
Omega Seamaster Aqua Terra 150M Small Seconds 41MM 220.10.41.21.02.002,DROP,duplicated description (shared across products),Omega,
Omega Seamaster Diver 300M 42MM 210.32.42.20.04.001,DROP,duplicated description (shared across products),Omega,
Omega Seamaster Aqua Terra 150M 41MM Beijin 2022 522.10.41.21.04.001,DROP,duplicated description (shared across products),Omega,
Omega Seamaster 300 41MM Bronze Gold 234.92.41.21.10.001,DROP,duplicated description (shared across products),Omega,
Omega Speedmaster Chronoscope Chronograph 43MM 329.30.43.51.03.001,DROP,duplicated description (shared across products),Omega,
Omega De Ville Tresor Small Seconds 40MM 435.13.40.21.03.002,DROP,duplicated description (shared across products),Omega,
Omega Speedmaster Chronoscope 43MM Bronze Gold 329.92.43.51.10.001,DROP,duplicated description (shared across products),Omega,
Omega Seamaster 300 41MM Bronze Gold 234.92.41.21.10.001,DROP,duplicated description (shared across products),Omega,
Omega Constellation Quartz 28MM 131.10.28.60.03.001,DROP,duplicated description (shared across products),Omega,
Omega Seamaster Aqua Terra 150M 41MM Stainless Steel Rose Gold 220.22.,DROP,duplicated description (shared across products),Omega,
Omega Seamaster 300 41MM 234.30.41.21.03.002,DROP,duplicated description (shared across products),Omega,
Omega Seamaster Aqua Terra 150M 38MM Stainless Steel 220.10.38.20.01.0,DROP,duplicated description (shared across products),Omega,
Omega De Ville Prestige 40MM Stainless Steel 434.10.40.20.03.001,DROP,duplicated description (shared across products),Omega,
Omega Seamaster Aqua Terra 150M 41MM Stainless Steel 220.10.41.21.06.0,DROP,duplicated description (shared across products),Omega,
Omega Seamaster Planet Ocean 600M Chronograph 45.5MM 215.23.46.51.03.0,DROP,duplicated description (shared across products),Omega,
Omega Seamaster Planet Ocean 6000M Ultra Deep 45.5MM Titanium 215.92.4,DROP,duplicated description (shared across products),Omega,
Omega Seamaster Planet Ocean 600M GMT 45.5MM Big Blue Ceramic 215.92.4,DROP,duplicated description (shared across products),Omega,
Omega Seamaster Planet Ocean 600M 45.5MM 232.18.46.21.01.001,DROP,duplicated description (shared across products),Omega,
Omega Speedmaster '57 Chronograph 40.5MM 332.10.41.51.11.001,DROP,duplicated description (shared across products),Omega,
Omega Seamaster Diver 300M 42MM 210.30.42.20.04.001,DROP,duplicated description (shared across products),Omega,
Omega Constellation 36MM Stainless Steel Rose Gold Diamonds 131.20.36.,DROP,duplicated description (shared across products),Omega,
Omega Seamaster Diver 300M Chronograph 44MM 210.30.44.51.01.001,DROP,duplicated description (shared across products),Omega,
Omega Seamaster Diver 300M 42MM Stainless Steel Rose Gold 210.20.42.20,DROP,duplicated description (shared across products),Omega,
Omega Constellation Small Seconds 43mm Stainless Steel Rose Gold 131.2,DROP,duplicated description (shared across products),Omega,
Omega Constellation Globemaster Annual Calendar 41MM 130.23.41.22.11.0,DROP,duplicated description (shared across products),Omega,
Omega Speedmaster Moonphase Chronograph 44.25MM 304.30.44.52.01.001,DROP,duplicated description (shared across products),Omega,
Omega Seamaster 300 41MM 234.30.41.21.01.001,DROP,duplicated description (shared across products),Omega,
Omega Speedmaster Dark Side Of The Moon 44.25MM Black Ceramic 311.92.4,DROP,duplicated description (shared across products),Omega,
Omega Speedmaster '57 Chronograph 40.5MM 332.10.41.51.10.001,DROP,duplicated description (shared across products),Omega,
Omega Seamaster Aqua Terra 150M 41MM 220.12.41.21.03.002,DROP,duplicated description (shared across products),Omega,
Omega Speedmaster Dark Side Of The Moon 44.25MM Vintage Black 311.92.4,DROP,duplicated description (shared across products),Omega,
Omega De Ville Prestige 32.7MM Stainless Steel Yellow Gold 424.25.33.2,DROP,duplicated description (shared across products),Omega,
Omega Seamaster Aqua Terra 150M 41MM Rose Gold 220.50.41.21.03.001,DROP,duplicated description (shared across products),Omega,
Omega Seamaster Aqua Terra 150M Small Seconds 41MM 220.10.41.21.02.004,DROP,duplicated description (shared across products),Omega,
Omega Speedmaster Chronoscope Chronograph 43mm 329.32.43.51.03.001,DROP,duplicated description (shared across products),Omega,
Omega Seamaster 300 41MM Stainless Steel 234.32.41.21.01.001,DROP,duplicated description (shared across products),Omega,
Omega Seamaster Aqua Terra 150M Small Seconds 38MM 220.10.38.20.59.001,DROP,duplicated description (shared across products),Omega,
Omega Titanium Seamaster X-33,DROP,duplicated description (shared across products),Omega,
Patek Philippe Annual Calendar 39mm White Gold 5146G-001,DROP,duplicated description (shared across products),Patek Philippe,
Patek Philippe Calatrava 39mm White Gold 6000G,DROP,duplicated description (shared across products),Patek Philippe,
Patek Philippe 18 Karat Yellow Gold Calatrava 32mm,DROP,duplicated description (shared across products),Patek Philippe,
Rolex Datejust 36 Stainless Steel Yellow Gold 16233,KEEP,,Rolex,YES
Omega Seamaster Diver 300M 42mm Stainless Steel Yellow Gold 210.22.42.,DROP,duplicated description (shared across products),Omega,
Hublot Spirit of Big Bang King Gold Ceramic 45mm 601.OM.0183.LR,DROP,duplicated description (shared across products),Hublot,
Rolex Yacht-Master 42 White Gold 226659,KEEP,,Rolex,YES
Rolex Yacht-Master 42 Yellow Gold 226658,KEEP,,Rolex,YES
Tag Heuer Formula 1 Quartz 41mm Stainless Steel WAH1111,DROP,duplicated description (shared across products),TAG Heuer,
Breitling Navitimer Automatic GMT 41 Stainless Steel A32310,DROP,duplicated description (shared across products),Breitling,
Breitling Navitimer Automatic GMT 41 Stainless Steel A32310,DROP,duplicated description (shared across products),Breitling,
Rolex Yacht-Master 40mm Stainless Steel Yellow Gold 16623,KEEP,,Rolex,YES
Rolex Datejust 36mm Stainless Steel Yellow Gold 16013,KEEP,,Rolex,YES
Rolex Datejust 31 Stainless Steel Diamonds 68240,KEEP,,Rolex,YES
Rolex Submariner Date 40mm Stainless Steel Yellow Gold 16613,KEEP,,Rolex,YES
Jaeger LeCoultre Reverso Gran'Sport Duo Yellow Gold 295.1.51,DROP,duplicated description (shared across products),,
Rolex Datejust 41 Stainless Steel Yellow Gold 2025  126333,KEEP,,Rolex,YES
Rolex Datejust 36 Stainless Steel 16220,KEEP,,Rolex,YES
Rolex Oyster Perpetual Date 26mm Stainless Steel 79190,KEEP,,Rolex,YES
Porsche Design 1919 Chronotimer Chronograph 41.5mm Titanium 6020.1.02.,KEEP,,,
Rolex Submariner Date 40mm Stainless Steel Yellow Gold 2016 116613LB,KEEP,,Rolex,YES
Cartier Tank Louis 24mm Yellow Gold Small Model M2000,DROP,duplicated description (shared across products),Cartier,
Rolex GMT-Master II 40mm Everose Gold Root Beer 126715CHNR,KEEP,,Rolex,YES
Rolex Oyster Perpetual Date 34mm Stainless Steel Yellow Gold 15223,KEEP,,Rolex,YES
Rolex Datejust 41 Stainless Steel White Gold Wimbledon 2018 126334,KEEP,,Rolex,YES
Rolex Submariner Date 41mm Stainless Steel Starbucks 2022 126610LV,KEEP,,Rolex,YES
Cartier Santos Demoiselle 20mm Rose Gold Diamonds WF9011Z8,DROP,duplicated description (shared across products),Cartier,
Rolex Datejust 41mm Stainless Steel Wimbledon 2023  126300,KEEP,,Rolex,YES
Gerald Genta Arena Bi-Retro 45mm Titanium BSP.Y.80.264.B8.BD,KEEP,,,
Tudor Black Bay Ceramic 41mm 79210CNU,DROP,duplicated description (shared across products),Tudor,
Parmigiani Fleurier Pershing One-One-Five Chronograph Rose Gold PF6001,KEEP,,,
Rolex Oyster Perpetual Date 34mm Stainless Steel 15210,KEEP,,Rolex,YES
Baume & Mercier 20mm Yellow Gold Diamonds 18259,DROP,duplicated description (shared across products),Baume & Mercier,
Breitling Titanium Aerospace,DROP,empty description,Breitling,
Concord 14 Karat Yellow Gold Ultrathin 34MM,DROP,empty description,,
Rolex Stainless Steel Oyster Perpetual 36mm,DROP,empty description,Rolex,
Concord Vento Yellow Gold Diamonds 51-25-665,KEEP,,,
Gruen Curvex Precision Vintage Yellow Gold,DROP,duplicated description (shared across products),,
Rolex Cosmograph Daytona 40mm Stainless Steel 116520,KEEP,,Rolex,YES
Rolex Datejust 36mm Stainless Steel Yellow Gold 16203,KEEP,,Rolex,YES
Rolex Submariner Date 41mm Stainless Steel Yellow Gold 126613LN,KEEP,,Rolex,YES
Victorinox Alliance Mechanical 40mm Stainless Steel 241898,DROP,duplicated description (shared across products),Victorinox,
Rolex Datejust 41 Stainless Steel White Gold Wimbledon 2024  126334,KEEP,,Rolex,YES
Rolex Day-Date 36 Yellow Gold President Diamonds 18248,KEEP,,Rolex,YES
Tudor Black Bay GMT 41mm Stainless Steel Pepsi 79830RB,DROP,duplicated description (shared across products),Tudor,
Rolex Explorer II 40mm Stainless Steel 16570,KEEP,,Rolex,YES
Rolex Cellini 24mm Yellow Gold 66318,KEEP,,Rolex,YES
Rolex Sky-Dweller 42mm Stainless Steel Yellow Gold 326933,KEEP,,Rolex,YES
Rolex Oyster Perpetual 41 Stainless Steel 124300,KEEP,,Rolex,YES
Rolex Datejust 31 Yellow Gold Diamonds President 178288,KEEP,,Rolex,YES
Rolex Day-Date 36 Yellow Gold President 18238,KEEP,,Rolex,YES
Rolex Datejust 36 Stainless Steel 2025  126200,KEEP,,Rolex,YES
Rolex Explorer II 42mm Stainless Steel Polar 216570,KEEP,,Rolex,YES
Rolex Submariner Date 40mm Yellow Gold 116618LN,KEEP,,Rolex,YES
Rolex Day-Date 40 Yellow Gold President Diamonds 228238,KEEP,,Rolex,YES
Tudor Pelagos FXD 42mm Titanium 25707B,KEEP,,Tudor,YES
Rolex Stainless Steel & Everose Gold Yacht-Master II 44mm,KEEP,,Rolex,YES
Rolex Submariner Date 40mm Stainless Steel Hulk 116610LV,KEEP,,Rolex,YES
Universal Geneve 14 Karat Yellow Gold Coin Dial Watch,KEEP,,,
Rolex Stainless Steel Submariner Green/Black 41mm,KEEP,,Rolex,YES
Rolex 18 Karat White Gold GMT Master II “Pepsi” 2023,KEEP,,Rolex,YES
"Omega Seamaster Diver 300m 44mm ""36th America's Cup & Auckland 2021""",DROP,duplicated description (shared across products),Omega,
Rolex Stainless Steel Datejust II 41mm,KEEP,,Rolex,YES
Rolex Stainless Steel Midsize Datejust 31mm Factory Diamond Bezel,KEEP,,Rolex,YES
Rolex Stainless Steel & 18 Karat Rose Gold Datejust 28,KEEP,,Rolex,YES
Rolex Stainless Steel Explorer II Black Dial 42mm,KEEP,,Rolex,YES
Rolex Stainless Steel & 18 Karat Yellow Gold GMT Master II “Zombie”,KEEP,,Rolex,YES
Jacob & Co Stainless Steel 5 Time Zone Diamond Bezel,KEEP,,,
Patek Philippe Annual Calendar 39mm White Gold 5146G-001,DROP,duplicated description (shared across products),Patek Philippe,
Rolex Stainless Steel Submariner Hulk 40MM,KEEP,,Rolex,YES
Patek Philippe Calatrava 39mm White Gold 6000G,DROP,duplicated description (shared across products),Patek Philippe,
Grand Seiko Stainless Steel Heritage Limited Edition 36mm,KEEP,,Grand Seiko,
IWC Stainless Steel Portofino Moonphase 46mm,DROP,duplicated description (shared across products),IWC,
Grand Stainless Steel Spring Drive GMT 44mm,KEEP,,,
IWC Bronze Pilots Chronograph Watch 41mm,DROP,duplicated description (shared across products),IWC,
Tudor Stainless Steel Black Bay 41MM,DROP,duplicated description (shared across products),Tudor,
Rolex Yachtmaster II Blue Ceramic Bezel Stainless Steel Watch Ref,KEEP,,Rolex,YES
Rolex Stainless Steel Datejust Wimbledon Dial 41mm 2023,KEEP,,Rolex,YES
Rolex Day-Date 41 Platinum President 218206,KEEP,,Rolex,YES
Rolex Day-Date 41 White Gold President 218239,KEEP,,Rolex,YES
Hamilton Platinum Diamond & Sapphire Vintage Watch,KEEP,,,
Philippe Charriol 26mm Yellow Gold Diamonds,KEEP,,,
Baume & Mercier Yellow Gold 24mm Diamonds MX000M87,DROP,duplicated description (shared across products),Baume & Mercier,
Omega Speedmaster Mark IV 41mm Chronograph Stainless Steel 176.0012,DROP,duplicated description (shared across products),Omega,
Omega Seamaster 300 41mm Stainless Steel 233.30.41.21.01.001 >>>535-15,DROP,duplicated description (shared across products),Omega,
Roger Dubuis Easy Diver Just For Friends 46mm Stainless Steel SE46,KEEP,,,
Cartier Santos De Cartier Stainless Steel ADLC Large Model WSSA0037,DROP,duplicated description (shared across products),Cartier,
Breitling Superocean Heritage B20 Automatic 44 Stainless Steel Rose Go,DROP,duplicated description (shared across products),Breitling,
Ebel Sport Classic Lady Wave 27mm Stainless Steel Yellow Gold 183908,KEEP,,,
Rolex Day-Date 36 Yellow Gold Diamonds President 128348RBR,KEEP,,Rolex,YES
Rolex Yacht-Master 42 White Gold 226659,KEEP,,Rolex,YES
Frederique Constant Highlife Tourbillon Perpetual Calendar FC-975N4NH6,DROP,duplicated description (shared across products),Frederique Constant,
Seiko Presage Sharp Edged Series 110th Anniversary Limited Edition SPB,DROP,duplicated description (shared across products),Seiko,
Seiko Presage Classic Series Automatic Stainless Steel SPB465,DROP,duplicated description (shared across products),Seiko,
Seiko Prospex Ice Diver U.S. Special Edition SPB261,DROP,duplicated description (shared across products),Seiko,
Rolex Oyster Perpetual 34mm Stainless Steel Yellow Gold 6582,KEEP,,Rolex,YES
Rolex Land-Dweller 36 Stainless Steel White Gold 127234,KEEP,,Rolex,YES
Franck Muller Master Square 32.7mm Stainless Steel Quartz 6002MQZVOACE,DROP,duplicated description (shared across products),Franck Muller,
Santos de Cartier Large Model 39.8mm Stainless Steel WSSA0062  4072,DROP,duplicated description (shared across products),Cartier,
Rolex Datejust 36 Stainless Steel 116200,KEEP,,Rolex,YES
Rolex Submariner 40mm Stainless Steel 14060,KEEP,,Rolex,YES
Omega Seamaster Planet Ocean 600M GMT 43.5MM 215.33.44.22.01.001,DROP,duplicated description (shared across products),Omega,
Rolex Datejust 36mm Stainless Steel 1603,KEEP,,Rolex,YES
Junghans Meister Chronoscope 27/4525.00,DROP,duplicated description (shared across products),Junghans,
Rolex Sky-Dweller 42mm Stainless Steel Yellow Gold 326933,KEEP,,Rolex,YES
Rolex Cosmograph Daytona Vintage 37mm Stainless Steel 6265,KEEP,,Rolex,YES
Bertolucci Giro 42mm Stainless Steel Quartz 1143.55.41.11M,DROP,duplicated description (shared across products),,
Omega Speedmaster Moonwatch Professional Chronograph 42MM Gold 310.63.,DROP,duplicated description (shared across products),Omega,
Rolex GMT-Master Stainless Steel Yellow Gold Root Beer 16753,KEEP,,Rolex,YES
Rolex Day-Date 40 Yellow Gold President Diamonds 228348RBR,KEEP,,Rolex,YES
Omega Speedmaster Dark Side Of The Moon 44.25MM Black Ceramic 311.92.4,DROP,duplicated description (shared across products),Omega,
Rolex Datejust 31 Stainless Steel White Gold Diamonds 178384,KEEP,,Rolex,YES
Franck Muller Cintree Curvex Classic 29mm Stainless Steel Diamonds 750,DROP,duplicated description (shared across products),Franck Muller,
Rolex Datejust 41 Stainless Steel White Gold Diamonds 126334,KEEP,,Rolex,YES
Maurice Lacroix Masterpiece Retrograde Calendar 43mm MP6508-SS001-130,KEEP,,Maurice Lacroix,
Bertolucci Forza II Chronograph 42mm 1393.50.42.1L18D.41L,KEEP,,,
Rolex Datejust 41 Stainless Steel Rose Gold 126331,KEEP,,Rolex,YES
Kultuhr Happy Buddha Tourbillon 42mm Stainless Steel Black Dial H10GS,KEEP,,,
Omega Speedmaster '57 Chronograph 40.5mm Stainless Steel 332.10.41.51.,DROP,duplicated description (shared across products),Omega,
Corum Bubble 35mm Stainless Steel Diamonds 39.151.47,KEEP,,,
B.R.M Chronographes Racing 46mm Titanium BT12,DROP,duplicated description (shared across products),,
Bertolucci Serena Garbo 37mm Stainless Steel Diamonds 303.55.41P2.1BM,KEEP,,,
Omega Seamaster Aqua Terra 150M Small Seconds 38MM 220.10.38.20.10.001,DROP,duplicated description (shared across products),Omega,
Seiko Prospex Speedtimer Mechanical Chronograph 42.5mm SRQ037,KEEP,,Seiko,
Bertolucci Pulchra 36mm Stainless Steel Yellow Gold 115-49,KEEP,,,
Zenith Chronomaster Sport 41mm Rose Gold 18.3101.3600/21.M3100,KEEP,,Zenith,YES
Zenith Defy El Primero 21 Chronograph 44mm Rose Gold 18.9000.9004,KEEP,,Zenith,YES
Zenith Defy Skyline 41mm Stainless Steel 03.9300.3620/51.I001,KEEP,,Zenith,YES
Martin Braun Heliozentric PB 42mm Stainless Steel MB153PB,KEEP,,,
Rolex Submariner Date 40mm Stainless Steel Hulk 116610LV,KEEP,,Rolex,YES
Rolex GMT-Master II 40mm Stainless Steel Batgirl 126710BLNR,KEEP,,Rolex,YES
Franck Muller Cintree Curvex 40mm Black Croco 8880 SC BLK CRO,DROP,duplicated description (shared across products),Franck Muller,
Rolex Day-Date 40 Rose Gold President 228235,KEEP,,Rolex,YES
Ernst Benz Chronolunar Automatic 40mm Stainless Steel 20300,DROP,duplicated description (shared across products),Ernst Benz,
Franck Muller Vanguard 25TH Anniversary Limited Edition 45MM V45CCBRTT,DROP,duplicated description (shared across products),Franck Muller,
Franck Muller Skafander 43MM Titanium Automatic SKF43SCTTNRBRNR,DROP,duplicated description (shared across products),Franck Muller,
Franck Muller Vanguard Black Cobra 44MM Automatic V45SCBLKCOBACCOB,DROP,duplicated description (shared across products),Franck Muller,
Franck Muller Vanguard Master Banker 44MM Triple Time Zone V45MBSCDTNR,DROP,duplicated description (shared across products),Franck Muller,
Franck Muller Vanguard Full Back 45MM Titanium Automatic V45SCLCKMCBNT,DROP,duplicated description (shared across products),Franck Muller,
Franck Muller Vanguard Racing 44MM Automatic V45SCRCGVLACB,DROP,duplicated description (shared across products),Franck Muller,
Franck Muller Vanguard Grande Date 44MM Titanium Automatic V45CCGDSQTB,DROP,duplicated description (shared across products),Franck Muller,
Omega Constellation 41MM Stainless Steel 131.33.41.21.06.001,DROP,duplicated description (shared across products),Omega,
Franck Muller Vanguard Racing Miami 44MM Automatic V45SCRCGMIAMLTDBLAC,DROP,duplicated description (shared across products),Franck Muller,
Franck Muller Vanguard Crazy Hours Hom Nguyen 44MM Automatic V45CHHNLT,DROP,duplicated description (shared across products),Franck Muller,
Franck Muller Vanguard Crazy Hours 44MM Automatic V45CHACBRNRGR,DROP,duplicated description (shared across products),Franck Muller,
Franck Muller Vanguard Color Dreams 32MM Stainless Steel Quartz V32QZD,DROP,duplicated description (shared across products),Franck Muller,
Franck Muller Vanguard Classic 32MM Stainless Steel Quartz V32QZDACE-P,DROP,duplicated description (shared across products),Franck Muller,
Franck Muller Vanguard Classic 35MM Stainless Steel Quartz V35QZDCDACD,DROP,duplicated description (shared across products),Franck Muller,
Franck Muller Vanguard Color Dreams 32MM Stainless Steel Quartz V32QZD,DROP,duplicated description (shared across products),Franck Muller,
Franck Muller Vanguard Classic 32MM Stainless Steel Quartz V32QZDACER,DROP,duplicated description (shared across products),Franck Muller,
Franck Muller Vanguard Classic 32MM Rose Gold Quartz V32QZD5NE-PR,DROP,duplicated description (shared across products),Franck Muller,
Franck Muller Vanguard Color Dreams 32MM Stainless Steel Quartz V32QZD,DROP,duplicated description (shared across products),Franck Muller,
Franck Muller Vanguard Classic 32MM Stainless Steel Quartz V32QZDCDACD,DROP,duplicated description (shared across products),Franck Muller,
William Henry Legacy Mammoth Automatic 42mm Limited Edition W1 MT DAM,KEEP,,,
William Henry Legacy Dinosaur Automatic 42mm Limited Edition W1 DB DAM,KEEP,,,
William Henry Legacy Meteorite Automatic 42mm Limited Edition W1 MET M,KEEP,,,
Locman Montecristo Chronograph Automatic 44mm 0516M08S-00WHBKPN,DROP,duplicated description (shared across products),Locman,
Locman Island Quartz 40mm 0613A19S-00PTWHSL,DROP,duplicated description (shared across products),Locman,
Locman Mare 300 MT Chrono Quartz 44mm 0560M01R-0RBKRGSK2,DROP,duplicated description (shared across products),Locman,
Locman Montecristo Automatic 42mm 0537K01S-BKBKORSK,DROP,duplicated description (shared across products),Locman,
Locman Sport Anniversary Chronograph 37mm 0472L22S-LLT0SKCB,DROP,duplicated description (shared across products),Locman,
Locman Ducati Chronograph 42mm D106A07S-00GYYPKY,DROP,duplicated description (shared across products),Locman,
Locman Ducati Chronograph 42mm D105A01S-00BKRPKR,DROP,duplicated description (shared across products),Locman,
Locman Stealth 300 MT Chronograph 46mm 0217V1-0KBKNKS2K,DROP,duplicated description (shared across products),Locman,
Locman Island Quartz 40mm 07S-00GYRDSR,DROP,duplicated description (shared across products),Locman,
Locman 1960 Moonphase 41mm 0256A05A-00AVNKPB,DROP,duplicated description (shared across products),Locman,
Locman Sport Anniversary Chronograph 37mm 040L01S-LLBKSKCS,DROP,duplicated description (shared across products),Locman,
Locman Nuovo Mare Quartz 39mm 0558M14R-0RMWRGB0,DROP,duplicated description (shared across products),Locman,
Locman Montecristo Automatic 42mm 0537A01S-00BKGRSK,DROP,duplicated description (shared across products),Locman,
Locman Sport Anniversary Chronograph 37mm 0472L22S-LLTOGRCG,DROP,duplicated description (shared across products),Locman,
Locman Stealth Lady 33mm 0804R01R-RRBKRGPK,DROP,duplicated description (shared across products),Locman,
Locman Montecristo Chronograph 44mm 051000BKFOR0GOK,DROP,duplicated description (shared across products),Locman,
Locman Montecristo Automatic 41mm 0541A02S-00BLWHPB,DROP,duplicated description (shared across products),Locman,
Locman Ducati Automatic 42mm D104A09S-00CBIPKR,DROP,duplicated description (shared across products),Locman,
Locman Stealth 300 MT Automatic 46mm 0215V3-0KBLNKS2B,DROP,duplicated description (shared across products),Locman,
Locman Nuovo Mare Quartz 39mm 0558A07S-00GYFXSF,DROP,duplicated description (shared across products),Locman,
Locman 1960 Automatic 42mm 0255R02R-RRBLRGPB,DROP,duplicated description (shared across products),Locman,
Locman Island Chrono Quartz 40mm 0618B02S-BLBLWHSB,DROP,duplicated description (shared across products),Locman,
Locman Montecristo Automatic 42MM 0537A01S-00BKSKB0,DROP,duplicated description (shared across products),Locman,
Locman Sport Anniversary 37mm 0471L01S-LLBKORCO,DROP,duplicated description (shared across products),Locman,
Locman Ducati Chronograph 42mm D107A09S-00CBIPKR,DROP,duplicated description (shared across products),Locman,
Locman Stealth 300 MT Automatic 46mm 0216V4-CBCB5N0S2K,DROP,duplicated description (shared across products),Locman,
Jean d'Eve Sectora Stainless Steel,KEEP,,,
Locman Montecristo Chronograph 41mm 0542A01S-00BKORPK,DROP,duplicated description (shared across products),Locman,
Alpina Startimer Pilot Automatic AL-525X4TSP34/6,DROP,duplicated description (shared across products),Alpina,
Alpina Alpiner 4 Automatic 44mm Stainless Steel AL-525X5AQ6,DROP,duplicated description (shared across products),Alpina Alpiner,
Alsta Nautoscaph IV Automatic 40mm Stainless Steel,DROP,duplicated description (shared across products),,
Movado BOLD 30mm Stainless Steel MB.01.1.14.6132,KEEP,,Movado,
Gucci Model 2000 30mm Quartz Stainless Steel 814057,KEEP,,Gucci,
Gucci G-Flat 30mm Quartz Stainless Steel 811581,KEEP,,Gucci,
Gucci G-Timeless Collection 29mm Quartz 785303,KEEP,,Gucci,
Gucci G-Timeless Collection 38mm Quartz 793973,KEEP,,Gucci,
Gucci G-Timeless Collection 42mm Bee Automatic 750377,DROP,duplicated description (shared across products),Gucci,
Gucci Dive 40mm Automatic 796781,DROP,duplicated description (shared across products),Gucci,
Gucci G-Timeless Collection 40mm Automatic 783396,DROP,duplicated description (shared across products),Gucci,
Gucci G-Timeless Collection 40mm Automatic 783403,DROP,duplicated description (shared across products),Gucci,
Gucci G-Chrono 44mm Quartz 393106,KEEP,,Gucci,
Gucci Dive 40mm Blue Rubber Automatic 796773,KEEP,,Gucci,
Gucci Dive 40mm Automatic Green Red Nylon 796763,KEEP,,Gucci,
Gucci Dive 40mm Automatic 796807,DROP,duplicated description (shared across products),Gucci,
Gucci 25H's Streamline 38mm Quartz Blue Leather 753204,KEEP,,Gucci,
Gucci 25H's Streamline 38mm Quartz 673804,KEEP,,Gucci,
Gucci 25H's Streamline 34mm Diamond Bezel 673109,KEEP,,Gucci,
Gucci Interlocking G Small Seconds 29mm Quartz Diamonds 796857,KEEP,,Gucci,
Frederique Constant Manufacture Classic Moonphase Date FC-716GR3H6,DROP,duplicated description (shared across products),Frederique Constant,
Frederique Constant Slimline Ladies FC-220LPD1SD26B,DROP,duplicated description (shared across products),Frederique Constant,
Frederique Constant Classics Carrée Small Seconds Diamonds FC-235S2CD6,DROP,duplicated description (shared across products),Frederique Constant,
Frederique Constant Manufacture Classic Date FC-706SAL3H6,DROP,duplicated description (shared across products),Frederique Constant,
Frederique Constant Manufacture Classic Moonphase Date FC-716S3H6,DROP,duplicated description (shared across products),Frederique Constant,
Hublot Big Bang Ferrari Carbon Red Magic Limited Edition 401.QX.0123.V,DROP,duplicated description (shared across products),Hublot,
Frederique Constant Classics Heart Beat Automatic FC-311S4C24,DROP,duplicated description (shared across products),Frederique Constant,
Frederique Constant Classics Runabout Automatic Limited Edition FC-303,DROP,duplicated description (shared across products),Frederique Constant,
Frederique Constant Classics Heart Beat Automatic FC-311N4C26,DROP,duplicated description (shared across products),Frederique Constant,
Frederique Constant Manufacture Classic Tourbillon Limited Edition FC-,DROP,duplicated description (shared across products),Frederique Constant,
Frederique Constant Highlife Ladies Automatic FC-303LP2NH6B,DROP,duplicated description (shared across products),Frederique Constant,
Frederique Constant Classic Power Reserve Big Date Limited Edition FC-,DROP,duplicated description (shared across products),Frederique Constant,
Frederique Constant Slimline Ladies FC-220LBD1SD26B,DROP,duplicated description (shared across products),Frederique Constant,
Frederique Constant Classics Heart Beat Moonphase Date FC-335MCGRW4P26,DROP,duplicated description (shared across products),Frederique Constant,
Frederique Constant Highlife Ladies Automatic FC-303PD2NH6B,DROP,duplicated description (shared across products),Frederique Constant,
Frederique Constant Highlife Ladies Quartz FC-240VD2NH3B,DROP,duplicated description (shared across products),Frederique Constant,
Frederique Constant Classics Runabout Automatic Limited Edition FC-303,DROP,duplicated description (shared across products),Frederique Constant,
Frederique Constant Highlife Ladies Quartz FC-240LND2NH6B,DROP,duplicated description (shared across products),Frederique Constant,
Frederique Constant Highlife Automatic COSC FC-303N4NH6B,DROP,duplicated description (shared across products),Frederique Constant,
Frederique Constant Highlife Heart Beat Automatic FC-310N4NH6B,DROP,duplicated description (shared across products),Frederique Constant,
Frederique Constant Highlife Automatic COSC FC-303G3NH6B,DROP,duplicated description (shared across products),Frederique Constant,
Frederique Constant Highlife Ladies Automatic FC-303LPD2NH6B,DROP,duplicated description (shared across products),Frederique Constant,
Frederique Constant Highlife Ladies Quartz FC-240MPWD2NHD2B-SS,DROP,duplicated description (shared across products),Frederique Constant,
Frederique Constant Highlife Ladies Heart Beat Automatic FC-310VD2NH2B,DROP,duplicated description (shared across products),Frederique Constant,
Frederique Constant Highlife Automatic COSC 39mm FC-303BBG3NH6B,DROP,duplicated description (shared across products),Frederique Constant,
Frederique Constant Highlife Automatic COSC FC-303V4NH2B,DROP,duplicated description (shared across products),Frederique Constant,
Frederique Constant Highlife Ladies Quartz FC-240LND2NH6B,DROP,duplicated description (shared across products),Frederique Constant,
Frederique Constant Highlife Ladies Quartz FC-240VD2NH3B,DROP,duplicated description (shared across products),Frederique Constant,
Frederique Constant Classics Runabout Automatic Limited Edition FC-303,DROP,duplicated description (shared across products),Frederique Constant,
Frederique Constant Highlife Heart Beat Automatic FC-310B4NH6B,DROP,duplicated description (shared across products),Frederique Constant,
Frederique Constant Highlife Automatic COSC FC-303C3NH6B,DROP,duplicated description (shared across products),Frederique Constant,
Frederique Constant Classics Runabout Automatic Limited Edition FC-303,DROP,duplicated description (shared across products),Frederique Constant,
Frederique Constant Highlife Automatic COSC FC-303N4NH6B,DROP,duplicated description (shared across products),Frederique Constant,
Frederique Constant Highlife Ladies Quartz FC-240VD2NH3B,DROP,duplicated description (shared across products),Frederique Constant,
Frederique Constant Highlife Automatic COSC FC-303BL3NH6B,DROP,duplicated description (shared across products),Frederique Constant,
Frederique Constant Highlife Ladies Quartz FC-240CD2NH2B,DROP,duplicated description (shared across products),Frederique Constant,
Frederique Constant Highlife Automatic COSC FC-303S3NH26B,DROP,duplicated description (shared across products),Frederique Constant,
Frederique Constant Highlife Automatic COSC FC-303GRS3NH6B,DROP,duplicated description (shared across products),Frederique Constant,
Alpina Seastrong Diver Extreme Automatic AL-525NG3VE6B,KEEP,,Alpina,
Alpina Alpiner Extreme Automatic AL-525TB3AE6B,DROP,duplicated description (shared across products),Alpina Alpiner,
Alpina Alpiner Extreme Automatic AL-525BG3AE6B,KEEP,,Alpina Alpiner,
Alpina Alpiner Extreme Automatic AL-525CH4AE6B,DROP,duplicated description (shared across products),Alpina Alpiner,
Alpina Seastrong Diver Extreme Automatic AL-525BO3VE6,KEEP,,Alpina,
Alpina Alpiner Extreme Automatic AL-525G4AE6B,DROP,duplicated description (shared across products),Alpina Alpiner,
Alpina Seastrong Diver Extreme Automatic AL-525N3VE6,KEEP,,Alpina,
Alpina Alpiner Extreme Automatic AL-525B4AE6,DROP,duplicated description (shared across products),Alpina Alpiner,
Accutron Electrostatic Spaceview Evolution X Hudson Whiskey Limited Ed,KEEP,,Accutron,
Accutron Astronaut GMT Blue Day/Night Bezel 27B202,DROP,duplicated description (shared across products),Accutron,
Accutron Astronaut LTI Grade 5 Titanium 26B204A,DROP,duplicated description (shared across products),Accutron,
Accutron Electrostatic Spaceview Evolution X Hudson Whiskey Limited Ed,DROP,duplicated description (shared across products),Accutron,
Accutron Electrostatic Spaceview Evolution X Hudson Whiskey Limited Ed,KEEP,,Accutron,
Victorinox Journey 1884 43mm Stainless Steel 242009,DROP,duplicated description (shared across products),Victorinox,
Victorinox I.N.O.X. Mechanical 43mm Stainless Steel 241834,DROP,duplicated description (shared across products),Victorinox,
Victorinox I.N.O.X. Mechanical 43mm Stainless Steel 241835,DROP,duplicated description (shared across products),Victorinox,
Victorinox Journey 1884 Automatic 43mm Stainless Steel 241981,DROP,duplicated description (shared across products),Victorinox,
Victorinox Fieldforce 42mm Stainless Steel 241851,DROP,duplicated description (shared across products),Victorinox,
Victorinox Alliance Sport Chronograph 44mm Stainless Steel 241817,DROP,duplicated description (shared across products),Victorinox,
Victorinox I.N.O.X. Carbon Mechanical 43mm 241866,DROP,duplicated description (shared across products),Victorinox,
Victorinox Maverick Large 43mm Stainless Steel 241934,DROP,duplicated description (shared across products),Victorinox,
Victorinox I.N.O.X. 43mm Stainless Steel 241688.1,DROP,duplicated description (shared across products),Victorinox,
Victorinox Fieldforce Chronograph 42mm Stainless Steel 241855,DROP,duplicated description (shared across products),Victorinox,
Victorinox I.N.O.X. Carbon 43mm 241860,KEEP,,Victorinox,
Victorinox Fieldforce 42mm Stainless Steel 241846,DROP,duplicated description (shared across products),Victorinox,
Victorinox  I.N.O.X. V 37mm Stainless Steel 241768,KEEP,,Victorinox,
Victorinox Alliance 40mm Stainless Steel 241803,DROP,duplicated description (shared across products),Victorinox,
Victorinox Alliance Sport Chronograph 44mm Stainless Steel 241816,DROP,duplicated description (shared across products),Victorinox,
King Seiko KS1969 Automatic Stainless Steel SJE113,KEEP,,Seiko,
King Seiko KSK Modern Re-Interpretation Automatic SPB457,KEEP,,Seiko,
King Seiko KS1969 Automatic Stainless Steel SJE111,KEEP,,Seiko,
King Seiko KS1969 Automatic Stainless Steel SJE109,KEEP,,Seiko,
King Seiko KS1969 Automatic Stainless Steel SJE111,KEEP,,Seiko,
Seiko Prospex Marinemaster 1965 Heritage Diver's SJE119,KEEP,,Seiko,
Seiko Prospex Marinemaster 1968 Heritage Diver's SLA077,DROP,duplicated description (shared across products),Seiko,
Seiko Prospex Marinemaster 1965 Heritage Diver's SJE117,KEEP,,Seiko,
Seiko Prospex Marinemaster 1968 Heritage Diver's SLA079,KEEP,,Seiko,
Seiko Prospex Marinemaster 1968 Heritage Diver's SLA077,KEEP,,Seiko,
Seiko Presage Classic Series Automatic Araigaki Dial SPB467,DROP,duplicated description (shared across products),Seiko,
Seiko Prospex Marinemaster 1968 Heritage Diver's SLA077,KEEP,,Seiko,
Seiko Prospex Marinemaster 1968 Heritage Diver's SLA079,KEEP,,Seiko,
Seiko Coutura Collection Stainless Steel SUR585,KEEP,,Seiko,
Seiko Diamonds Collection Stainless Steel SUR581,KEEP,,Seiko,
Seiko Diamonds Collection Stainless Steel SRZ535,KEEP,,Seiko,
Seiko Essentials Collection Two-Tone Stainless Steel SUR438,KEEP,,Seiko,
Seiko Essentials Collection Discover More SUR561,KEEP,,Seiko,
Seiko Prospex Marinemaster 1965 Heritage Diver's SJE119,KEEP,,Seiko,
Seiko Prospex Marinemaster 1965 Heritage Diver's SJE117,KEEP,,Seiko,
Seiko 5 Sports SKX Sports Style GMT Series Automatic SSK001,DROP,duplicated description (shared across products),Seiko,
Seiko Astron GPS Solar Dual-Time Chronograph SSH151,DROP,duplicated description (shared across products),Seiko,
Seiko Prospex Sea Automatic Diver Samurai SRPL11,DROP,duplicated description (shared across products),Seiko,
Seiko Prospex Speedtimer Solar Chronograph SSC943,DROP,duplicated description (shared across products),Seiko,
Seiko Prospex Speedtimer Solar Chronograph SSC945,DROP,duplicated description (shared across products),Seiko,
Seiko 5 Sports Field GMT Stainless Steel SSK023,KEEP,,Seiko,
Seiko 5 Sports SNXS Series SRPK91,KEEP,,Seiko,
Seiko Prospex Marinemaster 1965 Heritage Diver's Modern Re-Interpretat,KEEP,,Seiko,
Seiko 5 Sports SNXS Series SRPK87,KEEP,,Seiko,
Seiko Prospex 1965 Heritage Diver's Modern Re-Interpretation SPB143,DROP,duplicated description (shared across products),Seiko,
Seiko 5 Sports SNXS Series SRPK89,KEEP,,Seiko,
Seiko Prospex Marinemaster 1965 Diver's Re-Interpretation Limited Edit,KEEP,,Seiko,
Seiko Presage Craftsmanship Series Nausicaä of the Valley of the Wind ,DROP,duplicated description (shared across products),Seiko,
Seiko Prospex Sea Diver's 200m Black Series Limited Edition SPB433,DROP,duplicated description (shared across products),Seiko,
Seiko 5 Sports Street Fighter V Collaboration Guile Limited Edition SR,DROP,duplicated description (shared across products),Seiko,
Seiko 5 Sports SKX Sense Style Masked Rider Limited Edition SRPJ91,DROP,duplicated description (shared across products),Seiko,
Seiko Prospex Solar Analog-Digital Diver SNJ025,DROP,duplicated description (shared across products),Seiko,
Junghans Pilot Chronoscope USA Edition 27/3395.00,DROP,duplicated description (shared across products),Junghans,
Junghans Pilot Chronoscope Automatic 27/3492.00,DROP,duplicated description (shared across products),Junghans,
Junghans Meister S Automatic 27/4210.44,DROP,duplicated description (shared across products),Junghans,
Omega Speedmaster Dark Side Of The Moon 44.25MM Black Ceramic 311.92.4,DROP,duplicated description (shared across products),Omega,
Junghans Pilot Automatic 27/4490.00,DROP,duplicated description (shared across products),Junghans,
Junghans Meister Fein Chronoscope MEGA Solar 59/4200.00,DROP,duplicated description (shared across products),Junghans,
Junghans FORM A Chronoscope English Date 27/4371.01,DROP,duplicated description (shared across products),Junghans,
Junghans Pilot Chronoscope USA Edition 27/3395.00,DROP,duplicated description (shared across products),Junghans,
Junghans Meister Chronoscope English Date Automatic 27/4429.47,DROP,duplicated description (shared across products),Junghans,
Junghans Pilot Chronoscope Desert 27/3398.00,DROP,duplicated description (shared across products),Junghans,
Ernst Benz Traditional Jewel Chronosport 36MM Automatic GC30213D,DROP,duplicated description (shared across products),Ernst Benz,
Rolex GMT-Master II 40mm Stainless Steel 126710BLRO,KEEP,,Rolex,YES
Girard-Perregaux Laureato 42MM 81010-11-3153-1CM,DROP,duplicated description (shared across products),Girard-Perregaux,
Tudor Pelagos 42mm Titanium M25600TB,KEEP,,Tudor,YES
Tag Heuer Aquaracer Professional 300 Date 43mm Titanium WBP208B,DROP,duplicated description (shared across products),TAG Heuer,
Mathey-Tissot X Massena LAB Chronograph '68 Limited Edition H1968CHNR,DROP,duplicated description (shared across products),Tissot,
Tag Heuer Formula 1 Quartz 37mm Stainless Steel Ceramic WAH1211,KEEP,,TAG Heuer,YES
Breitling Chronomat 32 Stainless Steel A77310,DROP,duplicated description (shared across products),Breitling,
Pasha de Cartier Seatimer 40mm Stainless Steel 2790,DROP,duplicated description (shared across products),Cartier,
Seiko Prospex Sea 1968 Diver's Watch 55th Anniversary Limited Edition ,KEEP,,Seiko,
Rolex Submariner Date 40mm Stainless Steel Yellow Gold 16613,KEEP,,Rolex,YES
Rolex Cellini 23mm Yellow Gold 3811,KEEP,,Rolex,YES
Breitling Galactic Lady 29mm Stainless Steel W72348,DROP,duplicated description (shared across products),Breitling,
Tudor Black Bay Chrono 41mm Stainless Steel 79360,KEEP,,Tudor,YES
Breitling Navitimer B01 Chronograph 43mm Stainless Steel AB0120,DROP,duplicated description (shared across products),Breitling,
Bremont Altitude Martin-Baker MB Savanna Titanium MB-SAVANNA-R-S,KEEP,,,
Tag Heuer Aquaracer Chronograph 43mm Stainless Steel CAY2112-2,KEEP,,TAG Heuer,YES
Rolex Datejust 36 Stainless Steel 16200,KEEP,,Rolex,YES
Ulysse Nardin Blast Tourbillon 45mm 1725-400-3A/3A,KEEP,,Ulysse Nardin,YES
IWC Platinum Portugieser Minute Repetition,DROP,duplicated description (shared across products),IWC,
Rolex 18 Karat Yellow Gold Submariner Black / Black 41MM,KEEP,,Rolex,YES
Audemars Piguet Royal Oak Offshore Selfwinding Chronograph 26405CE.OO.,DROP,duplicated description (shared across products),Audemars Piguet,
Cvstos Sealiner PS Sapphire Turquoise Limited Edition C00103.4183002,DROP,duplicated description (shared across products),Cvstos,
Cvstos Sealiner PS Sapphire Turquoise Limited Edition C00103.4183002,DROP,duplicated description (shared across products),Cvstos,
Rolex 18 Karat Yellow Gold Submariner Black/Black,KEEP,,Rolex,YES
Rolex Yellow Gold Yacht-Master II,KEEP,,Rolex,YES
Rolex 18 Karat Yellow Gold Submariner Blue / Blue 40MM,KEEP,,Rolex,YES
Omega Speedmaster Moonwatch Professional 42MM Canopus Gold 310.60.42.5,DROP,duplicated description (shared across products),Omega,
Rolex 18 Karat White Gold GMT Master II “Pepsi” 2023,KEEP,,Rolex,YES
Rolex GMT-Master 40mm Yellow Gold 16758,KEEP,,Rolex,YES
Cvstos Metropolitan PS Sapphire / SQLT Green Limited Edition F00103.42,DROP,duplicated description (shared across products),Cvstos,
IWC 18 Karat Rose Gold Portuguese Perpetual Calendar,DROP,duplicated description (shared across products),IWC,
Omega Seamaster Aqua Terra 150M 41MM Rose Gold 220.50.41.21.03.001,DROP,duplicated description (shared across products),Omega,
Rolex Oyster Perpetual 26mm Stainless Steel Yellow Gold 6621,KEEP,,Rolex,YES
Omega Constellation 28MM Stainless Steel Yellow Gold 131.20.28.60.05.0,DROP,duplicated description (shared across products),Omega,
Rolex Submariner Date 40mm Stainless Steel 16610,KEEP,,Rolex,YES
Seiko Prospex Sea 1965 Diver's Modern Re-Interpretation 55th Anniversa,DROP,duplicated description (shared across products),Seiko,
Rolex Datejust 36 Stainless Steel Yellow Gold 16233,KEEP,,Rolex,YES
Omega Speedmaster Moonwatch Professional Chronograph 42MM 145.0022,DROP,duplicated description (shared across products),Omega,
Girard-Perregaux Vintage 1945 Stainless Steel 2591,DROP,duplicated description (shared across products),Girard-Perregaux,
Franck Muller Vanguard New Tone Diamonds V35S6SQTNRMVTNTBLDAC,DROP,duplicated description (shared across products),Franck Muller,
Franck Muller Vanguard Colorado Grand Limited Edition V45SCRCGCOVRTTBR,DROP,duplicated description (shared across products),Franck Muller,
Ulysse Nardin Lady Diver 39mm 8163-182B-3/13,KEEP,,Ulysse Nardin,YES
Franck Muller Vanguard Yachting Microblasted Ceramic V45SCYACHTCRNRMCW,DROP,duplicated description (shared across products),Franck Muller,
Franck Muller Vanguard Colorado Grand Limited Edition V45SCRCGCOERACSI,DROP,duplicated description (shared across products),Franck Muller,
Franck Muller Vanguard Lady Slim Vintage 35mm Rose Gold Automatic V35S,DROP,duplicated description (shared across products),Franck Muller,
Franck Muller Vanguard 44MM Forged Carbon Automatic V45SCCBNRCARBBL,DROP,duplicated description (shared across products),Franck Muller,
Franck Muller Vanguard 44MM Forged Carbon Automatic V45SCCBNRCARBRGE,DROP,duplicated description (shared across products),Franck Muller,
Franck Muller Curvex CX Classic 40mm Stainless Steel Automatic CX40SCA,DROP,duplicated description (shared across products),Franck Muller,
Franck Muller Vanguard Yachting 44mm Stainless Steel Automatic V45SCYA,DROP,duplicated description (shared across products),Franck Muller,
Franck Muller Vanguard 44mm Black Titanium V45SCBRNRTTCB-R,DROP,duplicated description (shared across products),Franck Muller,
Girard-Perregaux Laureato Chronograph TI49 42MM Titanium 81020-21-3263,DROP,duplicated description (shared across products),Girard-Perregaux,
Ulysse Nardin Freak X OPS 43mm 2303-270-2A-KAKI/0B,KEEP,,Ulysse Nardin,YES
Omega Constellation Globemaster Annual Calendar 41MM Rose Gold 130.53.,DROP,duplicated description (shared across products),Omega,
Accutron Electrostatic Spaceview 2020 Yellow Gold 2ES7A001,DROP,duplicated description (shared across products),Accutron,
Franck Muller Vanguard Bill Auberlen Skeleton Rose Gold V45SCSQTRCGBA5,DROP,duplicated description (shared across products),Franck Muller,
Girard-Perregaux Laureato Neo Bridges Earth to Sky Edition 84000-21-63,DROP,duplicated description (shared across products),Girard-Perregaux,
Omega Specialties Paris 2024 39MM Bronze Gold Edition 522.92.39.21.99.,DROP,duplicated description (shared across products),Omega,
Omega Speedmaster Moonwatch Professional 42MM Sedna Gold Steel 310.20.,DROP,duplicated description (shared across products),Omega,
Omega Seamaster Aqua Terra 150M 38MM Stainless Steel 220.10.38.20.01.0,DROP,duplicated description (shared across products),Omega,
Omega Seamaster Aqua Terra Shades 38MM Stainless Steel 220.10.38.20.13,DROP,duplicated description (shared across products),Omega,
Omega Seamaster Diver 300M 42MM Stainless Steel PARIS 2024  522.21.42.,DROP,duplicated description (shared across products),Omega,
Omega Seamaster Aqua Terra Shades 38MM Gold Stainless Steel 220.20.38.,DROP,duplicated description (shared across products),Omega,
Omega Seamaster Diver 300M 42MM Stainless Steel PARIS 2024  522.21.42.,DROP,duplicated description (shared across products),Omega,
Omega Seamaster Aqua Terra 150M 41MM Stainless Steel 220.10.41.21.03.0,DROP,duplicated description (shared across products),Omega,
Omega Constellation 41MM Stainless Steel 131.30.41.21.99.003,DROP,duplicated description (shared across products),Omega,
Girard-Perregaux 1966 Full Calendar Rose Gold 49535-52-151-BK6A,DROP,duplicated description (shared across products),Girard-Perregaux,
Arnold & Son Perpetual Moon Obsidian Dial Rose Gold 1GLAR.Z01A.C154A,DROP,duplicated description (shared across products),,
Omega Seamaster Planet Ocean 600M 43.5MM Titanium 215.92.44.21.99.001,DROP,duplicated description (shared across products),Omega,
Alpina Alpiner Extreme Automatic California AL-525BB4AE6,DROP,duplicated description (shared across products),Alpina Alpiner,
Alpina Seastrong Diver Extreme Automatic GMT AL-560LG3VE6,DROP,duplicated description (shared across products),Alpina,
Alpina Alpiner Extreme Automatic AL-525N4AE6,DROP,duplicated description (shared across products),Alpina Alpiner,
Alpina Alpiner Extreme Automatic California AL-525BB4AE6,DROP,duplicated description (shared across products),Alpina Alpiner,
Glashutte Original Pavonina Quartz 31mm Stainless Steel 1-03-01-10-12-,DROP,duplicated description (shared across products),Glashutte,
Longines Primaluna Automatic 30mm Stainless Steel L8.113.4.71.6,KEEP,,Longines,
Ernst Benz Chronolunar Automatic 47mm GC10311,DROP,duplicated description (shared across products),Ernst Benz,
Ernst Benz Chronolunar Officer 47mm GC10382,DROP,duplicated description (shared across products),Ernst Benz,
Ernst Benz Chronolunar DLC 44MM Automatic GC40311-DLC,DROP,duplicated description (shared across products),Ernst Benz,
Ernst Benz Chronolunar Officer GC10383,DROP,duplicated description (shared across products),Ernst Benz,
Ernst Benz Chronolunar GC20311,DROP,duplicated description (shared across products),Ernst Benz,
Ernst Benz Stainless Steel Chronolunar GC40312,DROP,duplicated description (shared across products),Ernst Benz,
Ernst Benz Stainless Steel Chronolunar GC40318,DROP,duplicated description (shared across products),Ernst Benz,
Ernst Benz Chronolunar Officer GC10318,DROP,duplicated description (shared across products),Ernst Benz,
Ernst Benz Chronolunar Officer 47mm GC10382,DROP,duplicated description (shared across products),Ernst Benz,
Ernst Benz Chronolunar 47MM Automatic GC10312,DROP,duplicated description (shared across products),Ernst Benz,
Ernst Benz Chronolunar Officer GC10384,DROP,duplicated description (shared across products),Ernst Benz,
Ernst Benz Chronojewel Diamonds 36MM Automatic GC30242D,DROP,duplicated description (shared across products),Ernst Benz,
Ernst Benz Chronolunar Officer,DROP,duplicated description (shared across products),Ernst Benz,
Backes & Strauss Berkeley 37 Stainless Steel Diamonds BY.37.MA.D2R,DROP,duplicated description (shared across products),,
Backes & Strauss Berkeley 40 Stainless Steel BY.40.MA,DROP,duplicated description (shared across products),,
Backes & Strauss Piccadilly Steel 37 SP PC37MAD2R.ST.WRA.SP.BIC,DROP,duplicated description (shared across products),,
Junghans Pilot Automatic Navy Blue 27/4397.00,DROP,duplicated description (shared across products),Junghans,
Junghans Max Bill Chronoscope Bauhaus 27/4303.02,DROP,duplicated description (shared across products),Junghans,
Junghans Max Bill Handaufzug 27/3701.02,DROP,duplicated description (shared across products),Junghans,
Junghans Meister S Chronoscope Limited Edition 27/4025.01,DROP,duplicated description (shared across products),Junghans,
Junghans Meister Chronoscope Automatic 27/4222.02,DROP,duplicated description (shared across products),Junghans,
Junghans Max Bill Edition Set Kleine & Chronoscope 27/4018.03,DROP,duplicated description (shared across products),Junghans,
Junghans Meister Max Bill Automatic 27/4701.00,DROP,duplicated description (shared across products),Junghans,
Seiko Prospex Diver 300m Stainless Steel SLA021,KEEP,,Seiko,
Seiko Prospex Alpinist Land GMT SPB377,DROP,duplicated description (shared across products),Seiko,
Seiko Prospex Alpinist Land GMT SPB377,DROP,duplicated description (shared across products),Seiko,
King Seiko Watchmaking KSK Modern Re-Interpretation SPB391,DROP,duplicated description (shared across products),Seiko,
Seiko Prospex Sea 1968 Diver's Modern Re-Interpretation Limited Editio,KEEP,,Seiko,
Seiko 5 Sports Rowing Blazers Collaboration Limited Edition SRPJ69,KEEP,,Seiko,
Citizen Satellite Wave Eco-Drive Titanium F100-T021077,DROP,duplicated description (shared across products),Citizen,
Cvstos Re-Belle Sakura Rose Gold Diamonds D00108.3628001,DROP,duplicated description (shared across products),Cvstos,
Maurice Lacroix Pontos Day Date 40mm Stainless Steel PT6158,DROP,duplicated description (shared across products),Maurice Lacroix,
Omega Seamaster Aqua Terra Shades 38MM Stainless Steel 220.10.38.20.10,DROP,duplicated description (shared across products),Omega,
Accutron Electrostatic Spaceview Evolution 26A209,DROP,duplicated description (shared across products),Accutron,
Accutron Electrostatic Spaceview 2020 2ES6A004,DROP,duplicated description (shared across products),Accutron,
Accutron Electrostatic Spaceview 2020 2ES6A001,DROP,duplicated description (shared across products),Accutron,
Franck Muller Curvex CX Classic 40MM Stainless Steel CX40SCAC5NE,DROP,duplicated description (shared across products),Franck Muller,
Omega Seamaster Diver 300M 42MM Summer Blue 210.32.42.20.03.002,DROP,duplicated description (shared across products),Omega,
Frederique Constant Highlife Automatic COSC FC-303BLS3NH6B,DROP,duplicated description (shared across products),Frederique Constant,
Frederique Constant Manufacture Classic Power Reserve Big Date FC-735S,DROP,duplicated description (shared across products),Frederique Constant,
Corum $20 Dollar Liberty Head Gold Coin 180085,KEEP,,,
Seiko Prospex Speedtimer Mechanical Chronograph 100th Anniversary SRQ0,DROP,duplicated description (shared across products),Seiko,
Carl F Bucherer Manero Chronograph Flyback Limited Edition 43mm 10910.,KEEP,,,
Tag Heuer Link 40mm Stainless Steel Yellow Gold WAT2150,DROP,duplicated description (shared across products),TAG Heuer,
Rolex Explorer 36mm Stainless Steel 14270,KEEP,,Rolex,YES
Ernst Benz ChronoSport Automatic 47mm 10200,DROP,duplicated description (shared across products),Ernst Benz,
Girard-Perregaux Laureato Absolute 8Tech Chronograph 81060-41-3222-1CX,DROP,duplicated description (shared across products),Girard-Perregaux,
Omega Seamaster Aqua Terra Shades 38MM Stainless Steel 220.10.38.20.09,DROP,duplicated description (shared across products),Omega,
Breitling Superocean Heritage B20 Automatic 46 Stainless Steel AB2020,DROP,duplicated description (shared across products),Breitling,
Omega Seamaster Aqua Terra 150M 41MM Stainless Steel 220.10.41.21.03.0,DROP,duplicated description (shared across products),Omega,
Ulysse Nardin Freak X TI Black 43mm 2303-270/BLACK,KEEP,,Ulysse Nardin,YES
Omega Seamaster Diver 300M 42MM Sedna Gold 210.62.42.20.03.001,DROP,duplicated description (shared across products),Omega,
Ulysse Nardin Diver X Skeleton Azure 44MM 3723-170-2B/3A,KEEP,,Ulysse Nardin,YES
Cvstos Challenge Chrono GMT Black Steel / Pistachio Limited Editon B01,DROP,duplicated description (shared across products),Cvstos,
Arnold & Son CTB Chronograph Stainless Steel Automatic 1CHAS.SO2A.C121,DROP,duplicated description (shared across products),,
Franck Muller Vanguard Bill Auberlen Skeleton 44mm Carbon V45SCSQTRCGB,DROP,duplicated description (shared across products),Franck Muller,
Cvstos Chrono Sprint Titanium / Blue Limited Edition B00107.4112002,DROP,duplicated description (shared across products),Cvstos,
IWC Big Pilot's Perpetual Calendar Edition 'Top Gun' 48mm Automatic IW,DROP,duplicated description (shared across products),IWC,
Franck Muller Vanguard Racing Bill Auberlen Edition 44mm V45SCSQTRCGBA,DROP,duplicated description (shared across products),Franck Muller,
Ulysse Nardin Blast Skeleton X 42mm 3713-260-3/03,KEEP,,Ulysse Nardin,YES
Ulysse Nardin Blast Skeleton X 42mm 3713-260-3/03,KEEP,,Ulysse Nardin,YES
Omas UNICEF 50th Anniversary Limited Edition 18K Rocco Barocco Fountai,KEEP,,,
Cvstos Challenge Chronograph-S Blue Steel B00107.4103001,DROP,duplicated description (shared across products),Cvstos,
Rolex Stainless Steel & 18 Karat Yellow Gold Submariner Blue/Blue 41,KEEP,,Rolex,YES
Ulysse Nardin Marine Torpilleur 42mm 1182-310-3/42,KEEP,,Ulysse Nardin,YES
Accutron Electrostatic Spaceview Evolution 26A210,DROP,duplicated description (shared across products),Accutron,
Accutron Electrostatic Spaceview Evolution 26A209,DROP,duplicated description (shared across products),Accutron,
Accutron DNA Electrostatic 2ES8A002,DROP,duplicated description (shared across products),Accutron,
Accutron x La Palina Electrostatic Spaceview 2020 2ES6A007,KEEP,,Accutron,
Accutron Electrostatic Spaceview 2020 2ES6A005A,DROP,duplicated description (shared across products),Accutron,
Omega Speed Master Moonphase Blue Side Of The Moon 44.25MM Ceramic 304,DROP,duplicated description (shared across products),Omega,
Omega Seamaster Aqua Terra 43MM 150M Worldtimer Stainless Steel 220.30,DROP,duplicated description (shared across products),Omega,
Ernst Benz Chronolunar Officer GC40381,DROP,duplicated description (shared across products),Ernst Benz,
Ernst Benz Chronolunar Officer GC40382,DROP,duplicated description (shared across products),Ernst Benz,
Accutron Electrostatic DNA Casino Limited Edition 28A208,DROP,duplicated description (shared across products),Accutron,
Accutron Electrostatic DNA Casino Limited Edition 28A207,DROP,duplicated description (shared across products),Accutron,
Accutron DNA Electrostatic 2ES8A003,DROP,duplicated description (shared across products),Accutron,
Accutron DNA Electrostatic 2ES8A001,DROP,duplicated description (shared across products),Accutron,
Backes & Strauss Piccadilly Lady Chronograph 35 PC35QZ.CC.D2R.FULL,DROP,duplicated description (shared across products),,
Backes & Strauss Piccadilly Renaissance 33 White Gold REN-PC33MMD2R.WG,DROP,duplicated description (shared across products),,
Backes & Strauss Berkeley 33 Stainless Steel Diamonds BY.33.MAD2R.D,DROP,duplicated description (shared across products),,
Backes & Strauss Lady Victoria Rose Gold LADY.VICTORIA.RG.WD,DROP,duplicated description (shared across products),,
Backes & Strauss Piccadilly Mystery Red Heart 33 PC.33.QZ.D2R.D,DROP,duplicated description (shared across products),,
Backes & Strauss Countess Victoria Citrine Rose Gold COUNTESS.VICTORIA,DROP,duplicated description (shared across products),,
Audemars Piguet Stainless Steel Royal Oak Offshore Chronograph,DROP,duplicated description (shared across products),Audemars Piguet,
Backes & Strauss Berkeley Helios Dani Alves Limited Edition DA-BY41MM.,DROP,duplicated description (shared across products),,
Cvstos Chronograph-S Chrono Grey Brancard Black Titanium / Blue B00107,DROP,duplicated description (shared across products),Cvstos,
Stainless Steel Franck Muller Vanguard Blue Master Banker,DROP,duplicated description (shared across products),Franck Muller,
Cvstos Metropolitan PS Titanium / SQLT Green Limited Edition F00103.42,DROP,duplicated description (shared across products),Cvstos,
Franck Muller Vanguard Yachting Rose Gold V45SCYACHT5NBL,DROP,duplicated description (shared across products),Franck Muller,
Girard-Perregaux Free Bridge 82000-11-631-FA6A,DROP,duplicated description (shared across products),Girard-Perregaux,
Cvstos Chrono Black Steel / Black-Red Chronograph-S B00107.4102004,DROP,duplicated description (shared across products),Cvstos,
Omega Seamaster Aqua Terra 150M 41MM 220.52.41.21.03.001,DROP,duplicated description (shared across products),Omega,
Girard-Perregaux Laureato Absolute Rock 81060-36-691-FH6A,DROP,duplicated description (shared across products),Girard-Perregaux,
Franck Muller Vanguard Racing Skeleton V 45 SC DT SQT RCG TT BR NR,DROP,duplicated description (shared across products),Franck Muller,
"Rolex Stainless Steel and 18 Karat Yellow Gold Datejust 41, Custom Set",KEEP,,Rolex,YES
Curb Link Chain Bracelet,DROP,non-watch / no product signal,,
Frederique Constant Classics Worldtimer Manufacture Limited Edition FC,DROP,duplicated description (shared across products),Frederique Constant,
Omega Seamaster Planet Ocean 600M 45.5MM 232.18.46.21.01.001,DROP,duplicated description (shared across products),Omega,
Rolex Stainless Steel & 18 Karat Yellow Gold Submariner Blue/Blue 40,KEEP,,Rolex,YES
Rolex Submariner Date 40mm Stainless Steel Kermit 16610V,KEEP,,Rolex,YES
Girard-Perregaux Laureato 42MM 81010-32-631-32A,DROP,duplicated description (shared across products),Girard-Perregaux,
Rolex Stainless Steel Submariner Green/Black 41mm,KEEP,,Rolex,YES
Cvstos Sealiner PS Navy Blue / Steel C00103.4506002,DROP,duplicated description (shared across products),Cvstos,
Rolex Stainless Steel Submariner Ceramic 41mm Date,KEEP,,Rolex,YES
Piaget Altiplano 38mm White Gold G0A29112,KEEP,,,
Girard-Perregaux Laureato Chronograph 42MM 81020-11-131-11A,DROP,duplicated description (shared across products),Girard-Perregaux,
Girard-Perregaux Laureato Chronograph 42MM 81020-11-631-11A,DROP,duplicated description (shared across products),Girard-Perregaux,
Girard-Perregaux Laureato Chronograph 42MM 81020-11-431-11A,DROP,duplicated description (shared across products),Girard-Perregaux,
Gentlemans Domed Solitaire with Round Diamond in 14k Yellow Gold,DROP,non-watch / no product signal,,
Franck Muller Vanguard Racing Krypton 2 Carbon 45MM V45SCRCGKRY2BLCBNR,DROP,duplicated description (shared across products),Franck Muller,
Franck Muller Vanguard Racing 45MM Forged Carbon Automatic V45SCRCGKRY,DROP,duplicated description (shared across products),Franck Muller,
Victorinox I.N.O.X. Professional Diver Titanium 241957.1,DROP,duplicated description (shared across products),Victorinox,
Accutron Electrostatic Spaceview 2020 2ES6A006,DROP,duplicated description (shared across products),Accutron,
Seiko Prospex Sea Automatic The Black Series Limited Edition SPB335,DROP,duplicated description (shared across products),Seiko,
Seiko Prospex Sea 1970 Diver's Modern Re-Interpretation Naomi Uemura S,KEEP,,Seiko,
Seiko Prospex Sea 1965 Diver's Modern Re-Interpretation Limited Editio,KEEP,,Seiko,
Seiko Prospex Cave Diver U.S. Special Edition SPB357,DROP,duplicated description (shared across products),Seiko,
Seiko 5 Sports SKX Sports Style 55th Anniversary Limited Edition SRPK0,KEEP,,Seiko,
Locman Ducati D106A01S-00BKRSIK,DROP,duplicated description (shared across products),Locman,
Seiko Presage Watchmaking 110th Anniversary Limited Edition SPB359,DROP,duplicated description (shared across products),Seiko,
Seiko Presage Watchmaking 110th Anniversary Limited Edition SPB359,DROP,duplicated description (shared across products),Seiko,
Seiko 5 Sports Rowing Blazers Collaboration Limited Edition SRPJ59,DROP,duplicated description (shared across products),Seiko,
Seiko Prospex Speedtimer Solar Chronograph Limited Edition SSC909,DROP,duplicated description (shared across products),Seiko,
Seiko 5 Sports SKX Sports Style GMT Series SSK001,DROP,duplicated description (shared across products),Seiko,
Frederique Constant Slimline Moonphase Stars FC-701NSD3SD4,DROP,duplicated description (shared across products),Frederique Constant,
Frederique Constant Slimline FC-220MPBD1S26B,DROP,duplicated description (shared across products),Frederique Constant,
Seiko Prospex Cave Diver U.S. Special Edition SPB351,DROP,duplicated description (shared across products),Seiko,
Seiko Prospex Cave Diver U.S. Special Edition SPB349,DROP,duplicated description (shared across products),Seiko,
Seiko Prospex 1970 Diver's Modern Re-Interpretation 200M SLA063,DROP,duplicated description (shared across products),Seiko,
Seiko Prospex Speedtimer Mechanical Chronograph SRQ043,KEEP,,Seiko,
Seiko Prospex Sea Diver's 200M Automatic 45mm SPB321,DROP,duplicated description (shared across products),Seiko,
Frederique Constant Classics Elegance FC-331MPWD3B6,DROP,duplicated description (shared across products),Frederique Constant,
Seiko 5 Sports SKX Sports Style GMT Series SSK005,DROP,duplicated description (shared across products),Seiko,
Seiko Prospex Speedtimer Oregon22 Limited Edition SRQ041,KEEP,,Seiko,
Seiko Prospex Captain Willard Mystic Lagoon SPB288,DROP,duplicated description (shared across products),Seiko,
Seiko Presage Ladies Craftsmanship Series Sakura Pink Enamel SPB233,KEEP,,Seiko,
Frederique Constan Highlife Chronograph Automatic FC-391SB4NH6B,DROP,duplicated description (shared across products),Frederique Constant,
King Seiko KSK Automatic Stainless Steel SPB283,DROP,duplicated description (shared across products),Seiko,
King Seiko KSK Modern Re-Interpretation Stainless Steel SPB285,DROP,duplicated description (shared across products),Seiko,
Frederique Constant Classics Heart Beat Manufacture Limited Edition FC,DROP,duplicated description (shared across products),Frederique Constant,
Frederique Constant Heart Beat Automatic Ladies Diamonds FC-310HBAD2PD,DROP,duplicated description (shared across products),Frederique Constant,
Frederique Constant Classics Premiere FC-301DGR3B6,DROP,duplicated description (shared across products),Frederique Constant,
Frederique Constant Classics Automatic FC-303SS5B2B,DROP,duplicated description (shared across products),Frederique Constant,
Seiko 5 Sports Brian May Red Special Limited Edition SRPH80,DROP,duplicated description (shared across products),Seiko,
Frederique Constant Slimline Moonphase Manufacture FC-705V4S4,DROP,duplicated description (shared across products),Frederique Constant,
Frederique Constant Classics Worldtimer Manufacture Globetrotter FC-71,DROP,duplicated description (shared across products),Frederique Constant,
Seiko Prospex Speedtimer Mechanical Chronograph SRQ039,KEEP,,Seiko,
Seiko Prospex Diver's 200M Save The Ocean Limited Edition SLA055,KEEP,,Seiko,
Frederique Constant Classics Index Business Timer FC-270N4P6B,DROP,duplicated description (shared across products),Frederique Constant,
Frederique Constant Classics Carrée Ladies FC-200MPDC14B,DROP,duplicated description (shared across products),Frederique Constant,
Frederique Constant Classics Moon And Stars FC-220NSD3BD4,DROP,duplicated description (shared across products),Frederique Constant,
Seiko Prospex Speedtimer Mechanical Chronograph Limited Edition SRQ035,KEEP,,Seiko,
Seiko Prospex Ice Diver U.S. Special Edition SPB265,DROP,duplicated description (shared across products),Seiko,
Seiko Prospex Ice Diver U.S. Special Edition SPB265,DROP,duplicated description (shared across products),Seiko,
Frederique Constant Classics Heart Beat Automatic Limited Edition FC-9,DROP,duplicated description (shared across products),Frederique Constant,
Seiko Prospex The 1959 Alpinist Re-creation SJE085,KEEP,,Seiko,
Frederique Constant Classics Quartz FC-220NS5B6B,DROP,duplicated description (shared across products),Frederique Constant,
Frederique Constant Highlife Heart Beat FC-310B4NH6B,DROP,duplicated description (shared across products),Frederique Constant,
Seiko Prospex The 1970 Diver's Modern Re-interpretation SPB183,DROP,duplicated description (shared across products),Seiko,
Hublot Black Ceramic Big Bang King Power Unico GMT 48mm,DROP,duplicated description (shared across products),Hublot,
Girard-Perregaux Laureato Absolute 81065-21-491-FH6A,DROP,duplicated description (shared across products),Girard-Perregaux,
Omega Speedmaster Chronoscope 43MM Bronze Gold 329.92.43.51.10.001,DROP,duplicated description (shared across products),Omega,
Hublot Stainless Steel Big Bang One Click with Diamond Bezel,DROP,duplicated description (shared across products),Hublot,
Cvstos Jetliner PS Grey Brancard Grey Titanium / 5N A00103.4114001,DROP,duplicated description (shared across products),Cvstos,
Montblanc Heritage Chronometrie Dual Time 112648,KEEP,,Montblanc,
Raymond Weil Yellow Gold PVD Toccata 5985-P-97081,KEEP,,Raymond Weil,
Stainless Steel Raymond Weil Noemia 5132-ST-00985,KEEP,,Raymond Weil,
Raymond Weil Stainless Steel Diamond Noemia 5132-STS-20081,KEEP,,Raymond Weil,
Raymond Weil Two Tone Toccata 5985-SPS-97081,KEEP,,Raymond Weil,
Raymond Weil Two Tone Tango 5960-STP-00995,KEEP,,Raymond Weil,
Raymond Weil Freelancer Chronograph 7731-SC1-65421,DROP,duplicated description (shared across products),Raymond Weil,
Raymond Weil Freelancer Classic 2760-ST1-20001,DROP,duplicated description (shared across products),Raymond Weil,
Raymond Weil Shine 1600-STS-00995,KEEP,,Raymond Weil,
Raymond Weil Freelancer Classic 2731-ST-20001,DROP,duplicated description (shared across products),Raymond Weil,
Raymond Weil Diver Tango 8280-ST3-20001,DROP,duplicated description (shared across products),Raymond Weil,
Raymond Weil Freelancer 2760-SR1-20001,DROP,duplicated description (shared across products),Raymond Weil,
Raymond Weil Tango Marshall Amplification 8570-BKC-MARS1,DROP,duplicated description (shared across products),Raymond Weil,
Raymond Weil Tango 8160-ST2-60001,DROP,duplicated description (shared across products),Raymond Weil,
Raymond Weil Maestro Analong Black Automatic 2237-ST-20001,DROP,duplicated description (shared across products),Raymond Weil,
Raymond Weil Noemia Silver 5124-STS-00985,KEEP,,Raymond Weil,
Girard-Perregaux Laureato 42MM 81010-11-431-11A,DROP,duplicated description (shared across products),Girard-Perregaux,
Girard-Perregaux Laureato 42MM 81010-11-431-11A,DROP,duplicated description (shared across products),Girard-Perregaux,
Franck Muller Vanguard Racing 44mm Stainless Steel Automatic V45SCRCGV,DROP,duplicated description (shared across products),Franck Muller,
Girard-Perregaux Laureato 38mm White Ceramic Diamonds 81005D82A732-FK7,DROP,duplicated description (shared across products),Girard-Perregaux,
Rolex Stainless Steel Explorer II 42,KEEP,,Rolex,YES
Rolex Stainless Steel Explorer II New Style Polar Dial,KEEP,,Rolex,YES
Franck Muller Vanguard Krypton Forged Carbon V45SCKRYVECBNR,DROP,duplicated description (shared across products),Franck Muller,
Girard-Perregaux 1966 30mm Stainless Steel 49528D11A172-11A,DROP,duplicated description (shared across products),Girard-Perregaux,
Girard-Perregaux Cat's Eye Lotus 35.4mm 80488D11A701-HK7B,DROP,duplicated description (shared across products),Girard-Perregaux,
Franck Muller Vanguard Yachting 45mm Ceramic Automatic V45SCYACHTCRBLB,DROP,duplicated description (shared across products),Franck Muller,
Franck Muller Vanguard Yachting 41mm Stainless Steel V41SCYACHTACBL,DROP,duplicated description (shared across products),Franck Muller,
Franck Muller Cintree Curvex Color Dreams 2852QZDPCODRACBACE,DROP,duplicated description (shared across products),Franck Muller,
Franck Muller Vanguard Slim Automatic V45SATFOACNRB,DROP,duplicated description (shared across products),Franck Muller,
Franck Muller Vanguard Yachting Ceramic V45SCYACHCRBLMCBLOR,DROP,duplicated description (shared across products),Franck Muller,
Franck Muller Vanguard Colorado Grand 41mm Limited Edition V41SS6AT100,DROP,duplicated description (shared across products),Franck Muller,
Franck Muller Vanguard Colorado Grand 41mm Limited Edition V41SS6AT100,DROP,duplicated description (shared across products),Franck Muller,
Franck Muller Cintree Curvex 31MM 2852QZDPACBACE,DROP,duplicated description (shared across products),Franck Muller,
Franck Muller Color Dreams Diamonds V35QZDCDCODRACD,DROP,duplicated description (shared across products),Franck Muller,
Franck Muller Vanguard Lady,DROP,duplicated description (shared across products),Franck Muller,
Franck Muller Cintrée Curvex 29mm Stainless Steel Quartz 7502QZACBACE,DROP,duplicated description (shared across products),Franck Muller,
Franck Muller Vanguard Classic 45mm Automatic Titanium V45SCBRTTB,DROP,duplicated description (shared across products),Franck Muller,
Franck Muller Curvex 29MM Stainless Steel Quartz 7502QZRELACBACE,DROP,duplicated description (shared across products),Franck Muller,
Zenith Chronomaster Sport Stainless Steel 03.3100.3600/69.C823,KEEP,,Zenith,YES
Franck Muller Galet Classic 28.75mm Stainless Steel Quartz 3002LQZRD3A,DROP,duplicated description (shared across products),Franck Muller,
Seiko 5 Sports Honda Super Cub Limited Edition SRPJ75,DROP,duplicated description (shared across products),Seiko,
Frederique Constant Vintage Rally Healey Chronograph Automatic FC-397H,DROP,duplicated description (shared across products),Frederique Constant,
Seiko Presage Enamel Collection SPB173,DROP,duplicated description (shared across products),Seiko,
"Seiko 5 Sports Naruto & Boruto Limited Edition ""BORUTO"" SBSA087",DROP,duplicated description (shared across products),Seiko,
Seiko Prospex Padi Special Edition SRPA21,DROP,duplicated description (shared across products),Seiko,
Seiko Two Tone Diamond Collection Watch SKK880,KEEP,,Seiko,
Seiko 5 Sports Honda Super Cub Limited Edition SRPJ75,DROP,duplicated description (shared across products),Seiko,
Seiko Prospex The 1975 Professional Diver's 600m Re-creation Limited E,KEEP,,Seiko,
Seiko Prospex Sea 1000M S23631,DROP,duplicated description (shared across products),Seiko,
Seiko Prospex 1968 Diver's 300m 55th Anniversary Limited Edition SLA03,KEEP,,Seiko,
Zannetti Time Racing Edition,KEEP,,,
B.R.M Chronographes Golf 44mm Black PVD Stainless Steel GF6-44-SA-N-AG,DROP,duplicated description (shared across products),,
Zannetti Gladiator Chronograph Bronze Dial 44mm Stainless Steel GIM.C1,KEEP,,,
Zannetti 8ctopus Black Wood Edition OCP.A2S-W.M.2A.R,KEEP,,,
Piaget Limelight Gala 32mm Yellow Gold Diamonds GOA38161,KEEP,,,
Zenith Captain Ultra Thin Moonphase 16.2310.692/81.M2310,KEEP,,Zenith,YES
Ulysse Nardin Diver Net Azure 44MM 1183-170-2B/3A,KEEP,,Ulysse Nardin,YES
Tissot Rose Dream Diamonds Ladies Quartz T914.210.46.116.00,KEEP,,Tissot,
Bertolucci Forza Day-Date Power Reserve Automatic 1354.51.42.101D7.901,KEEP,,,
Tissot Luxury Automatic 41mm Stainless Steel T086.408.22.036.00,DROP,duplicated description (shared across products),Tissot,
Omega Seamaster Aqua Terra 150M 34MM Diamonds 220.20.34.20.59.001,DROP,duplicated description (shared across products),Omega,
Omega Seamaster Diver 300M 44MM 210.32.44.51.01.001,DROP,duplicated description (shared across products),Omega,
Omega Aqua Terra 150M 28MM 220.10.28.60.53.001,DROP,duplicated description (shared across products),Omega,
Omega De Ville Prestige 39.5MM 424.13.40.20.02.005,DROP,duplicated description (shared across products),Omega,
Ulysse Nardin Diver 44mm 1183-170-3/92,KEEP,,Ulysse Nardin,YES
Ulysse Nardin Blast Dual Time 42mm 243-20/43,KEEP,,Ulysse Nardin,YES
Ulysse Nardin Lady Diver 39mm 8165-182B/BLACK,KEEP,,Ulysse Nardin,YES
Ulysse Nardin Marine Torpilleur Dual Time 44mm 3343-320-3A/1A,KEEP,,Ulysse Nardin,YES
Ulysse Nardin Blast Dual Time 42mm 243-20-3/42,KEEP,,Ulysse Nardin,YES
Ulysse Nardin Marine Torpilleur 42mm 1183-310-7M/40,KEEP,,Ulysse Nardin,YES
Ulysse Nardin Diver 42mm 8163-175/GREY-5N,KEEP,,Ulysse Nardin,YES
Ulysse Nardin Diver X NEMO Point 44mm 1183-170LE/93-NEMO,KEEP,,Ulysse Nardin,YES
Maurice Lacroix Fiaba Stainless Steel Diamonds FA2164-SS002-150,KEEP,,Maurice Lacroix,
Maurice Lacroix Pontos Chronograph Automatic 43mm PT6188-SS001-130,KEEP,,Maurice Lacroix,
Maurice Lacroix Masterpiece Retrograde Calendar 43mm MP6508-SS001-130,KEEP,,Maurice Lacroix,
Maurice Lacroix Pontos Chronograph Automatic 43mm PT6188-SS002-830,KEEP,,Maurice Lacroix,
Maurice Lacroix Pontos Chronograph Automatic 43mm PT6188-SS001-730,KEEP,,Maurice Lacroix,
Graham Silverstone RS Skeleton Black / Gold ZSTAB.BO9A,DROP,duplicated description (shared across products),,
Rolex Stainless Steel Datejust Wimbledon Dial 41mm 2023,KEEP,,Rolex,YES
Breitling Black Titanium Emergency II 51mm,DROP,duplicated description (shared across products),Breitling,
Omega Seamaster 300 41MM Bronze Gold 234.92.41.21.10.001,DROP,duplicated description (shared across products),Omega,
Omega Seamaster 300 41MM Bronze Gold 234.92.41.21.10.001,DROP,duplicated description (shared across products),Omega,
Omega Seamaster Planet Ocean 600M Chronograph 45.5MM 215.23.46.51.03.0,DROP,duplicated description (shared across products),Omega,
Gentlemans Blue Star Sapphire and Diamond Split Shank Ring,DROP,non-watch / no product signal,,
Rolex Stainless Steel Datejust 41,KEEP,,Rolex,YES
Omega Seamaster Planet Ocean 6000M Ultra Deep 45.5MM Titanium 215.92.4,DROP,duplicated description (shared across products),Omega,
Tiffany & Co. Lucida Diamond Cufflinks and Shirt Studs,DROP,non-watch / no product signal,,
Rolex Stainless Steel Yachtmaster with Platinum Bezel 40mm,KEEP,,Rolex,YES
Maurice Lacroix Pontos S Extreme Chronograph 43mm PT6028-ALB01-332,KEEP,,Maurice Lacroix,
Maurice Lacroix Les Classique Chronograph 41mm LC6158-SS002-330-1,KEEP,,Maurice Lacroix,
Omega Seamaster Aqua Terra 150M 38MM Stainless Steel 220.13.38.20.02.0,DROP,duplicated description (shared across products),Omega,
Omega Seamaster Diver 300M 43.5MM Black Ceramic 210.92.44.20.01.002,DROP,duplicated description (shared across products),Omega,
Omega De Ville Prestige 39.5MM Yellow Gold 424.53.40.20.02.002,DROP,duplicated description (shared across products),Omega,
Omega De Ville Tresor 39MM Stainless Steel Diamonds 428.17.39.60.01.00,DROP,duplicated description (shared across products),Omega,
Omega Speedmaster Moonwatch Professional Chronograph 42MM 310.30.42.50,DROP,duplicated description (shared across products),Omega,
Omega Speedmaster Chronoscope Chronograph 43MM 329.30.43.51.02.002,DROP,duplicated description (shared across products),Omega,
Rolex Oyster Perpetual Date 34mm Stainless Steel Yellow Gold 15223,KEEP,,Rolex,YES
Omega Speedmaster Chronoscope Chronograph 43MM 329.30.43.51.03.001,DROP,duplicated description (shared across products),Omega,
Omega Seamaster Diver 300M 42MM 210.30.42.20.06.001,DROP,duplicated description (shared across products),Omega,
Omega Constellation Quartz 27MM Stainless Steel 123.10.27.60.55.003,DROP,duplicated description (shared across products),Omega,
Omega Constellation Quartz 28MM 131.10.28.60.03.001,DROP,duplicated description (shared across products),Omega,
Omega Seamaster Diver 300M 42MM 210.22.42.20.01.002,DROP,duplicated description (shared across products),Omega,
Omega Constellation Quartz 28MM 131.10.28.60.11.001,DROP,duplicated description (shared across products),Omega,
Omega Seamaster 300 Heritage 41MM 234.30.41.21.03.001,DROP,duplicated description (shared across products),Omega,
Omega Seamaster 300 41MM Stainless Steel 234.30.41.21.01.001,DROP,duplicated description (shared across products),Omega,
Omega Seamaster Aqua Terra 150M Small Seconds 41MM 220.10.41.21.02.002,DROP,duplicated description (shared across products),Omega,
Omega Seamaster Diver 300M 42MM 210.32.42.20.04.001,DROP,duplicated description (shared across products),Omega,
IWC Pilot's Chronograph Top Gun Edition 44.5mm Ceramic IW389101,DROP,duplicated description (shared across products),IWC,
Omega Seamaster Aqua Terra 150M 41MM Beijin 2022 522.10.41.21.04.001,DROP,duplicated description (shared across products),Omega,
Omega Speedmaster Chronoscope Chronograph 43MM 329.30.43.51.03.001,DROP,duplicated description (shared across products),Omega,
Omega De Ville Tresor Small Seconds 40MM 435.13.40.21.03.002,DROP,duplicated description (shared across products),Omega,
Hublot Classic Fusion Ceramic Blue Chronograph 45MM 521.CM.7170.LR,DROP,duplicated description (shared across products),Hublot,
IWC Pilot's Watch Mark XVI Automatic 40mm Stainless Steel IW325501,DROP,duplicated description (shared across products),IWC,
Omega Constellation Quartz 28MM 131.10.28.60.03.001,DROP,duplicated description (shared across products),Omega,
Omega Seamaster Aqua Terra 150M 41MM Stainless Steel Rose Gold 220.22.,DROP,duplicated description (shared across products),Omega,
Accutron Electrostatic Spaceview 2020 Limited Edition 2ES6A002,DROP,duplicated description (shared across products),Accutron,
Omega Seamaster 300 41MM 234.30.41.21.03.002,DROP,duplicated description (shared across products),Omega,
Omega Seamaster Aqua Terra 150M 38MM Stainless Steel 220.10.38.20.01.0,DROP,duplicated description (shared across products),Omega,
Omega De Ville Prestige 40MM Stainless Steel 434.10.40.20.03.001,DROP,duplicated description (shared across products),Omega,
Omega Seamaster Aqua Terra 150M 41MM Stainless Steel 220.10.41.21.06.0,DROP,duplicated description (shared across products),Omega,
Omega Seamaster Planet Ocean 600M GMT 45.5MM Big Blue Ceramic 215.92.4,DROP,duplicated description (shared across products),Omega,
Omega Speedmaster '57 Chronograph 40.5MM 332.10.41.51.11.001,DROP,duplicated description (shared across products),Omega,
Omega Seamaster Diver 300M 42MM 210.30.42.20.04.001,DROP,duplicated description (shared across products),Omega,
Omega Constellation 36MM Stainless Steel Rose Gold Diamonds 131.20.36.,DROP,duplicated description (shared across products),Omega,
Omega Seamaster Diver 300M Chronograph 44MM 210.30.44.51.01.001,DROP,duplicated description (shared across products),Omega,
Tudor Black Bay GMT 41mm Stainless Steel 79830RB,KEEP,,Tudor,YES
Omega Seamaster Diver 300M 42MM Stainless Steel Rose Gold 210.20.42.20,DROP,duplicated description (shared across products),Omega,
Omega Speedmaster Dark Side Of The Moon 44.25MM Black Ceramic 311.92.4,DROP,duplicated description (shared across products),Omega,
Omega Speedmaster Dark Side Of The Moon 44.25MM Vintage Black 311.92.4,DROP,duplicated description (shared across products),Omega,
Rolex Stainless Steel Datejust II 44mm,KEEP,,Rolex,YES
Cornelis Hollander 18K Yellow Gold Diamond and Onyx Men’s Ring,DROP,non-watch / no product signal,,
Omega Constellation Globemaster Annual Calendar 41MM 130.23.41.22.11.0,DROP,duplicated description (shared across products),Omega,
Omega Constellation Small Seconds 43mm Stainless Steel Rose Gold 131.2,DROP,duplicated description (shared across products),Omega,
Omega Speedmaster Moonphase Chronograph 44.25MM 304.30.44.52.01.001,DROP,duplicated description (shared across products),Omega,
Omega Seamaster 300 41MM 234.30.41.21.01.001,DROP,duplicated description (shared across products),Omega,
Omega Speedmaster '57 Chronograph 40.5MM 332.10.41.51.10.001,DROP,duplicated description (shared across products),Omega,
Zenith Pilot Flyback Chronograph 11.2240.405,KEEP,,Zenith,YES
Rolex Datejust Oysterquartz Stainless Steel Yellow Gold 17013,KEEP,,Rolex,YES
Omega Seamaster Aqua Terra 150M 41MM 220.12.41.21.03.002,DROP,duplicated description (shared across products),Omega,
Rolex Lady-Datejust Stainless Steel Yellow Gold 6917,KEEP,,Rolex,YES
Eloga 14KY Gold Vintage Diamond Opal Flip Top Dress Watch,KEEP,,,
Tissot Stylis-T 28mm Stainless Steel T028210A,KEEP,,Tissot,
Bedat & Co No.7 Chronograph,DROP,duplicated description (shared across products),,
Eberhard & Co Les Grande Courbees Stainless Steel 41023.1 CP,DROP,duplicated description (shared across products),,
Omega De Ville Prestige 32.7MM Stainless Steel Yellow Gold 424.25.33.2,DROP,duplicated description (shared across products),Omega,
Frederique Constant Highlife Ladies Quartz FC-240LND2NH26B,DROP,duplicated description (shared across products),Frederique Constant,
Frederique Constant Stainless Steel Slimline Perpetual Calendar FC-775,DROP,duplicated description (shared across products),Frederique Constant,
Omega Seamaster Aqua Terra 150M Small Seconds 41MM 220.10.41.21.02.004,DROP,duplicated description (shared across products),Omega,
Omega Speedmaster Chronoscope Chronograph 43mm 329.32.43.51.03.001,DROP,duplicated description (shared across products),Omega,
Omega Seamaster 300 41MM Stainless Steel 234.32.41.21.01.001,DROP,duplicated description (shared across products),Omega,
Omega Seamaster Aqua Terra 150M Small Seconds 38MM 220.10.38.20.59.001,DROP,duplicated description (shared across products),Omega,
Frederique Constant Classics Index Automatic FC-303NS5B6,DROP,duplicated description (shared across products),Frederique Constant,
Graham Chronofighter Black Dail 2CXAS.B01A.L23S.309,DROP,duplicated description (shared across products),,
Frederique Constant Classics Quartz FC-220MN3BD6B,DROP,duplicated description (shared across products),Frederique Constant,
Frederique Constant Classics Carrée FC-200MCD15,DROP,duplicated description (shared across products),Frederique Constant,
Raymond Weil Stainless Steel Millesime 40mm Green Dial,DROP,duplicated description (shared across products),Raymond Weil,
Tudor Stainless Steel Glamour Date 36mm,KEEP,,Tudor,YES
Rolex Stainless Steel Datejust II 41mm,KEEP,,Rolex,YES
Rolex Stainless Steel Midsize Datejust 31mm Factory Diamond Bezel,KEEP,,Rolex,YES
IWC Stainless Steel Portofino Moonphase 46mm,DROP,duplicated description (shared across products),IWC,
Grand Stainless Steel Spring Drive GMT 44mm,KEEP,,Seiko,
Tudor Stainless Steel Black Bay 41MM,DROP,duplicated description (shared across products),Tudor,
Rolex Stainless Steel Datejust II,KEEP,,Rolex,YES
Rolex Stainless Steel Datejust II,KEEP,,Rolex,YES
Rolex Datejust 41 Stainless Steel 126300,KEEP,,Rolex,YES
Rolex Stainless Steel Oyster Perpetual 41mm,KEEP,,Rolex,YES
Gentlemans Flat Curb Chain Link Bracelet,DROP,non-watch / no product signal,,
Rolex Stainless Steel Submariner 40mm,KEEP,,Rolex,YES
Gauthier Gentleman's Triple Bar Link Bracelet,DROP,non-watch / no product signal,,
A-Grade Jadeite Ring in Fine Gold,DROP,non-watch / no product signal,,
Rolex Stainless Steel Datejust 36mm 2019,KEEP,,Rolex,YES
Ebel Two Tone Yellow Gold 1911 Ladies 27mm,KEEP,,,
Tag Heuer Stainless Steel Carrera GMT Chronograph,KEEP,,TAG Heuer,YES
Tiffany & Co. Round Brass Desk Alarm Clock Swiss Quartz,KEEP,,,
Rolex Stainless Steel Datejust 26,KEEP,,Rolex,YES
Rolex 18K Everose Pearlmaster 29mm Ref 80285,KEEP,,Rolex,YES
Pateck Geneve Silver Enamel Pocket Watch 45mm,KEEP,,,
Omega Titanium Seamaster X-33,DROP,duplicated description (shared across products),Omega,
Rolex 18 Karat Yellow Gold Datejust 28mm,KEEP,,Rolex,YES
Tibaldi for Bentley Crewe 60th Anniversary Sterling Silver Fountain Pe,DROP,non-watch / no product signal,,
Gentlemen's Diamond and Onyx Square Curb Chain Station Bracelet in Yel,DROP,non-watch / no product signal,,
Princess Diamond Ring in Platinum,DROP,non-watch / no product signal,,
Gentlemans Blue Sapphire and Diamond Ring,DROP,non-watch / no product signal,,
Jaeger-LeCoultre Stainless Steel Master Ultra Thin Moonphase 39mm,DROP,duplicated description (shared across products),Jaeger-LeCoultre,
Gents Diamond Solitaire Ring in Gold,DROP,non-watch / no product signal,,
Cuban Link Chain Bracelet in White Gold,DROP,non-watch / no product signal,,
1.05ct Princess Cut Diamond Band/ Ring in Platinum,DROP,non-watch / no product signal,,
Gentlemans Alternating Link Diamond Bracelet,DROP,non-watch / no product signal,,
Chronoswiss Stainless Steel Chronograph Skeleton,KEEP,,,
18 Karat Yellow Gold Rainbow Sapphire and Diamond Cufflinks,DROP,non-watch / no product signal,,
Gentlemans Black Star Sapphire and Diamond Ring,DROP,non-watch / no product signal,,
Gentlemans Diamond Slide Station Link Bracelet,DROP,non-watch / no product signal,,
Gentlemans Curb Link Bracelet in White Gold,DROP,non-watch / no product signal,,
Tag Heuer Stainless Steel Aqua Racer 38.5mm,KEEP,,TAG Heuer,YES
Elgin 14k White Gold Vintage Art Deco Diamond Ladies Manual Wind Watch,KEEP,,,
14 Karat White Gold Alternating Sapphire and Diamond Inline Bracelet,DROP,non-watch / no product signal,,
Patek Philippe 18 Karat Yellow Gold Calatrava 32mm,DROP,duplicated description (shared across products),Patek Philippe,
Gentlemans Figaro Link Chain Bracelet,DROP,non-watch / no product signal,,
Diamond Inline Bracelet in White and Yellow Gold,DROP,non-watch / no product signal,,
Porsche Design Titanium Chronotimer 42mm,KEEP,,,
Panerai Stainless steel Luminor Marina 44,KEEP,,Panerai,YES
Curb Link Chain Bracelet in Gold,DROP,non-watch / no product signal,,
E. Howard Watch Co. 14K Yellow Gold Pocket Watch,KEEP,,,
Platinum Vintage Pery Diamond Ladies Watch,KEEP,,,
Diamond Side Channel Band in Gold,DROP,non-watch / no product signal,,
Extra Large Fleuree Diamond Cross in Gold,DROP,non-watch / no product signal,,
Tudor Stainless Steel Black Bay 41,KEEP,,Tudor,YES
Multi Shape Dia Ring in Gold,DROP,non-watch / no product signal,,
Gentleman's Diamond Link Bracelet in Gold,DROP,non-watch / no product signal,,
Gentleman's Square Curb Link Bracelet in Gold,DROP,non-watch / no product signal,,
Gentlemans Figaro Link Chain Bracelet in Gold,DROP,non-watch / no product signal,,
Peter & Pansy Natachu Zuni 14KY Knifewing Inlay Ring,DROP,non-watch / no product signal,,
Gentlemans 5 Stone Diamond Band,DROP,non-watch / no product signal,,
Curb Chain Bracelet in Yellow Gold,DROP,non-watch / no product signal,,
Gentlemen's Diamond Halo Ring in White and Yellow Gold,DROP,non-watch / no product signal,,
Alternating Twisted Foxtail Chain Necklace in Yellow Gold,DROP,non-watch / no product signal,,
18K Yellow Gold Diamond Cross Necklace,DROP,non-watch / no product signal,,
Trillion Diamond Band in Platinum,DROP,non-watch / no product signal,,
Schilling Vintage Diamond Mesh Cufflinks,DROP,non-watch / no product signal,,
Gentleman's Star Sapphire Ring in Gold,DROP,non-watch / no product signal,,
Flat Figaro Link Chain Bracelet,DROP,non-watch / no product signal,,
Gentlemans 2 Tone Custom Link Curb Bracelet,DROP,non-watch / no product signal,,
Gray Star Sapphire Ring in Gold,DROP,non-watch / no product signal,,
Diamond and Black Onyx Inlay Panther Link Bracelet,DROP,non-watch / no product signal,,
Gentlemans Round Top Diamond Cluster Ring,DROP,non-watch / no product signal,,
Gentlemans Diamond Sun Motif Tapered Band,DROP,non-watch / no product signal,,
Princess Diamond Band in Platinum,DROP,non-watch / no product signal,,
18 Karat Yellow Gold Diamond Cluster Ring,DROP,non-watch / no product signal,,
Diamond Ring in Gold,DROP,non-watch / no product signal,,
David Yurman 22 Karat Yellow Gold and Sterling Silver Petrvs Lion and ,DROP,non-watch / no product signal,,
Tiffany & Co. Platinum Triangle Cufflinks and 18k Yellow Gold 5mm Pear,DROP,non-watch / no product signal,,
Anonimo Stainless Steel Marlin Opera Meccana 50mm,KEEP,,,
Gold Curb Link Bracelet,DROP,non-watch / no product signal,,
Tiffany & Co. by Agassiz 18 Karat Yellow Gold 1922 Pocket Watch,KEEP,,,
Gentlemans Figaro Link Chain Bracelet,DROP,non-watch / no product signal,,
Bvlgari Pink Tourmaline Cufflinks,DROP,non-watch / no product signal,,
14KY Curb Link Engravable Bracelet,DROP,non-watch / no product signal,,
14 Karat Rose & White Gold Channel Set Baguette Cut Diamond Ring,DROP,non-watch / no product signal,,
14 Karat Yellow Gold Diamond Cufflinks,DROP,non-watch / no product signal,,
Gentlemans Diamond Wrap Station Wide Band,DROP,non-watch / no product signal,,
Two Tone Figaro Link Chain Bracelet,DROP,non-watch / no product signal,,
Flat Mariner Link Bracelet in Yellow Gold,DROP,non-watch / no product signal,,
Gentlemans Diamond Square Top Cross Motif Ring,DROP,non-watch / no product signal,,
Foxtail Chain Bracelet in Yellow Gold,DROP,non-watch / no product signal,,
Carl Bucherer 18 Karat Yellow Gold Vintage Fan Pin with Ball Watch Dro,KEEP,,,
Cartier 18 Karat White Gold Tank Basculante Diamond and Black Onyx Fli,DROP,duplicated description (shared across products),Cartier,
Philip Stein Stainless Steel Classic Square,KEEP,,,
Faberge 18 Karat White Gold Diamond and Mother of Pearl Anastasia Dres,KEEP,,,
Curb Link Chain Necklace in Gold,DROP,non-watch / no product signal,,
Gentlemans Black Diamond Solitaire Ring,DROP,non-watch / no product signal,,
Men's Channel Set Diamond Ring in Gold,DROP,non-watch / no product signal,,
14 Karat Yellow Gold Bezel Set Aquamarine Ring,DROP,non-watch / no product signal,,
Bleu Royal 14 Karat Rose Gold Black Diamond and Carbon Striped Ring,DROP,non-watch / no product signal,,
14 Karat White Gold Geometric Ruby Cufflinks,DROP,non-watch / no product signal,,
Flat Curb Chain in Yellow,DROP,non-watch / no product signal,,
Oval Link Bracelet with Black Onyx Cabochons in Yellow Gold,DROP,non-watch / no product signal,,
14 Karat Yellow Gold Diamond and Sapphire Barrel Cufflinks,DROP,non-watch / no product signal,,
Levian Rose Plated Chocolate Diamond Ladies Watch,KEEP,,,
Aqua Master Diamond Bezel and Mother of Pearl Ladies Wristwatch Ref SA,KEEP,,,
Stainless Steel Oris William F1 Chronograph Carbon Fiber Watch 7563,DROP,duplicated description (shared across products),Oris,
Accutron Electrostatic DNA Casino Limited Edition 28A208,DROP,duplicated description (shared across products),Accutron,
Accutron Electrostatic DNA Casino Limited Edition 28A207,DROP,duplicated description (shared across products),Accutron,
Accutron DNA Electrostatic 2ES8A003,DROP,duplicated description (shared across products),Accutron,
Accutron DNA Electrostatic 2ES8A001,DROP,duplicated description (shared across products),Accutron,
Breitling Titanium Aerospace,DROP,empty description,Breitling,
14 Karat Yellow Gold Bezel Set Aquamarine Ring,DROP,non-watch / no product signal,,
Bleu Royal 14 Karat Rose Gold Black Diamond and Carbon Striped Ring,DROP,non-watch / no product signal,,
14 Karat White Gold Geometric Ruby Cufflinks,DROP,non-watch / no product signal,,
Tudor Black Bay GMT 41mm Stainless Steel Pepsi 79830RB,DROP,duplicated description (shared across products),Tudor,
Flat Curb Chain in Yellow,DROP,non-watch / no product signal,,
Omega De Ville Prestige 39.5MM 424.13.40.20.02.005,DROP,duplicated description (shared across products),Omega,
Tag Heuer Aquaracer Professional 300 Date 43mm Titanium WBP208B,DROP,duplicated description (shared across products),TAG Heuer,
Oval Link Bracelet with Black Onyx Cabochons in Yellow Gold,DROP,non-watch / no product signal,,
14 Karat Yellow Gold Diamond and Sapphire Barrel Cufflinks,DROP,non-watch / no product signal,,
Frederique Constant Manufacture Classic Date FC-706SAL3H6,DROP,duplicated description (shared across products),Frederique Constant,
Figaro Link Bracelet in Yellow Gold,DROP,non-watch / no product signal,,
Gentlemans Diamond Solitaire Tapered Ring,DROP,non-watch / no product signal,,
Figaro Link Chain Bracelet,DROP,non-watch / no product signal,,
William Henry Spearpoint Dignity Pocket Knife Limited Edition B12 DIGN,DROP,demo/junk category,,
Gentlemen's Three Stone Diamond Ring in White and Yellow Gold,DROP,non-watch / no product signal,,
Tudor Black Bay Ceramic 41mm 79210CNU,DROP,duplicated description (shared across products),Tudor,
Tudor Stainless Steel Black Bay 41MM,DROP,duplicated description (shared across products),Tudor,
Diamond Band in Yellow Gold and Platinum,DROP,non-watch / no product signal,,
Tudor Stainless Steel Black Bay 41MM,DROP,duplicated description (shared across products),Tudor,
Gentlemans Chocolate and Yellow Diamond I.D. Style Bracelet,DROP,non-watch / no product signal,,
Gentlemen's Diamond Diagonal Fluted Ring in Yellow Gold,DROP,non-watch / no product signal,,
Seiko Prospex 1970 Diver's Modern Re-Interpretation 200M SLA063,DROP,duplicated description (shared across products),Seiko,
Smoky Quartz Cufflinks in Yellow Gold,DROP,non-watch / no product signal,,
Gentlemen's Diamond Halo Nugget Ring in Yellow Gold,DROP,non-watch / no product signal,,
Gentlemans 3D Eagle in Flight Ring,DROP,non-watch / no product signal,,
Seiko Prospex Marinemaster 1968 Heritage Diver's SLA077,DROP,duplicated description (shared across products),Seiko,
14 Karat Yellow & White Gold 7mm Milgrain Band,DROP,non-watch / no product signal,,
14 Karat White Gold 7MM Filigree Band,DROP,non-watch / no product signal,,
Gentlemans Platinum Diamond Band,DROP,non-watch / no product signal,,
Gentlemans Princess Diamond Solitaire Band,DROP,non-watch / no product signal,,
Gentlemen's Diamond Fluted Bypass Ring in White and Yellow Gold,DROP,non-watch / no product signal,,
Junghans Meister Chronoscope 27/4525.00,DROP,duplicated description (shared across products),Junghans,
Junghans Meister Chronoscope Automatic 27/4222.02,DROP,duplicated description (shared across products),Junghans,
Tag Heuer Link 40mm Stainless Steel Yellow Gold WAT2150,DROP,duplicated description (shared across products),TAG Heuer,
Bedat & Co No.7 Chronograph,DROP,duplicated description (shared across products),,
Accutron Astronaut GMT Blue Day/Night Bezel 27B202,DROP,duplicated description (shared across products),Accutron,
14K Alternating Curb and Figure 8 Link Bracelet,DROP,non-watch / no product signal,,
Gentleman's Diagonal 3 Stone Diamond Ring in White and Yellow Gold,DROP,non-watch / no product signal,,
Gentlemans Ruby and Diamond Halo Ring,DROP,non-watch / no product signal,,
Seiko Prospex Speedtimer Mechanical Chronograph 100th Anniversary SRQ0,DROP,duplicated description (shared across products),Seiko,
Gentlemen's Alternating 3 Row Diamond and Blue Sapphire Ring in White ,DROP,non-watch / no product signal,,
Alpina Seastrong Diver Extreme Automatic GMT AL-560LG3VE6,DROP,duplicated description (shared across products),Alpina,
Gucci G-Timeless Collection 40mm Automatic 783403,DROP,duplicated description (shared across products),Gucci,
Gucci Dive 40mm Automatic 796807,DROP,duplicated description (shared across products),Gucci,
Gentlemans Black Onyx and Diamond Ring,DROP,non-watch / no product signal,,
Junghans Pilot Automatic Navy Blue 27/4397.00,DROP,duplicated description (shared across products),Junghans,
Gentlemans 9 Row Rectangular Top Diamond Band,DROP,non-watch / no product signal,,
Flush Diamond Satin Gold Cufflinks,DROP,non-watch / no product signal,,
18 Karat Yellow Gold Vintage Diamond and Amethyst Drop Earrings,DROP,non-watch / no product signal,,
Frederique Constant Highlife Automatic COSC FC-303V4NH2B,DROP,duplicated description (shared across products),Frederique Constant,
Figaro Bracelet in Gold,DROP,non-watch / no product signal,,
Frederique Constant Classics Elegance FC-331MPWD3B6,DROP,duplicated description (shared across products),Frederique Constant,
Raymond Weil Freelancer Chronograph 7731-SC1-65421,DROP,duplicated description (shared across products),Raymond Weil,
Junghans Pilot Automatic 27/4490.00,DROP,duplicated description (shared across products),Junghans,
Junghans FORM A Chronoscope English Date 27/4371.01,DROP,duplicated description (shared across products),Junghans,
Seiko Astron GPS Solar Dual-Time Chronograph SSH151,DROP,duplicated description (shared across products),Seiko,
Platinum 70th Anniversary Sterling Silver Overlay Fountain Pen,DROP,non-watch / no product signal,,
Tiffany & Co. Gentlemans Wedding Band in Gold and Platinum,DROP,non-watch / no product signal,,
Junghans Meister S Automatic 27/4210.44,DROP,duplicated description (shared across products),Junghans,
William Henry Blue Wave Damascus & Woolly Mammoth Tooth Pocket Knife B,DROP,demo/junk category,,
Gentlemen's 2000 Stream America Diamond Wedding Band in White Gold,DROP,non-watch / no product signal,,
Gentlemen's Diamond Solitaire Ring in White and Yellow Gold,DROP,non-watch / no product signal,,
Gucci Dive 40mm Automatic 796781,DROP,duplicated description (shared across products),Gucci,
Gucci G-Timeless Collection 40mm Automatic 783396,DROP,duplicated description (shared across products),Gucci,
Gentlemens 5 Stone Diamond Tapered Ring,DROP,non-watch / no product signal,,
Seiko Prospex Sea 1000M S23631,DROP,duplicated description (shared across products),Seiko,
18KW Abalone Cufflinks,DROP,non-watch / no product signal,,
Locman Montecristo Chronograph Automatic 44mm 0516M08S-00WHBKPN,DROP,duplicated description (shared across products),Locman,
Comfort Band in Platinum,DROP,non-watch / no product signal,,
Frederique Constant Highlife Automatic COSC FC-303BLS3NH6B,DROP,duplicated description (shared across products),Frederique Constant,
Figaro Bracelet in Gold,DROP,non-watch / no product signal,,
Frederique Constant Highlife Heart Beat FC-310B4NH6B,DROP,duplicated description (shared across products),Frederique Constant,
Gentlemen's 2 Row Diamond Fluted Bypass Ring in Yellow Gold,DROP,non-watch / no product signal,,
Frederique Constant Highlife Automatic COSC FC-303N4NH6B,DROP,duplicated description (shared across products),Frederique Constant,
Frederique Constant Highlife Heart Beat Automatic FC-310N4NH6B,DROP,duplicated description (shared across products),Frederique Constant,
Frederique Constant Highlife Heart Beat Automatic FC-310B4NH6B,DROP,duplicated description (shared across products),Frederique Constant,
Frederique Constant Highlife Automatic COSC FC-303N4NH6B,DROP,duplicated description (shared across products),Frederique Constant,
Frederique Constant Highlife Automatic COSC FC-303S3NH26B,DROP,duplicated description (shared across products),Frederique Constant,
Gentlemans Railroad Track Chain Bracelet in Gold,DROP,non-watch / no product signal,,
Gentlemans Satin Finish Princess Diamond Band,DROP,non-watch / no product signal,,
Gentlemans Channel Set Diamond Ring,DROP,non-watch / no product signal,,
William Henry Twister Fossil Mammoth Tooth & Damascus Cigar Cutter CG1,DROP,non-watch / no product signal,,
William Henry Spearpoint Ice Age II Pocket Knife Limited Edition B12 I,DROP,demo/junk category,,
Eberhard & Co Les Grande Courbees Stainless Steel 41023.1 CP,DROP,duplicated description (shared across products),,
Viachi Gentlemans Princess Diamond Band,DROP,non-watch / no product signal,,
Gentlemans Opal and Diamond Ring in Gold,DROP,non-watch / no product signal,,
William Henry Spearpoint Rip Tide Pocket Knife Limited Edition B12 RIP,DROP,demo/junk category,,
Alpina Alpiner Extreme Automatic AL-525TB3AE6B,DROP,duplicated description (shared across products),Alpina Alpiner,
Alpina Alpiner Extreme Automatic AL-525CH4AE6B,DROP,duplicated description (shared across products),Alpina Alpiner,
Alpina Alpiner Extreme Automatic AL-525G4AE6B,DROP,duplicated description (shared across products),Alpina Alpiner,
Gentlemans Edged Wedding Band in Platinum,DROP,non-watch / no product signal,,
Gentlemen's Diamond Milgrain Accent Ring in White Gold,DROP,non-watch / no product signal,,
Gentlemans Ametrine and Diamond Halo Cut out Shank Ring,DROP,non-watch / no product signal,,
Christopher Designs Diamond Golfer Tie Tac in Gold,DROP,non-watch / no product signal,,
Gentlemen's Diamond Ring in Yellow Gold,DROP,non-watch / no product signal,,
14 Karat White Gold 8mm Comfort Fit Princess Cut Diamond Wedding Band,DROP,non-watch / no product signal,,
Gucci G-Timeless Collection 42mm Bee Automatic 750377,DROP,duplicated description (shared across products),Gucci,
Gentlemans Diamond Milgrain Accent Band,DROP,non-watch / no product signal,,
Gentlemans Flush Set Diamond Band,DROP,non-watch / no product signal,,
Gentlemans Baguette Diamond Rectangular Top Ring,DROP,non-watch / no product signal,,
Platinum Milgrain Comfort Fit Band 5.8mm,DROP,non-watch / no product signal,,
Gentlemans Channel Set Diamond Ring in Gold,DROP,non-watch / no product signal,,
Gentlemans Diamond Solitaire Phoenix Rop Top Ring,DROP,non-watch / no product signal,,
Gentlemen's Black Diamond Meteorite Pattern Comfort Fit Band in Grey T,DROP,non-watch / no product signal,,
William Henry GenTac Big-Block Pocket Knife Limited Edition B30 BIG-BL,DROP,demo/junk category,,
King Seiko Watchmaking KSK Modern Re-Interpretation SPB391,DROP,duplicated description (shared across products),Seiko,
William Henry Omni Majestic Pocket Knife Limited Edition C19 MAJESTIC,DROP,demo/junk category,,
David Yurman 18 Karat White Gold Forged Carbon 8MM Band,DROP,non-watch / no product signal,,
Frederique Constant Classics Premiere FC-301DGR3B6,DROP,duplicated description (shared across products),Frederique Constant,
Stainless Steel Oris William F1 Chronograph Carbon Fiber Watch 7563,DROP,duplicated description (shared across products),Oris,
Gentleman's Platinum Hammered Milgrain Comfort Band,DROP,non-watch / no product signal,,
Gray Star Sapphire Dome Ring,DROP,non-watch / no product signal,,
14 Karat White Gold Mens Diamond Band,DROP,non-watch / no product signal,,
Frederique Constant Classics Runabout Automatic Limited Edition FC-303,DROP,duplicated description (shared across products),Frederique Constant,
Frederique Constant Classics Runabout Automatic Limited Edition FC-303,DROP,duplicated description (shared across products),Frederique Constant,
Frederique Constant Classics Runabout Automatic Limited Edition FC-303,DROP,duplicated description (shared across products),Frederique Constant,
Frederique Constant Classics Runabout Automatic Limited Edition FC-303,DROP,duplicated description (shared across products),Frederique Constant,
Alpina Alpiner Extreme Automatic AL-525B4AE6,DROP,duplicated description (shared across products),Alpina Alpiner,
Alpina Alpiner Extreme Automatic California AL-525BB4AE6,DROP,duplicated description (shared across products),Alpina Alpiner,
Alpina Alpiner Extreme Automatic AL-525N4AE6,DROP,duplicated description (shared across products),Alpina Alpiner,
Alpina Alpiner Extreme Automatic California AL-525BB4AE6,DROP,duplicated description (shared across products),Alpina Alpiner,
Gentlemans 3 Stone Diamond Tapered Ring,DROP,non-watch / no product signal,,
Coge Gentlemans Center Groove Band,DROP,non-watch / no product signal,,
Raymond Weil Freelancer 2760-SR1-20001,DROP,duplicated description (shared across products),Raymond Weil,
Gentlemans Diamond Tapered Band,DROP,non-watch / no product signal,,
Gentlemans 6 Diamond Grooved Ring,DROP,non-watch / no product signal,,
Ernst Benz Chronolunar Automatic 40mm Stainless Steel 20300,DROP,duplicated description (shared across products),Ernst Benz,
Gentlemen's Diamond Solitaire Tapered Ring in Yellow Gold,DROP,non-watch / no product signal,,
Raymond Weil Freelancer Classic 2760-ST1-20001,DROP,duplicated description (shared across products),Raymond Weil,
Citizen Satellite Wave Eco-Drive Titanium F100-T021077,DROP,duplicated description (shared across products),Citizen,
Seiko Presage Watchmaking 110th Anniversary Limited Edition SPB359,DROP,duplicated description (shared across products),Seiko,
Seiko Presage Watchmaking 110th Anniversary Limited Edition SPB359,DROP,duplicated description (shared across products),Seiko,
Maurice Lacroix Pontos Day Date 40mm Stainless Steel PT6158,DROP,duplicated description (shared across products),Maurice Lacroix,
Junghans Meister Max Bill Automatic 27/4701.00,DROP,duplicated description (shared across products),Junghans,
Locman Montecristo Automatic 42mm 0537K01S-BKBKORSK,DROP,duplicated description (shared across products),Locman,
King Seiko KSK Automatic Stainless Steel SPB283,DROP,duplicated description (shared across products),Seiko,
King Seiko KSK Modern Re-Interpretation Stainless Steel SPB285,DROP,duplicated description (shared across products),Seiko,
Locman Montecristo Automatic 42MM 0537A01S-00BKSKB0,DROP,duplicated description (shared across products),Locman,
Gentlemen's Barrel Script Pattern Comfort Fit Band in White Gold and T,DROP,non-watch / no product signal,,
Bertolucci Giro 42mm Stainless Steel Quartz 1143.55.41.11M,DROP,duplicated description (shared across products),,
Seiko Presage Craftsmanship Series Nausicaä of the Valley of the Wind ,DROP,duplicated description (shared across products),Seiko,
Mathey-Tissot X Massena LAB Chronograph '68 Limited Edition H1968CHNR,DROP,duplicated description (shared across products),Tissot,
Gent's YURMAN 'Petrvs Lynx' Black Diamond Pendant in Silver,DROP,non-watch / no product signal,,
Raymond Weil Freelancer Classic 2731-ST-20001,DROP,duplicated description (shared across products),Raymond Weil,
Tissot Luxury Automatic 41mm Stainless Steel T086.408.22.036.00,DROP,duplicated description (shared across products),Tissot,
Seiko Prospex Cave Diver U.S. Special Edition SPB357,DROP,duplicated description (shared across products),Seiko,
Seiko Prospex Cave Diver U.S. Special Edition SPB351,DROP,duplicated description (shared across products),Seiko,
Seiko Prospex Cave Diver U.S. Special Edition SPB349,DROP,duplicated description (shared across products),Seiko,
Seiko Presage Enamel Collection SPB173,DROP,duplicated description (shared across products),Seiko,
Locman Montecristo Automatic 42mm 0537A01S-00BKGRSK,DROP,duplicated description (shared across products),Locman,
Seiko Prospex Ice Diver U.S. Special Edition SPB261,DROP,duplicated description (shared across products),Seiko,
Seiko Prospex Ice Diver U.S. Special Edition SPB265,DROP,duplicated description (shared across products),Seiko,
Seiko Prospex Ice Diver U.S. Special Edition SPB265,DROP,duplicated description (shared across products),Seiko,
Seiko Prospex The 1970 Diver's Modern Re-interpretation SPB183,DROP,duplicated description (shared across products),Seiko,
Frederique Constant Classics Automatic FC-303SS5B2B,DROP,duplicated description (shared across products),Frederique Constant,
Raymond Weil Tango Marshall Amplification 8570-BKC-MARS1,DROP,duplicated description (shared across products),Raymond Weil,
Locman Stealth 300 MT Automatic 46mm 0216V4-CBCB5N0S2K,DROP,duplicated description (shared across products),Locman,
Victorinox I.N.O.X. Carbon Mechanical 43mm 241866,DROP,duplicated description (shared across products),Victorinox,
Junghans Max Bill Handaufzug 27/3701.02,DROP,duplicated description (shared across products),Junghans,
Seiko Prospex Captain Willard Mystic Lagoon SPB288,DROP,duplicated description (shared across products),Seiko,
Seiko Prospex Sea 1965 Diver's Modern Re-Interpretation 55th Anniversa,DROP,duplicated description (shared across products),Seiko,
Victorinox I.N.O.X. Professional Diver Titanium 241957.1,DROP,duplicated description (shared across products),Victorinox,
Frederique Constant Classics Index Business Timer FC-270N4P6B,DROP,duplicated description (shared across products),Frederique Constant,
Raymond Weil Maestro Analong Black Automatic 2237-ST-20001,DROP,duplicated description (shared across products),Raymond Weil,
Seiko Prospex Sea Diver's 200m Black Series Limited Edition SPB433,DROP,duplicated description (shared across products),Seiko,
Victorinox Journey 1884 Automatic 43mm Stainless Steel 241981,DROP,duplicated description (shared across products),Victorinox,
Seiko Prospex 1965 Heritage Diver's Modern Re-Interpretation SPB143,DROP,duplicated description (shared across products),Seiko,
Seiko Prospex Sea Diver's 200M Automatic 45mm SPB321,DROP,duplicated description (shared across products),Seiko,
Frederique Constant Classics Index Automatic FC-303NS5B6,DROP,duplicated description (shared across products),Frederique Constant,
Locman Montecristo Automatic 41mm 0541A02S-00BLWHPB,DROP,duplicated description (shared across products),Locman,
Gruen Curvex Precision Vintage Yellow Gold,DROP,duplicated description (shared across products),,
Victorinox I.N.O.X. Mechanical 43mm Stainless Steel 241835,DROP,duplicated description (shared across products),Victorinox,
Seiko Prospex Alpinist Land GMT SPB377,DROP,duplicated description (shared across products),Seiko,
Seiko Prospex Alpinist Land GMT SPB377,DROP,duplicated description (shared across products),Seiko,
Raymond Weil Stainless Steel Millesime 40mm Green Dial,DROP,duplicated description (shared across products),Raymond Weil,
Victorinox I.N.O.X. Mechanical 43mm Stainless Steel 241834,DROP,duplicated description (shared across products),Victorinox,
Seiko Presage Sharp Edged Series 110th Anniversary Limited Edition SPB,DROP,duplicated description (shared across products),Seiko,
Locman Montecristo Chronograph 41mm 0542A01S-00BKORPK,DROP,duplicated description (shared across products),Locman,
Raymond Weil Diver Tango 8280-ST3-20001,DROP,duplicated description (shared across products),Raymond Weil,
Raymond Weil Tango 8160-ST2-60001,DROP,duplicated description (shared across products),Raymond Weil,
Seiko Presage Classic Series Automatic Stainless Steel SPB465,DROP,duplicated description (shared across products),Seiko,
Locman Montecristo Chronograph 44mm 051000BKFOR0GOK,DROP,duplicated description (shared across products),Locman,
Seiko Presage Classic Series Automatic Araigaki Dial SPB467,DROP,duplicated description (shared across products),Seiko,
Seiko Prospex Sea Automatic The Black Series Limited Edition SPB335,DROP,duplicated description (shared across products),Seiko,
Locman Stealth 300 MT Chronograph 46mm 0217V1-0KBKNKS2K,DROP,duplicated description (shared across products),Locman,
Locman Ducati Automatic 42mm D104A09S-00CBIPKR,DROP,duplicated description (shared across products),Locman,
Locman Stealth 300 MT Automatic 46mm 0215V3-0KBLNKS2B,DROP,duplicated description (shared across products),Locman,
Seiko Prospex Speedtimer Solar Chronograph SSC945,DROP,duplicated description (shared across products),Seiko,
Frederique Constant Classics Quartz FC-220NS5B6B,DROP,duplicated description (shared across products),Frederique Constant,
Victorinox Journey 1884 43mm Stainless Steel 242009,DROP,duplicated description (shared across products),Victorinox,
Victorinox Fieldforce Chronograph 42mm Stainless Steel 241855,DROP,duplicated description (shared across products),Victorinox,
Tag Heuer Formula 1 Quartz 41mm Stainless Steel WAH1111,DROP,duplicated description (shared across products),TAG Heuer,
Seiko Prospex Speedtimer Solar Chronograph SSC943,DROP,duplicated description (shared across products),Seiko,
Seiko Prospex Speedtimer Solar Chronograph Limited Edition SSC909,DROP,duplicated description (shared across products),Seiko,
Locman Ducati Chronograph 42mm D107A09S-00CBIPKR,DROP,duplicated description (shared across products),Locman,
Victorinox Alliance Mechanical 40mm Stainless Steel 241898,DROP,duplicated description (shared across products),Victorinox,
Locman Mare 300 MT Chrono Quartz 44mm 0560M01R-0RBKRGSK2,DROP,duplicated description (shared across products),Locman,
Locman 1960 Automatic 42mm 0255R02R-RRBLRGPB,DROP,duplicated description (shared across products),Locman,
Victorinox Fieldforce 42mm Stainless Steel 241851,DROP,duplicated description (shared across products),Victorinox,
Victorinox I.N.O.X. 43mm Stainless Steel 241688.1,DROP,duplicated description (shared across products),Victorinox,
Seiko Prospex Sea Automatic Diver Samurai SRPL11,DROP,duplicated description (shared across products),Seiko,
Seiko 5 Sports Brian May Red Special Limited Edition SRPH80,DROP,duplicated description (shared across products),Seiko,
Locman Ducati Chronograph 42mm D105A01S-00BKRPKR,DROP,duplicated description (shared across products),Locman,
Locman Island Chrono Quartz 40mm 0618B02S-BLBLWHSB,DROP,duplicated description (shared across products),Locman,
Alsta Nautoscaph IV Automatic 40mm Stainless Steel,DROP,duplicated description (shared across products),,
Seiko Prospex Solar Analog-Digital Diver SNJ025,DROP,duplicated description (shared across products),Seiko,
Seiko Prospex Padi Special Edition SRPA21,DROP,duplicated description (shared across products),Seiko,
Victorinox Alliance Sport Chronograph 44mm Stainless Steel 241817,DROP,duplicated description (shared across products),Victorinox,
Victorinox Fieldforce 42mm Stainless Steel 241846,DROP,duplicated description (shared across products),Victorinox,
Victorinox Maverick Large 43mm Stainless Steel 241934,DROP,duplicated description (shared across products),Victorinox,
Victorinox Alliance 40mm Stainless Steel 241803,DROP,duplicated description (shared across products),Victorinox,
Victorinox Alliance Sport Chronograph 44mm Stainless Steel 241816,DROP,duplicated description (shared across products),Victorinox,
Seiko 5 Sports SKX Sports Style GMT Series Automatic SSK001,DROP,duplicated description (shared across products),Seiko,
Seiko 5 Sports Rowing Blazers Collaboration Limited Edition SRPJ59,DROP,duplicated description (shared across products),Seiko,
Seiko 5 Sports SKX Sports Style GMT Series SSK001,DROP,duplicated description (shared across products),Seiko,
Seiko 5 Sports SKX Sports Style GMT Series SSK005,DROP,duplicated description (shared across products),Seiko,
"Seiko 5 Sports Naruto & Boruto Limited Edition ""BORUTO"" SBSA087",DROP,duplicated description (shared across products),Seiko,
Locman Ducati Chronograph 42mm D106A07S-00GYYPKY,DROP,duplicated description (shared across products),Locman,
Locman Ducati D106A01S-00BKRSIK,DROP,duplicated description (shared across products),Locman,
Alpina Startimer Pilot Automatic AL-525X4TSP34/6,DROP,duplicated description (shared across products),Alpina,
Alpina Alpiner 4 Automatic 44mm Stainless Steel AL-525X5AQ6,DROP,duplicated description (shared across products),Alpina Alpiner,
Seiko 5 Sports Street Fighter V Collaboration Guile Limited Edition SR,DROP,duplicated description (shared across products),Seiko,
Seiko 5 Sports Honda Super Cub Limited Edition SRPJ75,DROP,duplicated description (shared across products),Seiko,
Seiko 5 Sports Honda Super Cub Limited Edition SRPJ75,DROP,duplicated description (shared across products),Seiko,
Seiko 5 Sports SKX Sense Style Masked Rider Limited Edition SRPJ91,DROP,duplicated description (shared across products),Seiko,
