ID,Type,SKU,"GTIN, UPC, EAN, or ISBN",Name,Published,Is featured?,Visibility in catalog,Short description,Description,Date sale price starts,Date sale price ends,Tax status,Tax class,In stock?,Stock,Low stock amount,Backorders allowed?,Sold individually?,Weight (lbs),Length (in),Width (in),Height (in),Allow customer reviews?,Purchase note,Sale price,Regular price,Categories,Tags,Shipping class,Images,Download limit,Download expiry days,Parent,Grouped products,Upsells,Cross-sells,External URL,Button text,Position,Brands,Attribute 1 name,Attribute 1 value(s),Attribute 1 visible,Attribute 1 global,Attribute 2 name,Attribute 2 value(s),Attribute 2 visible,Attribute 2 global
20560,simple,,,Omega Seamaster Automatic 34MM Rose Gold 14704-3,1,0,visible,Omega Seamaster Automatic 34MM Rose Gold 14704-3,"The Omega Seamaster Automatic, reference 14704-3, is a masterpiece of vintage elegance and superior craftsmanship. This timepiece showcases a refined 34mm case crafted from 18K rose gold, complemented by a fixed rose gold bezel, exuding both luxury and subtle sophistication. Its pristine ivory dial is highlighted with sleek gold index markers under a durable acrylic crystal, offering a timeless aesthetic that never goes out of style. Driven by the reliable Swiss automatic Caliber 591, the watch assures precise hour, minute, and second functions. Completing this exquisite design is a rich brown leather strap with a classic pin buckle, ensuring comfort and elegance. The solid 18K rose gold case back speaks to Omega's dedication to quality and heritage, making it a treasured addition for any collector or watch enthusiast.",,,taxable,,1,,,0,0,,,,,1,,,3300.00,"Watches, watch",,,"https://beepwear.com/wp-content/uploads/2026/01/3cIpIxlZIm58y8qWXXXKq5w3uZ9s0sTU8EXuTbS-Mcg.jpg, https://beepwear.com/wp-content/uploads/2026/01/AhoSaqs3DaEDzdOLOje_Wr5j7KvuIbmCYku3afm8wXk.jpg, https://beepwear.com/wp-content/uploads/2026/01/rdPywuY6055_VCoIxELgfmGNxVPM13DviS8ynqga_ng.jpg, https://beepwear.com/wp-content/uploads/2026/01/0XDQVkPHNAv84jXFU2Hzg8OsYWno5aUtAQDucAykQ4s.jpg, https://beepwear.com/wp-content/uploads/2026/01/y5KpvafmCjh56LzzLWoIS9ma-8eEzqKGiwYZx961IKs.jpg",,,,,,,,,0,Omega,,,,,,,,
20930,simple,,,Rolex Datejust 36 Stainless Steel Yellow Gold 16233,1,0,visible,Rolex Datejust 36 Stainless Steel Yellow Gold 16233,"The Rolex Datejust Ref. 16233 is an exquisite emblem of timeless sophistication and precision. This distinguished timepiece features a classic 36mm stainless steel case accented by an alluring 18K yellow gold fluted bezel, merging durability with elegance. Its refined silver dial, embellished with gold index markers and Roman numerals, harmonizes traditional charm with contemporary flair. Driven by a Swiss automatic movement, the watch ensures reliability and precision in timekeeping, alongside hours, minutes, seconds, and date functionalities protected by a resilient scratch-resistant sapphire crystal.\n\nMeticulously crafted, the Jubilee bracelet combines stainless steel and 18K yellow gold, providing luxurious comfort, secured with a folding clasp. This pre-owned piece, graced with its original box and booklet, stands as a testament to impeccable craftsmanship and enduring style—an ideal addition for any discerning collector.",,,taxable,,1,,,0,0,,,,,1,,,8000.00,Watches,"Pre-Owned, Pre-Owned Rolex Models, Pre-Owned Rolex Watches",,"https://beepwear.com/wp-content/uploads/2026/01/a3QnDz0WABhj0gdgdGBzoO0SIKoodtvxg7zo1uwPQyc.jpg, https://beepwear.com/wp-content/uploads/2026/01/zU5otSbUCOswDBLz94H2Ws71WvV1AyErNYVYDnf7nCc.jpg, https://beepwear.com/wp-content/uploads/2026/01/jbeBw6tH_oKHhq9RmX-6UOeATs4Y92lZxzBNDm7HWUk.jpg, https://beepwear.com/wp-content/uploads/2026/01/t4jj5n1u309ekWf8D2_Z9OsbVjVZbA_DVJefh9yM2zA.jpg, https://beepwear.com/wp-content/uploads/2026/01/ctnchQ2V3qPLzGjoEjcQgJkW1cJTbGmbc0r8T8hV5D4.jpg",,,,,,,,,0,Rolex,,,,,,,,
20933,simple,,,Rolex Yacht-Master 42 White Gold 226659,1,0,visible,Rolex Yacht-Master 42 White Gold 226659,"Experience the epitome of luxury and precision with the Rolex Yacht-Master 42, reference 226659. This distinguished timepiece features a robust 42mm case crafted from sumptuous 18K white gold, perfectly complemented by a bidirectional rotating bezel inlaid with striking black ceramic. The black dial enhances visibility with luminous index hour markers and is protected by a scratch-resistant sapphire crystal, embodying both elegance and durability. Driven by a Swiss automatic movement, this watch provides reliable functionality with its hours, minutes, seconds, and date display. The iconic Oysterflex bracelet, featuring an 18K white gold folding clasp, ensures a secure and comfortable fit. Enveloped in technical sophistication and refined craftsmanship, this pre-owned masterpiece includes its original box and papers, ready to make a bold statement on any wrist.",,,taxable,,1,,,0,0,,,,,1,,,37500.00,Watches,"Pre-Owned, Pre-Owned Rolex Models, Pre-Owned Rolex Watches",,"https://beepwear.com/wp-content/uploads/2026/01/nRXSDUb_GbjEX5ZjHi7lK0r1I2Jk0FHZL3FgnOAnFVg.jpg, https://beepwear.com/wp-content/uploads/2026/01/nFeSXRZWUP2JBIx3-f4aZ2kgBh342YxTNs5IFfX3dXc.jpg, https://beepwear.com/wp-content/uploads/2026/01/xifa1LxRWfwYYLi_TAM6DQTu9BUeVz2sa2yQ7KDvIGU.jpg, https://beepwear.com/wp-content/uploads/2026/01/WWigaFQBIC4Prl_30CE014qtmGlVv8tWvAB4xG5sJyY.jpg, https://beepwear.com/wp-content/uploads/2026/01/AiprATvESl_9xYFIYieMFB9n9PbvhMzlIbgwbYRtIvk.jpg",,,,,,,,,0,Rolex,,,,,,,,
20934,simple,,,Rolex Yacht-Master 42 Yellow Gold 226658,1,0,visible,Rolex Yacht-Master 42 Yellow Gold 226658,"Discover the epitome of luxury with the Rolex Yacht-Master 42, reference 226658, where nautical heritage meets unparalleled craftsmanship. Crafted from exquisite 18K yellow gold, its 42mm case is paired with a striking black Cerachrom bezel insert, offering both durability and a contemporary aesthetic. The bold black dial, adorned with luminous index hour markers, ensures visibility in any light, powered by a precise Swiss automatic movement for consistent performance. The sleek, durable Oysterflex bracelet provides comfort and security, secured with an 18K yellow gold folding clasp. With a robust resistance to water and a scratch-resistant sapphire crystal, this timepiece is a testament to both elegance and endurance, perfect for those who navigate both sea and style with confidence.",,,taxable,,1,,,0,0,,,,,1,,,39500.00,Watches,"Pre-Owned, Pre-Owned Rolex Models, Pre-Owned Rolex Watches",,"https://beepwear.com/wp-content/uploads/2026/01/s0Y5UtxA5-qJdlLMbPLXI3vc1px3hCpE0no88FCNMEo.jpg, https://beepwear.com/wp-content/uploads/2026/01/VFkJGzB0WPXrt9ogWrntALMjG4G9GGI38AGGl3P7c-s.jpg, https://beepwear.com/wp-content/uploads/2026/01/7k-fbNKRw40JelIYaadwSuTr2hdCSqoH97JNw59-pc4.jpg, https://beepwear.com/wp-content/uploads/2026/01/pRm3LQpDclC-yEJPc0XRt32Ws8AeEO2vCePpgpI4l3Q.jpg, https://beepwear.com/wp-content/uploads/2026/01/pa1OGQ1zpghFiOvBToEMxTuHq6lxJTYPPw72tPVMrJM.jpg",,,,,,,,,0,Rolex,,,,,,,,
20938,simple,,,Rolex Yacht-Master 40mm Stainless Steel Yellow Gold 16623,1,0,visible,Rolex Yacht-Master 40mm Stainless Steel Yellow Gold 16623,"The Rolex Yacht-Master, Reference 16623, epitomizes luxury and precision with its exquisite blend of 18K yellow gold and stainless steel. This distinguished 40mm timepiece features a captivating blue dial enhanced by luminous index markers, ensuring optimal readability and a striking nautical aesthetic. Its sophisticated bi-directional rotating bezel, crafted from 18K yellow gold, showcases a 60-minute graduation, perfect for precise timing. Powered by a Swiss automatic movement, it offers reliable hours, minutes, seconds, and date functions, all protected by a resilient sapphire crystal. The watch is complemented by a robust Oyster bracelet, combining stainless steel and yellow gold with a secure folding clasp, embodying both style and durability. With a water resistance of up to 100 meters, this pre-owned gem stands as a testament to Rolex's unmatched craftsmanship and enduring elegance.",,,taxable,,1,,,0,0,,,,,1,,,15800.00,Watches,"Pre-Owned, Pre-Owned Rolex Models, Pre-Owned Rolex Watches",,"https://beepwear.com/wp-content/uploads/2026/01/1fBf4GvC4A9p3Y0WeaM1h0sbvIFl-PqMibnAhCeyUjs.jpg, https://beepwear.com/wp-content/uploads/2026/01/XM2qxfMNaqgwOPcSr7JKk95uLwmvfBUMg_i2UAmUOD8.jpg, https://beepwear.com/wp-content/uploads/2026/01/XCBK_viFtS9_k2QZOgsLbLeCzoYx756ja0jKxZRNDgE.jpg, https://beepwear.com/wp-content/uploads/2026/01/ycABUzgn8F2soEKYlLa4Hw8lVMGEuwvkmZaRUgjY4A.jpg, https://beepwear.com/wp-content/uploads/2026/01/xE1FkeRINtFJUDq9rkbbryyk47Y2pIzW4QwSfHrg2jk.jpg",,,,,,,,,0,Rolex,,,,,,,,
20939,simple,,,Rolex Datejust 36mm Stainless Steel Yellow Gold 16013,1,0,visible,Rolex Datejust 36mm Stainless Steel Yellow Gold 16013,"Experience timeless elegance with the Rolex Datejust 16013, a masterpiece of horological craftsmanship. This distinguished timepiece features a 36mm stainless steel case, elegantly contrasted by a luxurious 18K yellow gold fluted bezel. Its pristine white dial, adorned with gold Roman numerals, exudes classic sophistication—a hallmark of the Datejust collection for decades. Powered by a precise Swiss automatic movement, this watch delivers accurate hours, minutes, seconds, and date functions beneath a durable acrylic crystal. The iconic stainless steel and 18K yellow gold Jubilee bracelet, secured by a robust folding clasp, enhances both comfort and style. This watch embodies the perfect blend of tradition and innovation, suitable for any discerning watch enthusiast.",,,taxable,,1,,,0,0,,,,,1,,,7900.00,Watches,"Pre-Owned, Pre-Owned Rolex Models, Pre-Owned Rolex Watches",,"https://beepwear.com/wp-content/uploads/2026/01/Hc4-V2vmpbkBrgti-F73W4HMATHe5GYOPF55BCLe9_Q.jpg, https://beepwear.com/wp-content/uploads/2026/01/V-5l90w_5PNPxN6SUnp9QBFWVPo5Wc9ySO9GuCPKStM.jpg, https://beepwear.com/wp-content/uploads/2026/01/app4YSk__pLKYdAq-acDJW6EhB4lKyrmeUwTN9NpqDo.jpg, https://beepwear.com/wp-content/uploads/2026/01/yWLMQAj4EqIZvaIIwBiPxpZ5SMtD91y475JyHeMXcqU.jpg, https://beepwear.com/wp-content/uploads/2026/01/vaC1JN_BM644lAoJxq4MRqCccHfY2LwW_esBZ6g-G3w.jpg",,,,,,,,,0,Rolex,,,,,,,,
20940,simple,,,Rolex Datejust 31 Stainless Steel Diamonds 68240,1,0,visible,Rolex Datejust 31 Stainless Steel Diamonds 68240,"Radiating elegance and sophistication, the Rolex Datejust 68240 masterfully combines timeless design with luxurious details. This exquisite timepiece features a 31mm stainless steel case, highlighted by a custom diamond-set bezel that catches the light with every movement. The stunning grey dial is adorned with diamond-set hour markers, perfectly complementing the refined aesthetics of this watch. Powered by a precision Swiss automatic movement, it offers reliable hours, minutes, seconds, and date functionalities, all protected under a scratch-resistant sapphire crystal.\n\nThe watch is completed by a classic stainless steel Jubilee bracelet, featuring a secure folding clasp for comfortable wear. With a robust water resistance of up to 100 meters, this piece balances elegance with practicality. Presented in excellent pre-owned condition, this Rolex Datejust stands as a testament to superior craftsmanship and timeless luxury, making it an enduring addition to any collection.",,,taxable,,1,,,0,0,,,,,1,,,7750.00,Watches,"Pre-Owned, Pre-Owned Rolex Models, Pre-Owned Rolex Watches",,"https://beepwear.com/wp-content/uploads/2026/01/WePIVvLCziyPg0kkKsPbGKix97yJSk3iKRW-FN88340.jpg, https://beepwear.com/wp-content/uploads/2026/01/kttptMkIk0Z9A8aO7K245JBz2ztYp9NDAp_LsG-8PNM.jpg, https://beepwear.com/wp-content/uploads/2026/01/ONPeQFomaepUIZohHly8q_tQVOFh54q7RcfPu6AwQVE.jpg, https://beepwear.com/wp-content/uploads/2026/01/qvlRkOUSM5SFg7ThSpAI6BwlPDifAJnel2bw_X-_7aQ.jpg, https://beepwear.com/wp-content/uploads/2026/01/xWgtRZ21eO8kKXAxf24YNgfqujIAjpnblVQAB3Gg1BA.jpg",,,,,,,,,0,Rolex,,,,,,,,
20941,simple,,,Rolex Submariner Date 40mm Stainless Steel Yellow Gold 16613,1,0,visible,Rolex Submariner Date 40mm Stainless Steel Yellow Gold 16613,"Experience the epitome of luxury with the Rolex Submariner Date 16613, a timepiece that radiates both prestige and precision. This iconic watch features a robust 40mm stainless steel case, elegantly complemented by an 18K yellow gold unidirectional rotating bezel with a striking blue insert. Its custom silver Serti dial, adorned with gemstone-set index markers, exudes sophistication and brilliance, further enhanced by a scratch-resistant sapphire crystal. Powered by Swiss automatic movement, this watch ensures reliable performance with hours, minutes, seconds, and date functions. The stainless steel and 18K yellow gold Oyster bracelet, finished with a secure folding clasp, completes this masterpiece. With a water resistance of up to 300 meters, this Submariner merges functionality with timeless style—making it a coveted addition to any discerning collector’s repertoire.",,,taxable,,1,,,0,0,,,,,1,,,18900.00,Watches,"Pre-Owned, Pre-Owned Rolex Models, Pre-Owned Rolex Watches",,"https://beepwear.com/wp-content/uploads/2026/01/9uxEpYYun7ya9umzJsAuRFT2B9YK9B6ImmFgeVXZ4XE.jpg, https://beepwear.com/wp-content/uploads/2026/01/vmr-xg6JMxZ5mFJnIhWZ-S0uAs5gVDEJXyjIG8OyDc4.jpg, https://beepwear.com/wp-content/uploads/2026/01/2oXtoFQNKcxKZzkHjcDqKDM96UPXMJO1zSqii1p7px4.jpg, https://beepwear.com/wp-content/uploads/2026/01/L67sLxippIRPBVv1eFxJRjVMCvuPzeF4uuppAXIRU5E.jpg, https://beepwear.com/wp-content/uploads/2026/01/rWhrgCSCIs82RoMABNh7Vmt7eamJkYjqmnF3s_EhDhU.jpg",,,,,,,,,0,Rolex,,,,,,,,
20943,simple,,,Rolex Datejust 41 Stainless Steel Yellow Gold 2025  126333,1,0,visible,Rolex Datejust 41 Stainless Steel Yellow Gold 2025  126333,"Discover the Rolex Datejust 41 Reference 126333, a sophisticated blend of luxury and precision. This exquisite timepiece, crafted in a harmonious duo of stainless steel and 18K yellow gold, features a 41mm case complemented by a signature fluted bezel, epitomizing timeless elegance. The luminous silver dial is designed for clarity, boasting index hour markers that enhance its refined aesthetic. Driven by a Swiss automatic movement, it guarantees precise timekeeping and includes hours, minutes, seconds, and date functions—all protected by a scratch-resistant sapphire crystal.\n\nThe watch comes complete with a meticulously crafted Jubilee bracelet, combining stainless steel and yellow gold for a striking two-tone look, alongside a secure folding clasp for optimal comfort. With a water resistance of up to 100 meters and a robust stainless steel case back, this piece promises durability without compromising on style. Presented in pre-owned condition with its original box and papers, this Datejust embodies the finest elements of Rolex's watchmaking legacy.",,,taxable,,1,,,0,0,,,,,1,,,23000.00,Watches,"Pre-Owned, Pre-Owned Rolex Models, Pre-Owned Rolex Watches",,"https://beepwear.com/wp-content/uploads/2026/01/65tBPZ4VVa8sCfiqENBOAEYRizoaL9WLWCz6WepFjt4.jpg, https://beepwear.com/wp-content/uploads/2026/01/cPKO176ZH6oAOGArdz2zl96Ae_yn46wGwJ4jxaqPuak.jpg, https://beepwear.com/wp-content/uploads/2026/01/STUwQutg_1tkpgtPqXDRC5MdhQFujSpM8fvGM-mKQ2Q.jpg, https://beepwear.com/wp-content/uploads/2026/01/GZOHLH0Kglao8JchvcE1Z0o3J9NR89bAMW1HDU8rXIg.jpg, https://beepwear.com/wp-content/uploads/2026/01/UwIPJ4qcnYNzltBcWuNYplztNGh4UHDFLI9vq0_qXmo.jpg",,,,,,,,,0,Rolex,,,,,,,,
20944,simple,,,Rolex Datejust 36 Stainless Steel 16220,1,0,visible,Rolex Datejust 36 Stainless Steel 16220,"The Rolex Datejust 36, Reference 16220, exemplifies timeless elegance and exceptional craftsmanship. Crafted from durable stainless steel, this watch features a 36mm case with an intricately designed engine-turned bezel that exudes sophistication. The striking silver tapestry dial, adorned with clean index hour markers, adds visual depth and texture, ensuring an elegant and balanced aesthetic. Powered by a precise Swiss automatic movement, it offers reliable timekeeping with functions for hours, minutes, seconds, and date, all protected under a scratch-resistant sapphire crystal. Completing this masterpiece is the robust stainless steel Jubilee bracelet, known for its comfort and stylish folding clasp. Water-resistant to 100 meters, this pre-owned piece is meticulously maintained and includes its original box and papers, offering both luxury and peace of mind.",,,taxable,,1,,,0,0,,,,,1,,,6900.00,Watches,"Pre-Owned, Pre-Owned Rolex Models, Pre-Owned Rolex Watches",,"https://beepwear.com/wp-content/uploads/2026/01/dPjBqQFSQgQfSIgQfTrDlSQ5Qmkt2R6rMFYybr255Qo.jpg, https://beepwear.com/wp-content/uploads/2026/01/RZHCOScX_tRFr5ot97bKvkry8rWdEYJd3UerDMnvcHw.jpg, https://beepwear.com/wp-content/uploads/2026/01/D4Zu2mXNQdPN9-lcfSJLTKr4XtMqBZ5uhK-SS9-zcmw.jpg, https://beepwear.com/wp-content/uploads/2026/01/p3ZVZGQ_tUYa4N2yrNIbBAFrBesYG7Z8El741AJKRWA.jpg, https://beepwear.com/wp-content/uploads/2026/01/sCxtPsAD3HwpSOOTPQRlBClVrcXDkqjL1wF9TgZH_74.jpg",,,,,,,,,0,Rolex,,,,,,,,
20945,simple,,,Rolex Oyster Perpetual Date 26mm Stainless Steel 79190,1,0,visible,Rolex Oyster Perpetual Date 26mm Stainless Steel 79190,"Discover the epitome of elegance and functionality with the Rolex Oyster Perpetual Date Reference 79190. Crafted in robust stainless steel, this exquisite timepiece features a refined 26mm case complemented by an intricately engine-turned bezel, exuding a timeless allure. The rare salmon dial, adorned with sophisticated Arabic numerals and luminous index markers, enhances visibility and adds a touch of warmth to the piece. Powered by a precise Swiss automatic movement, it ensures impeccable timekeeping, featuring hours, minutes, seconds, and date functions, safeguarded by a scratch-resistant sapphire crystal. Completing this masterpiece is the signature stainless steel Oyster bracelet with a secure folding clasp, promising comfort and enduring style. Impeccably crafted, this watch represents a marriage of advanced engineering and classic design, destined for those who appreciate both luxury and functionality.",,,taxable,,1,,,0,0,,,,,1,,,5348.00,Watches,"Pre-Owned, Pre-Owned Rolex Models, Pre-Owned Rolex Watches",,"https://beepwear.com/wp-content/uploads/2026/01/p1HjdE9YwnsFbDsUMUNBYXIU5qGgKqhOC0KOm19G2b0.jpg, https://beepwear.com/wp-content/uploads/2026/01/uTN33Xq0TS4V2eGgMVwkNtNmUAJAlyeaqYcbJQZ_DK4.jpg, https://beepwear.com/wp-content/uploads/2026/01/HbRiHJmkvLIjnOUF9XCJepRFOCEW0RPG8T1ZssZZYKo.jpg, https://beepwear.com/wp-content/uploads/2026/01/9dCMYoP28_J08ysnhgl9r8WqZ35BmvrhItgR44Z_6oQ.jpg, https://beepwear.com/wp-content/uploads/2026/01/9hkob9mRrNEYL2IfyMqqajggbzVVqYs2EErc5iBVO6E.jpg",,,,,,,,,0,Rolex,,,,,,,,
20946,simple,,,Porsche Design 1919 Chronotimer Chronograph 41.5mm Titanium 6020.1.02.003.06.2,1,0,visible,Porsche Design 1919 Chronotimer Chronograph 41.5mm Titanium 6020.1.02.003.06.2,"Experience the epitome of modern elegance with the Porsche Design 1919 Chronotimer Chronograph. This distinguished timepiece boasts a robust 41.5mm black titanium case paired with a fixed matching bezel. Its sleek black dial, accentuated by luminous index markers, is seamlessly complemented by Swiss automatic movement that offers precision in hours, minutes, seconds, date, and chronograph functions. Protected by a scratch-resistant sapphire crystal, the watch is finished with a durable black rubber strap and a black titanium folding clasp, ensuring both comfort and style. The exhibition case back reveals the intricate craftsmanship within, highlighting the technical mastery behind this exceptional chronograph. Pre-owned with an original box, this watch is a testament to timeless design and unparalleled sophistication.",,,taxable,,1,,,0,0,,,,,1,,,6000.00,Watches,Pre-Owned,,"https://beepwear.com/wp-content/uploads/2026/01/n6G2VgS0-yzQWRPc1ZLVP7ih59DFSS6yB4rz_JtO1g.jpg, https://beepwear.com/wp-content/uploads/2026/01/8I4kgL4G6o1jcLkvtAsmIpFDafci6soKjB4X4WVii1E.jpg, https://beepwear.com/wp-content/uploads/2026/01/okr2Q6uybeoKaAa8_uk4png54ElDCCb2wcz1oCEBWts.jpg, https://beepwear.com/wp-content/uploads/2026/01/7MFehKl8opLZrVFSSAJ47SscNeDZ_oDzxPs6cumrbjQ.jpg, https://beepwear.com/wp-content/uploads/2026/01/RyQ7YEZIrEzkrSuXakm_E7A5Bb977jix9XMcx50TMc.jpg",,,,,,,,,0,,,,,,,,,
20947,simple,,,Rolex Submariner Date 40mm Stainless Steel Yellow Gold 2016 116613LB,1,0,visible,Rolex Submariner Date 40mm Stainless Steel Yellow Gold 2016 116613LB,"Discover the unparalleled craftsmanship of the Rolex Submariner Date, reference 116613LB. This iconic 40mm timepiece elegantly combines a rugged stainless steel case with an eye-catching 18K yellow gold unidirectional rotating bezel, highlighted by a striking blue ceramic insert. The vibrant blue dial features luminous index markers, ensuring optimal legibility in any condition. Driven by a Swiss automatic movement, this watch offers impeccable precision with hours, minutes, seconds, and date functions, protected beneath a sapphire crystal. The stainless steel and 18K yellow gold Oyster bracelet with a folding clasp adds a touch of luxury, perfectly complementing the timepiece’s robust design. Rated for 300 meters of water resistance, this certified pre-owned watch comes complete with its original box and papers, epitomizing the perfect blend of form and function.",,,taxable,,1,,,0,0,,,,,1,,,20800.00,Watches,"Pre-Owned, Pre-Owned Rolex Models, Pre-Owned Rolex Watches",,"https://beepwear.com/wp-content/uploads/2026/01/g-itGo9puFffLmf4Sa6zvVf-3i861m6D6o4XpJk0kU8.jpg, https://beepwear.com/wp-content/uploads/2026/01/X3MjlaHuGfflARKSv20u9-Cg-ULBUcRfMAi0vtF0hLU.jpg, https://beepwear.com/wp-content/uploads/2026/01/qngULML9K1EMHPSRuT-RjE8Kc7XvSt0Rtoi2_w4DQI0.jpg, https://beepwear.com/wp-content/uploads/2026/01/cCEwHiuzO8YH4V31t9UZDt40FsS4HP1bjDsDHDZeII4.jpg, https://beepwear.com/wp-content/uploads/2026/01/xsaYY7egxZ8pAotM25AkZtRL-qfduV2ctS9qdA0vQi0.jpg",,,,,,,,,0,Rolex,,,,,,,,
20949,simple,,,Rolex GMT-Master II 40mm Everose Gold Root Beer 126715CHNR,1,0,visible,Rolex GMT-Master II 40mm Everose Gold Root Beer 126715CHNR,"Elevate your style with the Rolex GMT-Master II 126715CHNR, a masterpiece of horological design in 18K Everose gold. Its 40mm case harmonizes perfectly with a bidirectional rotating bezel, featuring an alluring black-and-brown ceramic insert. This elegant contrast is complemented by a black dial with luminous index hour markers for impeccable legibility. Inside, the Swiss automatic movement ensures precision, powering hours, minutes, seconds, date, and GMT functions all protected under a robust sapphire crystal. The luxurious 18K Everose gold Oyster bracelet with a secure folding clasp completes this exquisitely crafted timepiece, designed to withstand depths of up to 100 meters. A testament to Rolex's expert craftsmanship, this watch is an iconic blend of functionality and luxury, ideal for the discerning gentleman.",,,taxable,,1,,,0,0,,,,,1,,,52000.00,Watches,"Pre-Owned, Pre-Owned Rolex Models, Pre-Owned Rolex Watches",,"https://beepwear.com/wp-content/uploads/2026/01/vtQmEVSnPLJx_g7grAQB0XwCTQW7GZ1Zns1kTS72CYI.jpg, https://beepwear.com/wp-content/uploads/2026/01/y9M-0ljjQTtNjirNtCgMaAU3sFcLJ6XEDHG73CmH-Hg.jpg, https://beepwear.com/wp-content/uploads/2026/01/Lo3ZVPiVUnc0wruM_jB-m3NSdwRWLk003cfqKH1rpCM.jpg, https://beepwear.com/wp-content/uploads/2026/01/xaI3OIozwsEITBBPNNGuA99Qp5bzFGp4XJWhMuDlRzk.jpg, https://beepwear.com/wp-content/uploads/2026/01/0N2tMNXbyRgk6_tYmVbkibnFBc4rojAA4BcNAEdyL3k.jpg",,,,,,,,,0,Rolex,,,,,,,,
20950,simple,,,Rolex Oyster Perpetual Date 34mm Stainless Steel Yellow Gold 15223,1,0,visible,Rolex Oyster Perpetual Date 34mm Stainless Steel Yellow Gold 15223,"Experience the epitome of timeless sophistication with the Rolex Oyster Perpetual Date, Reference 15223. This distinguished timepiece features a 34mm stainless steel case that seamlessly integrates with an 18K yellow gold, engine-turned bezel, offering a stunning frame for its elegantly crafted champagne dial accentuated by gold index markers. Driven by a precise Swiss automatic movement, this watch provides essential hours, minutes, seconds, and date functions, all protected under a durable sapphire crystal. The two-tone Oyster bracelet, crafted from stainless steel and 18K yellow gold, is both stylish and robust, secured with a reliable folding clasp. Presented in a pre-owned yet pristine condition, this watch is a testament to Rolex’s unparalleled craftsmanship and enduring elegance, complete with its original box and papers.",,,taxable,,1,,,0,0,,,,,1,,,7000.00,Watches,"Pre-Owned, Pre-Owned Rolex Models, Pre-Owned Rolex Watches",,"https://beepwear.com/wp-content/uploads/2026/01/VOcSZSNuStYxum3S-QO30T4ePnOKU4lzEAdYIF3NlEc.jpg, https://beepwear.com/wp-content/uploads/2026/01/NFrud7VdxCnJ0-aTf1eaGLiOnqwpzyhTI-KazdgobvE.jpg, https://beepwear.com/wp-content/uploads/2026/01/owIw_0UX_YaCXBP7zN9D087nquYTfiSotAhRKpvtajo.jpg, https://beepwear.com/wp-content/uploads/2026/01/KnpuS4-ePuPqpOvCDOAIjfuexF2iOiaf-IQGvUojK_w.jpg, https://beepwear.com/wp-content/uploads/2026/01/zfUllGDd0o3yNrAJpXuXPDi7CiQaaN3of8f2vW6IoYM.jpg",,,,,,,,,0,Rolex,,,,,,,,
20951,simple,,,Rolex Datejust 41 Stainless Steel White Gold Wimbledon 2018 126334,1,0,visible,Rolex Datejust 41 Stainless Steel White Gold Wimbledon 2018 126334,"The Rolex Datejust 41 Stainless Steel White Gold Wimbledon 2018 exudes timeless elegance and remarkable craftsmanship. Encased in sleek 41mm stainless steel, this watch features a sophisticated slate sunray dial adorned with bold Roman numerals, embodying both modernity and tradition. The automatic movement ensures precision, while the sapphire crystal provides superior clarity and durability. A fixed, fluted bezel crafted from 18K white gold adds a touch of luxury, complemented by a stainless steel Jubilee bracelet for a comfortable fit and refined style. Waterproof up to 100 meters, this timepiece combines functionality with unparalleled style, making it an exquisite choice for any discerning gentleman.",,,taxable,,1,,,0,0,,,,,1,,,21900.00,Watches,"Pre-Owned, Pre-Owned Rolex Models, Pre-Owned Rolex Watches",,"https://beepwear.com/wp-content/uploads/2026/01/PpcwZrcfFtyi9SxHj79-j-IA8WrcxlOZiN11nR0riXM.jpg, https://beepwear.com/wp-content/uploads/2026/01/G2951FzHoo_SAhfZ_Suhxi4fLs4ZmKicxVlzBZmzLPo.jpg, https://beepwear.com/wp-content/uploads/2026/01/yFlhPiQYHFTFqZ5JG9YKQgV2g0vUHx1mKu57X_MOc8g.jpg, https://beepwear.com/wp-content/uploads/2026/01/HYSyO-GSyTQdT0rgUqLNG16Con03Ve5SiHk6SJE8bX0.jpg, https://beepwear.com/wp-content/uploads/2026/01/12OLC6c5rw4jRcubmjd1ojzfA0TKOzVlqeuIF6mlo6Y.jpg",,,,,,,,,0,Rolex,,,,,,,,
20952,simple,,,Rolex Submariner Date 41mm Stainless Steel Starbucks 2022 126610LV,1,0,visible,Rolex Submariner Date 41mm Stainless Steel Starbucks 2022 126610LV,"Introducing the Rolex Submariner Date 41mm 126610LV, a distinguished blend of robust elegance and technical mastery. Crafted from stainless steel, this 2022 model features a striking green ceramic unidirectional rotating bezel, earning its ""Starbucks"" moniker and capturing attention with its unique colorway. The sleek black dial, adorned with luminous index markers and the iconic Cyclops lens over the date window, reflects Rolex's commitment to clear visibility and precision. At its heart, an automatic movement beats consistently, while the watch is protected by a sapphire crystal and offers an impressive 300 meters of water resistance. The enduring stainless steel oyster bracelet, complete with a folding clasp, ensures comfort and security for the modern adventurer. This timepiece epitomizes functional luxury, making it an exemplary addition to any discerning collection.",,,taxable,,1,,,0,0,,,,,1,,,19000.00,Watches,"Pre-Owned, Pre-Owned Rolex Models, Pre-Owned Rolex Watches",,"https://beepwear.com/wp-content/uploads/2026/01/8EDsHtaxTyZM0lo-SSuIdqammIdTlRrn-9Z2EQLHoNs.jpg, https://beepwear.com/wp-content/uploads/2026/01/ih54A9FjOGxJIGnmJFF4RIhDhQBDlGt-dypAxAdi9U4.jpg, https://beepwear.com/wp-content/uploads/2026/01/TENLJLHcRuqLZ2WY5E6fG-9Xv5A5YxudU7uXRbfHj4o.jpg, https://beepwear.com/wp-content/uploads/2026/01/uekZSX0_xQcrie0idE0o5agfkUyaaof5IURZ4Q8fWtQ.jpg, https://beepwear.com/wp-content/uploads/2026/01/k6E6KLoYs4PI4ASBUsl19Hd7VIebkcfYM3XQvHE3KyQ.jpg",,,,,,,,,0,Rolex,,,,,,,,
20954,simple,,,Rolex Datejust 41mm Stainless Steel Wimbledon 2023  126300,1,0,visible,Rolex Datejust 41mm Stainless Steel Wimbledon 2023  126300,"Experience timeless elegance with the Rolex Datejust 41mm Stainless Steel Wimbledon 2023. Crafted with precision, this men's watch features a striking slate sunray finish dial adorned with Roman numerals, encapsulated in a robust 41mm stainless steel case. The automatic movement ensures reliability, while the scratch-resistant sapphire crystal offers durability and clarity. The watch is completed with a smooth, fixed stainless steel bezel and a sophisticated Jubilee bracelet, secured with a folding clasp for comfort and style. Water-resistant up to 100 meters, this piece seamlessly blends high functionality with Rolex's renowned craftsmanship. Both box and papers included, making it a perfect, pre-owned addition for discerning collectors seeking distinction and value.",,,taxable,,1,,,0,0,,,,,1,,,14900.00,Watches,"Pre-Owned, Pre-Owned Rolex Models, Pre-Owned Rolex Watches",,"https://beepwear.com/wp-content/uploads/2026/01/DsJNVZ0c6E-Kfw8ODzOr7HGT8APlUfmreJu2yfn5AOE.jpg, https://beepwear.com/wp-content/uploads/2026/01/HYJiP8vNZZgTVu5LR6XZxC32BuLMWohQ4_IbQDXrwDs.jpg, https://beepwear.com/wp-content/uploads/2026/01/do3u5b74jNm4-yUQXhQHtfat1EsaJe4H2u4XCqhl-L4.jpg, https://beepwear.com/wp-content/uploads/2026/01/4RgE-ADJUCbnl35JzGQsSCRq373XyyP8j3eQbhRNi4w.jpg, https://beepwear.com/wp-content/uploads/2026/01/OZtDHnRqqBpeR7CAU1PJ35IbP2BUELj640Df7y4dQhM.jpg",,,,,,,,,0,Rolex,,,,,,,,
20955,simple,,,Gerald Genta Arena Bi-Retro 45mm Titanium BSP.Y.80.264.B8.BD,1,0,visible,Gerald Genta Arena Bi-Retro 45mm Titanium BSP.Y.80.264.B8.BD,"Experience the epitome of precision and style with the Gerald Genta Arena Bi-Retro 45mm Titanium watch. This stunning timepiece combines technical brilliance with aesthetic allure, showcasing a striking yellow and black dial accentuated by luminous Arabic numerals for optimal readability. The robust 45mm titanium case, paired with a matching titanium bezel and bracelet, ensures durability while maintaining a lightweight feel on the wrist. Powered by an automatic movement, the watch promises accuracy and reliability, while the sapphire crystal offers scratch resistance and clarity. With a water resistance of up to 100 meters, and complete with both its original box and papers, this pre-owned masterpiece is a testament to exceptional craftsmanship and timeless design.",,,taxable,,1,,,0,0,,,,,1,,,8500.00,Watches,Pre-Owned,,"https://beepwear.com/wp-content/uploads/2026/01/dIQmKzm_cGV3-dJzgnq4Ss8-k_pMe8BlxFkgjXwKGz8.jpg, https://beepwear.com/wp-content/uploads/2026/01/zlrfyCcxWvIvb7sfMAYuF8ABM0yAscjlACxgK3q_0E4.jpg, https://beepwear.com/wp-content/uploads/2026/01/sed6PjRx-flTyWQcIG0ryWllKasXVZnVbkd4bHtu4k.jpg, https://beepwear.com/wp-content/uploads/2026/01/mwYCm0yzovyFyJyDrAKDtjBiIQSA2cWsmHIs11X2AJI.jpg, https://beepwear.com/wp-content/uploads/2026/01/4ylz4vnQgK3C2GQMsB854AZc2rRXj8cScfyOGaLkMkU.jpg",,,,,,,,,0,,,,,,,,,
20957,simple,,,Parmigiani Fleurier Pershing One-One-Five Chronograph Rose Gold PF600103-03-B,1,0,visible,Parmigiani Fleurier Pershing One-One-Five Chronograph Rose Gold PF600103-03-B,"Discover the epitome of luxury with the Parmigiani Fleurier Pershing One-One-Five Chronograph in exquisite 18k Rose Gold. A definitive statement of sophistication, this masterpiece features a commanding 45mm case complemented by a refined tan dial adorned with Arabic numerals and index markers. Encased within a robust sapphire crystal, the dial hosts a precise automatic movement, ensuring unparalleled timekeeping accuracy. The unidirectional rotating bezel enhances functionality, crafted entirely in rose gold to match the elegance of its 18K rose gold bracelet, secured with a deployment clasp for ultimate comfort. With a water resistance of up to 200 meters, this chronograph combines enduring craftsmanship with versatile performance, making it a true testament to luxurious Swiss watchmaking.",,,taxable,,1,,,0,0,,,,,1,,,62500.00,Watches,Pre-Owned,,"https://beepwear.com/wp-content/uploads/2026/01/dNVsIsSAKAV8tEO4zNIVI4PDjUtYVOOVmwMzfmQwBm0.jpg, https://beepwear.com/wp-content/uploads/2026/01/1Ss9lZmQdIpu4c5FI144RUuwGN6_hZeTJhjbrEowH40.jpg, https://beepwear.com/wp-content/uploads/2026/01/W7An9Wt6tHK0yy89UgsW1aaO7Lx9NRznauO-uyIbSQg.jpg, https://beepwear.com/wp-content/uploads/2026/01/IN6dcnaJJVrfGL5UqPvAX249g47Ar5xUJ2W12kxZqbw.jpg, https://beepwear.com/wp-content/uploads/2026/01/smPtx_0xYg2dsnTfbJK7w-q_ZTHsLUJ01FO_zipTmT4.jpg",,,,,,,,,0,,,,,,,,,
20958,simple,,,Rolex Oyster Perpetual Date 34mm Stainless Steel 15210,1,0,visible,Rolex Oyster Perpetual Date 34mm Stainless Steel 15210,"Discover timeless elegance with the Rolex Oyster Perpetual Date 34mm, a masterpiece of horological craftsmanship. Encased in robust stainless steel, this pre-owned Rolex embodies understated luxury with its 34mm case and sleek, fixed engine-turned bezel. The striking white dial, elegantly adorned with index markers and Roman numerals, offers a classic aesthetic, seamlessly combined with the innovation of automatic movement. Its sapphire crystal ensures durability, while the stainless steel Oyster bracelet with a secure folding clasp complements its refined design. Water-resistant up to 100 meters, this unisex timepiece is as functional as it is sophisticated, making it a versatile addition to any watch collection. Enjoy the confidence of wearing a Rolex that marries tradition with modern sophistication.",,,taxable,,1,,,0,0,,,,,1,,,6000.00,Watches,"Pre-Owned, Pre-Owned Rolex Models, Pre-Owned Rolex Watches",,"https://beepwear.com/wp-content/uploads/2026/01/74TI-NbHXkB-Q-WYaf1hbh453SinN3a6XkPifF5AaEo.jpg, https://beepwear.com/wp-content/uploads/2026/01/hrwTmIKtqE0v1oV7YJGXub-06N2ZW2fL-BfVf4_LY4.jpg, https://beepwear.com/wp-content/uploads/2026/01/mGIrG7akCNI3cEL0PE59L-6sHYmfIJ2B4WWghHxSSkg.jpg, https://beepwear.com/wp-content/uploads/2026/01/l3MEBGOQCLPe7xh9FEa3hVPCjXi8LcliQpqC67Qv_PA.jpg, https://beepwear.com/wp-content/uploads/2026/01/I3CMayegfX4JLMM04HcqlK3bxb6461-XjDrMdBR82Y.jpg",,,,,,,,,0,Rolex,,,,,,,,
20997,simple,,,Concord Vento Yellow Gold Diamonds 51-25-665,1,0,visible,Concord Vento Yellow Gold Diamonds 51-25-665,"Discover the epitome of elegance with the Concord Vento Yellow Gold Diamonds 51-25-665 watch, an exquisite fusion of luxury and precision craftsmanship. Encased in radiant 18k yellow gold, this sophisticated timepiece showcases a refined 19.4mm case adorned with a dazzling diamond-set bezel, offering a stunning blend of opulence and subtle charm. The graceful white mother-of-pearl dial features diamond-set index markers and Roman numerals, exuding timeless sophistication and ensuring effortless time-telling at a glance.\n\nEngineered with exceptional detail, the watch houses a reliable quartz movement, promising accuracy for the discerning wearer. Its seamless gold bracelet, complete with a concealed folding clasp, ensures a comfortable and secure fit, enhancing the watch's luxurious appeal. Water-resistant up to 30 meters, the Concord Vento is a versatile addition to any collection, embodying a legacy of enduring quality and exceptional artistry.",,,taxable,,1,,,0,0,,,,,1,,,7500.00,Watches,,,"https://beepwear.com/wp-content/uploads/2026/01/sWpMzJeovvjv2XzYxnE0V_IdmWdUe1AUNQKeZBdPmyQ.jpg, https://beepwear.com/wp-content/uploads/2026/01/l1dMKDrohdr32ZBbn6jqb4V4mt9ys1v_hiEgiGMGi74.jpg, https://beepwear.com/wp-content/uploads/2026/01/23KExJOdj9HM9-lzQdNv07NfcseMSfyNvrqr1bA5Y.jpg, https://beepwear.com/wp-content/uploads/2026/01/NEwLhvhvjfZwtFrOqc4F4UE7RlKXbU6rPSPLVxeFnqY.jpg, https://beepwear.com/wp-content/uploads/2026/01/Ejg0CVw_jMNT6GR1OtG4LGP9Coi7NZMU3ScTfp_fl8Q.jpg",,,,,,,,,0,,,,,,,,,
20999,simple,,,Rolex Cosmograph Daytona 40mm Stainless Steel 116520,1,0,visible,Rolex Cosmograph Daytona 40mm Stainless Steel 116520,"The Rolex Cosmograph Daytona 40mm Stainless Steel 116520 is a masterful blend of precision engineering and timeless design. Featuring a robust 40mm case crafted from corrosion-resistant 904L stainless steel, it showcases a sleek silhouette complemented by a luminous white dial. The watch's face is adorned with luminous hour markers and a trio of sub-dials, highlighting its chronograph capabilities essential for precise time measurement. Powered by the Rolex Calibre 4130, an automatic movement, this timepiece promises unrivaled reliability and precision. Its tachymetric scale—engraved on the polished stainless steel bezel—reinforces its motorsport legacy, while the oystersteel bracelet with a secure folding Oysterlock clasp ensures a perfect fit. This iconic watch is not just a timepiece but a statement of refined luxury and exceptional craftsmanship, poised to make an impression in any setting.",,,taxable,,1,,,0,0,,,,,1,,,24500.00,Watches,,,"https://beepwear.com/wp-content/uploads/2026/01/zAjDkeQkzJmnWQnmTjAH-8FpmXm6Il6jeJrpxwIBBtU.jpg, https://beepwear.com/wp-content/uploads/2026/01/30L6mOdgfELP_Lf1nbBkT8k12I4mT6TlZOEy7UR0phc.jpg, https://beepwear.com/wp-content/uploads/2026/01/rwz-gAWJjmw677M7EjXU74AHkNxmuPZzb48szGCSZI4.jpg, https://beepwear.com/wp-content/uploads/2026/01/RswG6TUYTMkDC4mwjvsveXCbR-EKDb42PSQOmpbVB6U.jpg, https://beepwear.com/wp-content/uploads/2026/01/CPg4kf0PTxAEN0U1sjVu1znxRPzdRp7Q7U_DddMKRg0.jpg",,,,,,,,,0,Rolex,,,,,,,,
21000,simple,,,Rolex Datejust 36mm Stainless Steel Yellow Gold 16203,1,0,visible,Rolex Datejust 36mm Stainless Steel Yellow Gold 16203,"Experience the pinnacle of horological refinement with the Rolex Datejust 36mm, reference 16203. This distinguished timepiece melds robust stainless steel with the opulence of 18k yellow gold, showcasing Rolex’s renowned craftsmanship. Its 36mm Oyster case, featuring a lustrous gold domed bezel, offers both enduring style and water resistance up to 100 meters. The champagne-colored dial, adorned with gold index markers and a signature Cyclops lens for date magnification, ensures impeccable readability and elegance.\n\nPowered by an automatic movement, certified as a Superlative Chronometer, the Datejust 16203 guarantees precise timekeeping. Its Oyster bracelet, harmoniously combining brushed steel and polished gold center links, is paired with the convenient folding Oysterclasp for secure wear. A true symbol of luxury and engineering excellence, this Rolex Datejust continues to captivate with its timeless appeal and masterful design.",,,taxable,,1,,,0,0,,,,,1,,,9500.00,Watches,,,"https://beepwear.com/wp-content/uploads/2026/01/WCI7ugbkvltM2eya32TdarGnJBmMoVRfhLSeqcWBTos.jpg, https://beepwear.com/wp-content/uploads/2026/01/3NvQnayEE7JEr30hb_6SPAU3MwfMgta-q9mhqygiS30.jpg, https://beepwear.com/wp-content/uploads/2026/01/Rjk58tIP7JpzWWTLESDiKcqmiRgxg9UhZFCZOCvIcHs.jpg, https://beepwear.com/wp-content/uploads/2026/01/HINArPXlNFPC9w-XQ632Xy-72ymLSgXrAx0dXzi95E4.jpg, https://beepwear.com/wp-content/uploads/2026/01/5nxI6-9EPFcwXjJFVBunKeCCrtgjt7Kw0d9-Y_yfFY.jpg",,,,,,,,,0,Rolex,,,,,,,,
21001,simple,,,Rolex Submariner Date 41mm Stainless Steel Yellow Gold 126613LN,1,0,visible,Rolex Submariner Date 41mm Stainless Steel Yellow Gold 126613LN,"Experience the ultimate blend of precision and luxury with the Rolex Submariner Date 41mm, reference 126613LN. Crafted from robust stainless steel and opulent 18k yellow gold, this iconic timepiece exudes both strength and sophistication. Its 41mm case presents a bold yet timeless presence, while the striking black lacquer dial with luminous markers ensures readability even at a depth of 300 meters. The unidirectional rotating bezel, made from resilient Cerachrom with gold-coated graduations, enhances both form and function.\n\nThe watch is elegantly secured with a Rolex Oyster bracelet, seamlessly combining Oystersteel and yellow gold, and equipped with an Oysterlock clasp for ultimate safety and ease. At its heart lies the calibre 3235 automatic movement, offering precise timekeeping and an extended power reserve. With its superior craftsmanship and adventurous spirit, this Rolex Submariner is an indispensable companion for those who demand both elegance and performance.",,,taxable,,1,,,0,0,,,,,1,,,22000.00,Watches,,,"https://beepwear.com/wp-content/uploads/2026/01/jaKV6KLMb-VZTaIRyWnAM8-DtfvZM44eQwOGMDMWPHE.jpg, https://beepwear.com/wp-content/uploads/2026/01/cKB70BbRq0hv6tROo58Tt4BXXF0hsnL6x5WiyZ5cYBc.jpg, https://beepwear.com/wp-content/uploads/2026/01/u3vz4TDx8qpAA1S34VHEHeMWKsbnL6_4WLc9rKQGYEo.jpg, https://beepwear.com/wp-content/uploads/2026/01/MRZVxtEEf7EbTja8-zD9kVpY-D8Rs4LhhJndKR7qA6c.jpg, https://beepwear.com/wp-content/uploads/2026/01/ymNHAVrfy7ZvbdH72QIU_wGny1xFAeT9cu-GR_z_aT8.jpg",,,,,,,,,0,Rolex,,,,,,,,
21040,simple,,,Rolex Datejust 41 Stainless Steel White Gold Wimbledon 2024  126334,1,0,visible,Rolex Datejust 41 Stainless Steel White Gold Wimbledon 2024  126334,"Immerse yourself in the refined sophistication of the Rolex Datejust 41 Stainless Steel White Gold Wimbledon 126334, a beacon of elegance and horological excellence. This remarkable timepiece features a robust 41mm Oystersteel case, marrying strength with grace, and crowned by an exquisite 18k white gold fluted bezel, ensuring both durability and stunning visual appeal. The slate sunray finish dial boasts the iconic Wimbledon motif, with striking Roman numerals accented by a subtle green highlight, offering a modern twist on classic design.\n\nDriven by the precise automatic calibre 3235 movement, the Datejust 41 guarantees unparalleled performance and unfailing reliability. Its stainless steel Jubilee bracelet, renowned for comfort and resilience, secures the watch effortlessly with a concealed folding Crownclasp. Complemented by a sapphire crystal and a water resistance of up to 100 meters, this Rolex is more than a timepiece—it’s a testament to timeless artistry and innovation, destined to endure and captivate for generations.",,,taxable,,1,,,0,0,,,,,1,,,19800.00,Watches,,,"https://beepwear.com/wp-content/uploads/2026/01/a-2lKp3Kh6Hgtf8daGjSE8BkLJJSS4RECKtE-jQQs_c.jpg, https://beepwear.com/wp-content/uploads/2026/01/cxm3bADDnwydgX5slFJD_VzNAgW7SmmqHYxU8ti54UU.jpg, https://beepwear.com/wp-content/uploads/2026/01/u8nw6-mJprS7S03AfPtAI8h-Bsog6dbYQR3YHaEEgOs.jpg, https://beepwear.com/wp-content/uploads/2026/01/E-OUWc2aXIlZ5W6QeJjoCPxVMtCLcckx1zomA0Jext4.jpg, https://beepwear.com/wp-content/uploads/2026/01/QER4wvdG23YCMqsYzDp42OqXBYHT-oUzVrHh6d4Cwww.jpg",,,,,,,,,0,Rolex,,,,,,,,
21041,simple,,,Rolex Day-Date 36 Yellow Gold President Diamonds 18248,1,0,visible,Rolex Day-Date 36 Yellow Gold President Diamonds 18248,"Experience timeless elegance with the Rolex Day-Date 36 Yellow Gold President Diamonds 18248. This exquisite timepiece features a 36mm case crafted from pristine 18k yellow gold, exuding opulence and sophistication. The bezel is adorned with meticulously set diamonds, chosen for their brilliance and ability to capture light from every angle. The iconic President bracelet, a hallmark of Rolex, provides both comfort and style with its polished, semi-circular links.\n\nAt the heart of this masterpiece lies the renowned Rolex caliber 3155 automatic movement, ensuring exceptional precision with its day and date functions prominently displayed at the 12 and 3 o'clock positions. The white dial, accented by gold Roman numerals and sparkling diamond hour markers, is protected by a scratch-resistant sapphire crystal, adding a layer of durability to this beautiful piece. This watch is a testament to fine craftsmanship, perfect for marking significant milestones or enhancing a collection with its compelling blend of practicality and luxury.",,,taxable,,1,,,0,0,,,,,1,,,25000.00,Watches,,,"https://beepwear.com/wp-content/uploads/2026/01/DdoIHOJVOhdJ5zUJ9CAslhiqIcHbcW5wjIifj83cuhA.jpg, https://beepwear.com/wp-content/uploads/2026/01/AIBpKnxKhl0Zf-wBF1ezDSz9vArONYsf0Y5Q2A7JdpY.jpg, https://beepwear.com/wp-content/uploads/2026/01/79DWUhRxElWcjMlPpScbIJvuW21IJRgLbl2j2aOeoc4.jpg, https://beepwear.com/wp-content/uploads/2026/01/O69d3-OixF418L53WYOBYP8C33qE4b7LoHsCLWtqDI.jpg, https://beepwear.com/wp-content/uploads/2026/01/y-DWMIkgD71g1gbcxB2CywbIyUpUMD_GvMaXtKO6zAk.jpg",,,,,,,,,0,Rolex,,,,,,,,
21043,simple,,,Rolex Explorer II 40mm Stainless Steel 16570,1,0,visible,Rolex Explorer II 40mm Stainless Steel 16570,"Experience timeless adventure with the Rolex Explorer II 40mm Stainless Steel 16570, a quintessential blend of durability and precision engineering. This distinguished timepiece, fashioned from robust stainless steel, features a 40mm case that exudes classic elegance and rugged reliability. The striking black dial, adorned with luminous index markers, ensures unparalleled legibility in any environment, while the iconic 24-hour graduated bezel and additional hand offer seamless day-night tracking—an indispensable feature for explorers navigating the most extreme conditions.\n\nCrafted with the precision synonymous with Rolex, this watch houses an automatic movement within a scratch-resistant sapphire crystal, ensuring long-lasting performance and pristine aesthetics. The robust stainless steel Oyster bracelet, complete with a secure folding clasp, combines comfort with dependability. With a water resistance of 100 meters and a design that embodies exploratory spirit with refined elegance, the Rolex Explorer II is an unrivaled companion for the modern adventurer.",,,taxable,,1,,,0,0,,,,,1,,,9500.00,Watches,,,"https://beepwear.com/wp-content/uploads/2026/01/05alWCxl09p9tonRWyx1nvMcPovpU-QcspqlK4boWGU.jpg, https://beepwear.com/wp-content/uploads/2026/01/RSemco6v0BfHhnfBzxcF_exO1lG6UTNMtsSebyIRlNY.jpg, https://beepwear.com/wp-content/uploads/2026/01/9Mammqo_SzOFWR2l71NS2ChABhu9xhqDOAS2jKolE7s.jpg, https://beepwear.com/wp-content/uploads/2026/01/strhBfXS2SOPuidLWUmSkElbls2dX48myZEr0BgyZnc.jpg, https://beepwear.com/wp-content/uploads/2026/01/Y9XdPdOvGkOzxmUAlPX4pC79R3u_eIkvHqsKczbCPGo.jpg",,,,,,,,,0,Rolex,,,,,,,,
21044,simple,,,Rolex Cellini 24mm Yellow Gold 66318,1,0,visible,Rolex Cellini 24mm Yellow Gold 66318,"Indulge in timeless elegance with the Rolex Cellini 24mm Yellow Gold 66318, a watch that beautifully balances classic allure with contemporary grace. Encased in sumptuous 18k yellow gold, its 24mm dimensions are perfectly suited for sophisticated wrists, while the fixed bezel enhances its understated opulence. The pristine white dial is adorned with gold Roman numerals and careful detailing of hands, ensuring clear readability and exquisite simplicity. A supple, intricately linked 18k yellow gold bracelet with a concealed folding clasp ensures comfort paired with an unwavering touch of luxury. Powered by a precision quartz movement, this timepiece reflects Rolex's commitment to flawless craftsmanship and reliability. The Cellini 66318 is more than a watch; it is a refined statement of enduring style and exceptional artistry.",,,taxable,,1,,,0,0,,,,,1,,,11500.00,Watches,,,"https://beepwear.com/wp-content/uploads/2026/01/yPrYEgZpIkL12NVzOAs5-6zYL8fULvh49l-2Qv4f8E.jpg, https://beepwear.com/wp-content/uploads/2026/01/HZcHaww8LbeGp8RPEVXRRBdK9rAB5u15P_J2pxIESbs.jpg, https://beepwear.com/wp-content/uploads/2026/01/Hh4isWN5FXhGdR0u4j1pPjQ4wynE4uiSqvvCnEh6tEA.jpg, https://beepwear.com/wp-content/uploads/2026/01/im6RqfH9hWf5_8_xKz5Gt1FQvXD76ndYg02gw2oDM2k.jpg, https://beepwear.com/wp-content/uploads/2026/01/LXGD2CvvYYL8R9CTHqZ8_FiSNJ6HnxD8W2t1SKmT-HU.jpg",,,,,,,,,0,Rolex,,,,,,,,
21045,simple,,,Rolex Sky-Dweller 42mm Stainless Steel Yellow Gold 326933,1,0,visible,Rolex Sky-Dweller 42mm Stainless Steel Yellow Gold 326933,"Experience unparalleled sophistication and precision with the Rolex Sky-Dweller 42mm Stainless Steel Yellow Gold 326933. This extraordinary timepiece is the epitome of horological excellence, featuring a robust 42mm case crafted from a luxurious combination of stainless steel and 18k yellow gold. Its distinctive champagne sunburst dial, highlighted with luminous index markers, offers both elegance and clarity. Equipped with Rolex's ingenious Ring Command bezel, this masterpiece allows for seamless dual-time zone adjustments, ideal for the modern traveler. At its heart, the in-house Caliber 9001 automatic movement ensures exceptional accuracy and reliability. Complementing its exquisite aesthetics is the sophisticated Oyster bracelet, blending stainless steel and yellow gold links for a perfect fit, complete with the Oysterclasp and Easylink extension system. Water-resistant up to 100 meters, the Rolex Sky-Dweller is not just a watch—it's a statement of timeless elegance and innovative design, crafted for those who demand the finest in both functionality and style.",,,taxable,,1,,,0,0,,,,,1,,,24500.00,Watches,,,"https://beepwear.com/wp-content/uploads/2026/01/WK71-ZEy25afwwNMtangd3llSbgZhRlH2-GA8iPxsJ4.jpg, https://beepwear.com/wp-content/uploads/2026/01/5oQo0aSFUPEqJqXGWB697K79q9DAu3P7BWsLesxRBxo.jpg, https://beepwear.com/wp-content/uploads/2026/01/IzzDbYzO2KMgx1hyNpHL8yXF01MMBC0eopxlUVnzXIU.jpg, https://beepwear.com/wp-content/uploads/2026/01/H2Nsw_SLflxNB_qufs9-l6vdo01XA8CmUP2sBdASuIs.jpg, https://beepwear.com/wp-content/uploads/2026/01/hkFt1TjRYkoza6Q_i-xp1tAMRaCjUKrQr0XWgEk-N7g.jpg",,,,,,,,,0,Rolex,,,,,,,,
21046,simple,,,Rolex Oyster Perpetual 41 Stainless Steel 124300,1,0,visible,Rolex Oyster Perpetual 41 Stainless Steel 124300,"Experience the epitome of horological mastery with the Rolex Oyster Perpetual 41 Stainless Steel 124300, where innovation meets timeless design. Crafted with robust Oystersteel, its 41mm case balances presence with understated elegance, perfect for any occasion. At its core, the Rolex Caliber 3230 automatic movement guarantees unparalleled precision and reliability, complemented by a remarkable power reserve. The black dial, adorned with luminous index markers, enhances legibility under all conditions, safeguarded by a scratch-resistant sapphire crystal. This exquisite timepiece boasts a stainless steel Oyster bracelet, featuring the functional Oysterclasp and Easylink extension for optimal comfort and robustness. Water-resistant up to 100 meters, this watch exemplifies Rolex’s commitment to exceptional quality and technical excellence, ready to elevate any collection.",,,taxable,,1,,,0,0,,,,,1,,,12000.00,Watches,,,"https://beepwear.com/wp-content/uploads/2026/01/sSl2q7DOcTvh83RmpdA4kZ6a6e2472ps947hjwoQiDs.jpg, https://beepwear.com/wp-content/uploads/2026/01/dJ_jHqtNcOv97F3oGfAINbVZYMPM_eBOvrfHqRAnl5A.jpg, https://beepwear.com/wp-content/uploads/2026/01/QenxvRw4kf2eFFMLo0pvrZljUgz44UC6Nb78OcdY0.jpg, https://beepwear.com/wp-content/uploads/2026/01/Re1IpnVHNw9xUXTxsTBi24kaW_GfAqiavA6phM9XT94.jpg, https://beepwear.com/wp-content/uploads/2026/01/ULdmgcvCWSNKE6rJraGVPl5DkXNcyTzMb4eOXgxTOQE.jpg",,,,,,,,,0,Rolex,,,,,,,,
21084,simple,,,Rolex Datejust 31 Yellow Gold Diamonds President 178288,1,0,visible,Rolex Datejust 31 Yellow Gold Diamonds President 178288,"Experience the epitome of luxury with the Rolex Datejust 31 Yellow Gold Diamonds President 178288, a watch that seamlessly combines opulence and precision. Crafted from exquisite 18k yellow gold, this 31mm masterpiece exudes a captivating warmth, enhanced by a stunning bezel intricately set with diamonds. The dial, adorned with diamond-set index markers, offers an elegant contrast on a crisp white background, while the trademark date display at 3 o'clock adds functionality.\n\nPowered by the Rolex Caliber 2236 automatic movement, this timepiece ensures impeccable accuracy and reliability. The signature President bracelet, made from the same luxurious yellow gold, flows seamlessly with semi-circular, three-piece links, providing unparalleled comfort and style. Water-resistant to 100 meters, it combines beauty with durability, making it a true symbol of timeless elegance and superior craftsmanship.",,,taxable,,1,,,0,0,,,,,1,,,39500.00,Watches,,,"https://beepwear.com/wp-content/uploads/2026/01/8NnpcLsf2coKZDWN9SczOnJPFz1oSQwGmYL_eEHP_E8.jpg, https://beepwear.com/wp-content/uploads/2026/01/KYGR272hkCQXXgQNe8guhA0vfSq5LBMv3zap9Lgc92Q.jpg, https://beepwear.com/wp-content/uploads/2026/01/rvK20oFKzQYfrE1RPazlADSFIbCkNVewA0T1TpKRnIw.jpg, https://beepwear.com/wp-content/uploads/2026/01/C7pcDgLSah-4NHN6f6E58Bp58BaVTMO6MldSyIR7q_c.jpg, https://beepwear.com/wp-content/uploads/2026/01/5Nu1AMcTcT0czm6JsJEBXwojH6um9rKIRnzd4_OMK50.jpg",,,,,,,,,0,Rolex,,,,,,,,
21085,simple,,,Rolex Day-Date 36 Yellow Gold President 18238,1,0,visible,Rolex Day-Date 36 Yellow Gold President 18238,"Exuding timeless elegance and unrivaled craftsmanship, the Rolex Day-Date 36 Yellow Gold President 18238 is a masterclass in luxury watchmaking. Crafted from 18-karat yellow gold, this iconic timepiece features a commanding 36mm case that strikes a perfect balance between presence and sophistication. The fluted bezel enhances its elegant allure, capturing and reflecting light with captivating brilliance. At its heart lies the renowned automatic self-winding movement, exemplifying Rolex's precision engineering. The champagne dial, adorned with gold index markers and a day display at 12 o'clock, offers a bold statement of style and individuality. Complemented by a scratch-resistant sapphire crystal and Cyclops lens, this watch ensures durability and optimal date visibility. The distinguished President bracelet with a concealed Crownclasp completes its majestic allure, promising both comfort and prestige. With unparalleled performance and exquisite design, this piece is a quintessential addition to any discerning collection.",,,taxable,,1,,,0,0,,,,,1,,,23000.00,Watches,,,"https://beepwear.com/wp-content/uploads/2026/01/14eCOZO11MzXq7p9y1aY48NmfFKRb_coyidLDQKHkpk.jpg, https://beepwear.com/wp-content/uploads/2026/01/NZPLMjciNmZoK5WRoWY7etyRs9Kc7gHJeuAnqp-LkZ0.jpg, https://beepwear.com/wp-content/uploads/2026/01/Sq8M-aifqEboGFRMUz7zw5-3HWBxqCIv8DinKpxJv7Y.jpg, https://beepwear.com/wp-content/uploads/2026/01/D8qvdzvR6HpM9OSINwnBUpmD5jM8kTtTuA9fRcZVsv4.jpg, https://beepwear.com/wp-content/uploads/2026/01/o-zYjuOWkPrPPIv15zB13U5a1oUYXvzSpyev49_fr58.jpg",,,,,,,,,0,Rolex,,,,,,,,
21086,simple,,,Rolex Datejust 36 Stainless Steel 2025  126200,1,0,visible,Rolex Datejust 36 Stainless Steel 2025  126200,"The Rolex Datejust 36 Stainless Steel 2025, model 126200, is an exquisite blend of tradition and innovation that exemplifies the Rolex legacy. Crafted with precision, its 36mm Oyster case ensures durability and reliability, seamlessly paired with a refined smooth stainless steel bezel. At its heart is the cutting-edge Rolex caliber 3235 automatic movement, making it a beacon of accuracy and resilience. The mint-green dial, with its luminous index markers, offers enhanced readability and is showcased beneath a sturdy sapphire crystal, complete with the iconic Cyclops lens for effortless date viewing.\n\nAdding to its allure, the Datejust 36 features a stainless steel Jubilee bracelet, renowned for its comfort and elegance, secured by a reliable folding clasp. Water-resistant up to 100 meters, this timepiece is not only visually stunning but also ready for any adventure. A true testament to personal achievement, the Rolex Datejust 36 is a masterpiece of heritage, quality, and contemporary style—perfect for those who appreciate timeless elegance woven with modern sophistication.",,,taxable,,1,,,0,0,,,,,1,,,14500.00,Watches,,,"https://beepwear.com/wp-content/uploads/2026/01/TCxHI8-dE3cTTk-2uf6bvneDezXiCgob-0U8N4oZTgQ.jpg, https://beepwear.com/wp-content/uploads/2026/01/s8jUHXIfcaa46gNzC6PFqNZ7EUhGXvhk8L61HbvMJYw.jpg, https://beepwear.com/wp-content/uploads/2026/01/hHtCS5Mj3YOfS2n5D_KZsMqp6eBXZvDLUWnChaJ-les.jpg, https://beepwear.com/wp-content/uploads/2026/01/TZcZmCSfrSvl0qKKGuYd0Nz0zgK9KSr4x8BLGdMeO4I.jpg, https://beepwear.com/wp-content/uploads/2026/01/mSDyw4oBvXha4xczJAYF5hRlWOvQgzzWmIlxSwTprA.jpg",,,,,,,,,0,Rolex,,,,,,,,
21087,simple,,,Rolex Explorer II 42mm Stainless Steel Polar 216570,1,0,visible,Rolex Explorer II 42mm Stainless Steel Polar 216570,"Explore the world with precision and sophistication wearing the Rolex Explorer II 42mm Stainless Steel Polar 216570. Designed for the modern adventurer, this timepiece combines enduring style with rugged performance. Its 42mm Oystersteel case, known for exceptional corrosion resistance, houses a finely-tuned automatic movement, ensuring impeccable timekeeping. The striking Polar dial, set against a crisp white background, enhances visibility in all conditions, perfect for both urban and alpine adventures.\n\nAccented with luminescent markers and a distinctive orange 24-hour hand, the dial allows easy tracking of day and night cycles. The brushed stainless steel bezel, engraved with a 24-hour graduation, pays homage to Rolex’s legacy of precision. Complemented by a durable Oyster bracelet with an Oysterlock clasp, this watch offers secure comfort and elegant functionality. The Rolex Explorer II is more than a timepiece—it's a tribute to the spirit of discovery, guiding you through every triumph with unparalleled accuracy and style.",,,taxable,,1,,,0,0,,,,,1,,,15500.00,Watches,,,"https://beepwear.com/wp-content/uploads/2026/01/CjW7hj2XClt_ebfdC4iOdU7U-_Ugj5dtTQFNQxxNE5k.jpg, https://beepwear.com/wp-content/uploads/2026/01/Srfvqi2-BLZnwj1PzAlCTkwazVH-CgpJ1YDsp3fqW_M.jpg, https://beepwear.com/wp-content/uploads/2026/01/q3NNQ0LW988Vi1iK7XTOEZhIwPE3Mjg9AkXIeW3-jCo.jpg, https://beepwear.com/wp-content/uploads/2026/01/UdLufJTp2kKTNRu2qpU3JWy0A-3n5PPHPI1d_a6vFLU.jpg, https://beepwear.com/wp-content/uploads/2026/01/iBUjA-iIzGjZPZDu4NxXPQnnVNGzTsJnekj6RtvLhtQ.jpg",,,,,,,,,0,Rolex,,,,,,,,
21088,simple,,,Rolex Submariner Date 40mm Yellow Gold 116618LN,1,0,visible,Rolex Submariner Date 40mm Yellow Gold 116618LN,"The Rolex Submariner Date 40mm Yellow Gold 116618LN is a perfect blend of luxury and precision engineering, crafted for those who appreciate both style and function. Encased in sumptuous 18k yellow gold, this timepiece exudes opulence while promising exceptional durability. The 40mm case houses a striking black dial with luminous index markers, ensuring clarity and elegance, whether in the boardroom or hundreds of meters underwater.\n\nDriven by the reliable in-house Caliber 3135 automatic movement, this watch guarantees precision and performance. A true diver's companion, it features a robust Oyster case, water-resistant up to 300 meters, and a unidirectional rotatable bezel with a black Cerachrom insert that resists scratches. The iconic cyclops lens enhances date visibility, while the luxurious gold Oyster bracelet with a folding Oysterlock safety clasp provides comfort and security. The Rolex Submariner Date 116618LN is more than a watch; it is a symbol of adventure and distinguished craftsmanship.",,,taxable,,1,,,0,0,,,,,1,,,48500.00,Watches,,,"https://beepwear.com/wp-content/uploads/2026/01/86TEJVQdPPVQTvkBrNbwJvJ7xjkznJlQgYzpIzZYCJA.jpg, https://beepwear.com/wp-content/uploads/2026/01/GWVuDL7aIBsewRMZnlgDRW5yWud30f1VfrJwfbkS3Dc.jpg, https://beepwear.com/wp-content/uploads/2026/01/lbQLja1rgzLIfh_LgcPh9JR8CeMfke7aHamjcio6ycU.jpg, https://beepwear.com/wp-content/uploads/2026/01/HXK1W-h97QB8nPXLWnTuXzJAyW7SVGBEHv_Y1E9QEr4.jpg, https://beepwear.com/wp-content/uploads/2026/01/5hT0qLZeyOo62RIWTaC4K1D-ScDHHHn85lVar7_gTFA.jpg",,,,,,,,,0,Rolex,,,,,,,,
21089,simple,,,Rolex Day-Date 40 Yellow Gold President Diamonds 228238,1,0,visible,Rolex Day-Date 40 Yellow Gold President Diamonds 228238,"Experience unparalleled luxury and prestige with the Rolex Day-Date 40 Yellow Gold President Diamonds 228238, a masterpiece of horological craftsmanship. Featuring a robust 40mm case in exquisite 18k yellow gold, this timepiece is adorned with a double row diamond-set bezel that perfectly complements its shimmering silver dial with gold Roman numerals. The iconic President bracelet, crafted from 18k yellow gold with semi-circular three-piece links, offers unmatched comfort and sophistication, secured by a concealed Crownclasp closure for a seamless appearance.\n\nBeneath its luxurious exterior lies the Rolex Caliber 3255, a Swiss-certified chronometer known for its precision and reliability, with a self-winding mechanism and an impressive 70-hour power reserve. The scratch-resistant sapphire crystal, enhanced by a Cyclops lens, ensures clear readability of the magnified date. Water-resistant up to 100 meters, this timepiece beautifully merges elegance with technical excellence, making it not just a watch but a legacy to be cherished for generations.",,,taxable,,1,,,0,0,,,,,1,,,54500.00,Watches,,,"https://beepwear.com/wp-content/uploads/2026/01/O77ENuFHZJzDRHKiVF3c3CU35gLCFLIWFv4Ea4JTqtM.jpg, https://beepwear.com/wp-content/uploads/2026/01/cTskk5ncKVtgI7F-voNDKH97Pa-FS39kZ7JquoFmrSE.jpg, https://beepwear.com/wp-content/uploads/2026/01/KdiH0lHVGnZjh04aSNwu37HZ1h9-BqcoRVVmhAIGNY8.jpg, https://beepwear.com/wp-content/uploads/2026/01/Of-jeB6BmE9yphEjCKXZJcqPlXmd9rJMA0tar1-b-5g.jpg, https://beepwear.com/wp-content/uploads/2026/01/c6SJXam5MK6z34WQVbxKQRUg4hd9p3gS_j-oehKblEQ.jpg",,,,,,,,,0,Rolex,,,,,,,,
21090,simple,,,Tudor Pelagos FXD 42mm Titanium 25707B,1,0,visible,Tudor Pelagos FXD 42mm Titanium 25707B,"Elevate your collection with the Certified Pre-Owned Tudor Pelagos FXD, Reference 25707B—a masterful blend of innovation and timeless design. This striking timepiece features a robust 42mm titanium case with a satin-brushed finish, embodying both strength and sophistication. The standout feature is its titanium bidirectional rotating bezel, accented with a blue ceramic insert and 60-minute retrograde graduation, ensuring both functionality and elegance. The navy-blue dial is adorned with luminous index markers, ensuring optimal readability in all environments, while the Swiss automatic movement provides precise timekeeping including hours, minutes, seconds, and date, all protected by a sapphire crystal.\n\nEncased with a navy-blue rubber strap and secured by a titanium pin buckle, this watch offers both comfort and durability. Its stainless-steel case back and water resistance up to 200 meters make it as resilient as it is stylish. This exquisite piece comes complete with its original box and papers, highlighting its status as a certified pre-owned piece of horological excellence. Embrace the perfect harmony of function and form with the Tudor Pelagos FXD.",,,taxable,,1,,,0,0,,,,,1,,,4300.00,Watches,,,"https://beepwear.com/wp-content/uploads/2026/01/U0OdbR7tby_kXNOLSNFQwgaf51U2uVcvqLaMy22NJIM.jpg, https://beepwear.com/wp-content/uploads/2026/01/ul0BqJwzEaasChuqav_0Xd6MIJBh_86mpX8WbJMDN7E.jpg, https://beepwear.com/wp-content/uploads/2026/01/dGsXLRnClYFgrwT6IUgq3lLBKmlP8LbgyWoNVETQPEE.jpg, https://beepwear.com/wp-content/uploads/2026/01/itstyTA4xnNym5_0lVw38WlDOnlt8-wFmz3QTNxe3Vw.jpg, https://beepwear.com/wp-content/uploads/2026/01/HgcColh1y7Fo2_eiITEXazrphd2zmVh4abHV0rOezb8.jpg",,,,,,,,,0,Tudor,,,,,,,,
21129,simple,,,Rolex Stainless Steel & Everose Gold Yacht-Master II 44mm,1,0,visible,Rolex Stainless Steel & Everose Gold Yacht-Master II 44mm,"Experience unparalleled elegance with the Rolex Stainless Steel &amp; Everose Gold Yacht-Master II 44mm, designed for those who command the high seas and excel in precision. This striking timepiece boasts a robust 44mm case, artfully crafted from stainless steel and Everose gold, creating a luxurious two-tone Oyster bracelet that offers both durability and style. The white dial, adorned with luminous hour markers, ensures perfect legibility, while the iconic Everose gold bi-directional rotating bezel adds a touch of sophistication. Powered by an automatic movement, the Yacht-Master II is not just a watch but a symbol of exceptional craftsmanship. Enjoy peace of mind with a water resistance of 100 meters and the assurance of box and papers included, making this a timeless addition to any collection.",,,taxable,,1,,,0,0,,,,,1,,,26500.00,Watches,,,"https://beepwear.com/wp-content/uploads/2026/01/V8KQYRP35Z0w1xdGh8Ar2J7I6TN9Ffd-RzjlbLFUVKQ.jpg, https://beepwear.com/wp-content/uploads/2026/01/T-4KEPY3NZFhlkA6AXr-hjqvFl_mfY__KHo0nP4g_UQ.jpg, https://beepwear.com/wp-content/uploads/2026/01/YadGNJHW0icArVsn62xp6mZ3UG_HjKvmGwEjDiwuvrU.jpg, https://beepwear.com/wp-content/uploads/2026/01/5oelymF8Py5BGSiwuAeMs7lwKovGKg_3hcg7lq82vxU.jpg",,,,,,,,,0,Rolex,,,,,,,,
21130,simple,,,Rolex Submariner Date 40mm Stainless Steel Hulk 116610LV,1,0,visible,Rolex Submariner Date 40mm Stainless Steel Hulk 116610LV,"Introducing the Rolex Submariner Date 40mm Stainless Steel Hulk 116610LV, an exquisite blend of precision engineering and timeless elegance. This iconic timepiece is distinguished by its vibrant green dial and unidirectional rotating green ceramic bezel, both emblematic of the Rolex legacy. The 40mm Oystersteel case promises robustness and durability, perfectly complemented by the luminous index markers that ensure clear visibility even in low-light conditions. At its heart is the Rolex Calibre 3135, a renowned self-winding mechanical movement known for its remarkable accuracy and durability, boasting a 48-hour power reserve.\n\nThe Submariner is engineered to meet the demands of professional divers, offering a substantial 300-meter water resistance. Its Oyster bracelet, crafted from the same high-grade steel as the case, features the innovative Glidelock clasp, allowing seamless adjustments for optimal comfort. With sapphire crystal and a Cyclops lens over the date, every detail of this watch is designed with precision in mind. The Rolex Submariner Hulk is not merely a watch but a testament to Rolex's heritage, representing the pinnacle of sophisticated luxury and superior craftsmanship.",,,taxable,,1,,,0,0,,,,,1,,,25000.00,Watches,,,"https://beepwear.com/wp-content/uploads/2026/01/rUyHfyznvkpQU5U_312pyLV4dycWM_oxUWhU0ZUWTD0.jpg, https://beepwear.com/wp-content/uploads/2026/01/RCc4fS_4at2jj-ULs5BCJHdAYAKGeIYc9P-Izxv-6Y8.jpg, https://beepwear.com/wp-content/uploads/2026/01/6ULiXz7xUuB4EBTR8GrO-d3RRbTCcUV8wu_ySZOjOhg.jpg, https://beepwear.com/wp-content/uploads/2026/01/mNZY-RHf6AB7TsLr6Nta-mSa__gokX_qvhZbsHk90Jw.jpg, https://beepwear.com/wp-content/uploads/2026/01/P5gGfRMsZCZASQmyeJdOQVvnbMfBDJ3iADJwxn7Cs0A.jpg",,,,,,,,,0,Rolex,,,,,,,,
21131,simple,,,Universal Geneve 14 Karat Yellow Gold Coin Dial Watch,1,0,visible,Universal Geneve 14 Karat Yellow Gold Coin Dial Watch,"Exquisitely crafted, the Universal Geneve 14 Karat Yellow Gold Coin Dial Watch embodies timeless elegance and masterful artistry. This distinguished piece features a unique coin dial, a subtle nod to historic sophistication, encased in luxurious 14k yellow gold with a compact 26mm diameter—ideal for those with a discerning taste for understated opulence. Powered by a precise manual wind movement, this watch speaks to the purist’s heart, emphasizing both tradition and reliability. The elegant black leather strap complements the gold case, offering a classic and refined aesthetic that seamlessly transitions from day to night. With its blend of classic design and fine craftsmanship, this timepiece is a tribute to enduring style and quality.",,,taxable,,1,,,0,0,,,,,1,,,895.00,Watches,,,"https://beepwear.com/wp-content/uploads/2026/01/gLacI9zbdLYveHq3DVLg1G3Cnk68ZTwD4AMmVGah93I.jpg, https://beepwear.com/wp-content/uploads/2026/01/BAd7LDdtNd0axeHjqkLjF3u1B1MViKNle90N2hhOnOE.jpg, https://beepwear.com/wp-content/uploads/2026/01/I6IuDvi2EgoqOuGP7qWBqw6QQYVsmrOaSggORgH-3Ws.jpg, https://beepwear.com/wp-content/uploads/2026/01/Wpii3qze0_w8-yZsN3QHOgdkWe-WolYMkSEcnD0mLkI.jpg",,,,,,,,,0,,,,,,,,,
21132,simple,,,Rolex Stainless Steel Submariner Green/Black 41mm,1,0,visible,Rolex Stainless Steel Submariner Green/Black 41mm,"Experience the perfect fusion of craftsmanship and functionality with the Rolex Submariner, distinguished by its captivating green ceramic bezel and classic black dial. This 41mm masterpiece boasts a robust stainless steel case and an iconic Oyster bracelet, delivering both durability and sophisticated style. Equipped with a unidirectional rotating bezel featuring 60-minute graduations, it ensures precise timekeeping, essential for any diving enthusiast. The luminous hands and markers provide effortless readability, while the sapphire crystal and Mercedes-style hands add a touch of elegance. With water resistance up to 300 meters and powered by automatic movement, this watch is as dependable as it is striking. Revel in the quintessential tool-watch design, elevated to new heights with its striking green-on-black configuration.",,,taxable,,1,,,0,0,,,,,1,,,19000.00,Watches,,,"https://beepwear.com/wp-content/uploads/2026/01/RT1M-IlVOl8fqR5EJUmxdU9kBNSnsh7-ZF3H9bZPOHo.jpg, https://beepwear.com/wp-content/uploads/2026/01/2ajcoQgDo9EdjgqNtF0rMmeDardfM4E1D4UeYofrcY8.jpg, https://beepwear.com/wp-content/uploads/2026/01/w2JHG2vqT8Ba1Zq7eRsvgLGupq4m7ab6gbGMhHKqkow.jpg, https://beepwear.com/wp-content/uploads/2026/01/PSvisRoo_Anqr47G0GsLnljht5_QNVpO30jrMteckq0.jpg",,,,,,,,,0,Rolex,,,,,,,,
21133,simple,,,Rolex 18 Karat White Gold GMT Master II “Pepsi” 2023,1,0,visible,Rolex 18 Karat White Gold GMT Master II “Pepsi” 2023,"Discover unparalleled elegance with the Rolex 18K White Gold GMT-Master II “Pepsi” 2023 edition. This masterpiece features a striking bidirectional red and blue Cerachrom 24-hour bezel, renowned for its color stability and scratch resistance. Its recessed numerals are PVD-coated in platinum, ensuring exceptional legibility. The robust 40 mm case is crafted from luxurious 18-karat white gold, paired with a scratch-resistant sapphire crystal and a Cyclops date lens for optimal clarity. Equipped with the advanced Rolex Calibre 3285 movement, this watch offers a 70-hour power reserve, an innovative Chronergy escapement, and Paraflex shock absorbers—certifying its precision as a Superlative Chronometer. The independent jumping local hour hand and dedicated 24-hour hand provide true dual-time capabilities, making it a quintessential travel companion. With 100-meter water resistance and an elegant white gold Oyster bracelet, this watch is the epitome of technical brilliance and timeless style.",,,taxable,,1,,,0,0,,,,,1,,,42000.00,Watches,,,"https://beepwear.com/wp-content/uploads/2026/01/KawE7JzA0oSGrx86pQyXHmI8rxl3SQ6efpEtdvKda6w.jpg, https://beepwear.com/wp-content/uploads/2026/01/h2xTQSipMot2abH_FI6Oc0RlVUud2QebcI18vYirNYI.jpg, https://beepwear.com/wp-content/uploads/2026/01/mUmcWzmpGpMCwk0tssTc4j2P5u8mfmmPFQ36HQ5AkPg.jpg, https://beepwear.com/wp-content/uploads/2026/01/I6rp3kDjuKMOZLM1B6jBUqVFEnWK3crKt2BG-z1FPoc.jpg",,,,,,,,,0,Rolex,,,,,,,,
21135,simple,,,Rolex Stainless Steel Datejust II 41mm,1,0,visible,Rolex Stainless Steel Datejust II 41mm,"Exuding a confident elegance, the Rolex Stainless Steel Datejust II 41mm is a masterpiece of precision and sophistication. This timepiece features a substantial 41 mm case crafted from corrosion-resistant stainless steel, offering not only enduring charm but practical durability. The scratch-resistant sapphire crystal is enhanced by Rolex's iconic Cyclops lens, providing unparalleled date readability at the 3 o’clock position. Inside beats Rolex’s automatic self-winding movement, guaranteeing reliable performance with minimal maintenance. The sleek, smooth bezel and the robust Oyster bracelet complement its modern aesthetic, making it a timeless choice for everyday wear. Water-resistant up to 100 meters, this watch embodies the perfect blend of resilience and distinguished style.",,,taxable,,1,,,0,0,,,,,1,,,9900.00,Watches,,,"https://beepwear.com/wp-content/uploads/2026/01/eNcav1-wplGu7GYgoS9qah4D50dSApVRHZ0Cr3qaerU.jpg, https://beepwear.com/wp-content/uploads/2026/01/DHlciRt8LCi944JqZa5WY_p2EOot2b066q8x-2Fie8E.jpg, https://beepwear.com/wp-content/uploads/2026/01/VdB8iJ-g9fTGY32Cnr0Zx74LBz6Z2PvEcGibjyOPbDc.jpg, https://beepwear.com/wp-content/uploads/2026/01/6vxfXBOs513xhiAXK6XC8rFWudiUoOIde1Vx3SQoGE8.jpg",,,,,,,,,0,Rolex,,,,,,,,
21136,simple,,,Rolex Stainless Steel Midsize Datejust 31mm Factory Diamond Bezel,1,0,visible,Rolex Stainless Steel Midsize Datejust 31mm Factory Diamond Bezel,"Experience timeless elegance with the Rolex Stainless Steel Midsize Datejust, featuring a striking 31mm case crafted from robust stainless steel, ensuring both durability and sophistication. The factory diamond bezel stands out with its continuous array of meticulously set round brilliant-cut diamonds, each engineered with a classic 57-facet geometry to exude exceptional scintillation and precision. These diamonds create a stunning contrast, enhancing the refined silver-tone dial and its sleek hour markers. Complemented by an 18K white gold sprinkle diamond bezel and a stainless steel oyster bracelet, this watch underscores Rolex's commitment to craftsmanship and style. Water-resistant up to 100 meters and equipped with a sapphire crystal, this piece combines practicality with an aesthetic of ageless luxury.",,,taxable,,1,,,0,0,,,,,1,,,15000.00,Watches,,,"https://beepwear.com/wp-content/uploads/2026/01/IfEpqunxGHYFcfe9cw_-UeQ-4qMPwAvQHdBBvaiuyQ.jpg, https://beepwear.com/wp-content/uploads/2026/01/Gcm4ejKcCJFb4eGoJhxziig_W82D82-NWAEdRf6sJBQ.jpg, https://beepwear.com/wp-content/uploads/2026/01/hNppEUlaEdBm5kBeYkBCHQ0y0Pg2rhJ54bBZ5m0SBt0.jpg, https://beepwear.com/wp-content/uploads/2026/01/SiSuWM904oMtF-fzXCex0vAla-CgtP9h7n7OoADykvI.jpg",,,,,,,,,0,Rolex,,,,,,,,
21137,simple,,,Rolex Stainless Steel & 18 Karat Rose Gold Datejust 28,1,0,visible,Rolex Stainless Steel & 18 Karat Rose Gold Datejust 28,"Experience timeless elegance with the Rolex Stainless Steel &amp; 18 Karat Rose Gold Datejust 28. This exquisite timepiece boasts a 28mm case, elegantly crafted from premium stainless steel and adorned with a striking 18K rose gold fluted bezel. The harmonious blend of materials extends to the stunning jubilee bracelet, offering both style and comfort with its stainless steel and rose gold composition. Beneath the scratch-resistant sapphire crystal, the watch features a pristine white dial, accentuated by Roman numerals and delicate rose gold accents, exuding sophisticated charm. Powered by Rolex's renowned automatic movement, this watch assures precision and reliability. With water resistance up to 100 meters and both box and papers included, this Datejust is not only a statement of luxury but also a testament to Rolex’s unmatched craftsmanship.",,,taxable,,1,,,0,0,,,,,1,,,16500.00,Watches,,,"https://beepwear.com/wp-content/uploads/2026/01/vc-s4qupV2VKrTQwU1JlfbMxNTegz183Ioi80ogf4vE.png, https://beepwear.com/wp-content/uploads/2026/01/5p1cDvJ3-dZoY7JbH-dh0ahcNEEIlF7n97hKJ3UENTQ.jpg, https://beepwear.com/wp-content/uploads/2026/01/zvUP3C1xZ5k2o-EuwsRSY4pI5AXVB5y0VG3KWDmqN74.jpg, https://beepwear.com/wp-content/uploads/2026/01/odl3OszwAiteF2ZnODOO-LUdv09U746DAxDh66N1EVY.jpg",,,,,,,,,0,Rolex,,,,,,,,
21161,simple,,,Rolex Stainless Steel Explorer II Black Dial 42mm,1,0,visible,Rolex Stainless Steel Explorer II Black Dial 42mm,"The Rolex Stainless Steel Explorer II is a masterpiece of functionality and design, distinguished by its robust 42 mm stainless steel case and engraved 24-hour bezel. The striking black dial features luminous markers and hands, including an eye-catching orange 24-hour arrow hand that enhances legibility. Equipped with a date window under a Cyclops magnifier at 3 o'clock, this timepiece ensures effortless readability. The elegant yet sturdy three-link Oyster bracelet, satin-brushed and polished to perfection, embodies Rolex's commitment to quality craftsmanship. With automatic movement and water resistance up to 100 meters, this watch seamlessly combines technical prowess with enduring style.",,,taxable,,1,,,0,0,,,,,1,,,12500.00,Watches,,,"https://beepwear.com/wp-content/uploads/2026/01/V8WBKtrT7QW_7mfbUyRxhRTj2IkW1UyJ1axe8uWZ0uU.jpg, https://beepwear.com/wp-content/uploads/2026/01/Qw8cK0Nr32GH0XHbve2lew_45ELEJ_LB_CVfYVth1Q4.jpg, https://beepwear.com/wp-content/uploads/2026/01/9RY7tmUGhImgQLiB7ChHk1PrzKXSVfe-RpkGX7dQMtM.jpg, https://beepwear.com/wp-content/uploads/2026/01/Oe89R7SRnD4Wa__iANmNaKUyn1oPnbhWdBZIgBeo61I.jpg",,,,,,,,,0,Rolex,,,,,,,,
21162,simple,,,Rolex Stainless Steel & 18 Karat Yellow Gold GMT Master II “Zombie”,1,0,visible,Rolex Stainless Steel & 18 Karat Yellow Gold GMT Master II “Zombie”,"Introducing the Rolex GMT-Master II in an exquisite Rolesor design, seamlessly blending robust stainless steel with luxurious 18k yellow gold. This distinguished timepiece is defined by its striking black dial, accented with luminescent hour markers and signature Mercedes-style hands, ensuring optimal readability. The expertly crafted 40 mm Oyster case, featuring sharp crown guards and a screw-down crown, delivers unmatched durability and commanding wrist presence. A 24-hour grey and black ceramic bezel, bidirectional and graduated, provides precise second-time-zone tracking, ideal for global travelers. The sophisticated Jubilee bracelet, incorporating alternating brushed and polished surfaces, highlights the harmonious two-tone style, secured with a stainless steel folding clasp. With its automatic movement and a sapphire crystal featuring a Cyclops lens, this GMT-Master II combines high precision with elegant style, making it an essential companion for those who value excellence in watchmaking craftsmanship.",,,taxable,,1,,,0,0,,,,,1,,,25000.00,Watches,,,"https://beepwear.com/wp-content/uploads/2026/01/cAoR5mRYVNy492TXLd_22FX5aG90p2McKiLWxCRLgx8.jpg, https://beepwear.com/wp-content/uploads/2026/01/Te4QRh7JOYXd7zvDvuvZKfatm4uGNVzHFSVPY0GFe_A.jpg, https://beepwear.com/wp-content/uploads/2026/01/8SgPt_kbu1mzOBNETn7PH92oIOszOfLjlt4rrMYkUI.jpg, https://beepwear.com/wp-content/uploads/2026/01/ltzm32SJQh8TnlxJ-wtWd8T-AL6lVuKYDPr2KiP8ptQ.jpg",,,,,,,,,0,Rolex,,,,,,,,
21163,simple,,,Jacob & Co Stainless Steel 5 Time Zone Diamond Bezel,1,0,visible,Jacob & Co Stainless Steel 5 Time Zone Diamond Bezel,"Elevate your global style with the Jacob &amp; Co Stainless Steel 5 Time Zone Diamond Bezel watch, a masterpiece of precision and luxury. This timepiece boasts a striking 48mm stainless steel case that commands attention, framed by a meticulously set diamond bezel, exuding brilliance and sophistication. The bold, black dial features the iconic 5 Time Zone display, allowing simultaneous reading of multiple time zones, perfect for the international traveler.\n\nEngineered with a reliable quartz movement and protected by a sapphire crystal, this watch balances elegance with functionality. The vibrant red leather band adds a pop of color, enhancing its dynamic appeal. With a water resistance of up to 100 meters, this watch combines practicality with opulent design, crafted meticulously for those who value both style and performance.",,,taxable,,1,,,0,0,,,,,1,,,5000.00,Watches,,,"https://beepwear.com/wp-content/uploads/2026/01/5PrLqZdJRAMmCfk12JBc6EvEaksQACgRW9PU-Yaigz8.jpg, https://beepwear.com/wp-content/uploads/2026/01/eNIMDJR1EBvOoH4zfBMEizufg6K_qwORfZnN4EZhiq0.jpg, https://beepwear.com/wp-content/uploads/2026/01/jCO41fa7n586TLmm5DaOwK4lp5wYK7aqMvNTmB7G1JQ.jpg, https://beepwear.com/wp-content/uploads/2026/01/jD9TX3bLlbV9g49sWat5DR49HZmohTUXKT8aBZJkIA.jpg",,,,,,,,,0,,,,,,,,,
21205,simple,,,Rolex Stainless Steel Submariner Hulk 40MM,1,0,visible,Rolex Stainless Steel Submariner Hulk 40MM,"Experience the timeless allure of the Rolex Stainless Steel Submariner “Hulk,” a masterpiece of watchmaking that combines bold aesthetics with precision craftsmanship. Its striking sunburst green dial harmonizes perfectly with a matching unidirectional rotating bezel, offering immediate recognizability and an unmistakable presence. The 40 mm stainless steel case is meticulously crafted, featuring brushed lugs and bracelet surfaces contrasted by polished flanks, highlighting the refined tool-watch design.\n\nEngineered for unparalleled legibility, the dial boasts applied geometric hour markers filled with luminous material, Mercedes-style hands, and a distinct date display at 3 o’clock magnified by the signature Cyclops lens. The robust three-link Oyster bracelet, crafted from stainless steel, integrates seamlessly with solid end links and a secure folding clasp, ensuring comfort and durability. With a water resistance of up to 300 meters and an automatic movement, the Submariner “Hulk” is the definitive choice for those seeking both elegance and functionality.",,,taxable,,1,,,0,0,,,,,1,,,25500.00,Watches,,,"https://beepwear.com/wp-content/uploads/2026/01/AAWJ4r4dI03mkWCHrEF1hpxaF2zNk07SH6WZwZ-Owcc.jpg, https://beepwear.com/wp-content/uploads/2026/01/qTnLtw0x9E5TmFYGe3DtksiFjQZ6d86mWsZ4l9_jXv0.jpg, https://beepwear.com/wp-content/uploads/2026/01/nbuTJzR9hTIMSiBbfUwASgIARyaFcZFFWk6bTiH1gA.jpg, https://beepwear.com/wp-content/uploads/2026/01/McvnuXek3giS5YwKn8Jd2zlTQIz1zAXbch5rfrtKULA.jpg",,,,,,,,,0,Rolex,,,,,,,,
21207,simple,,,Grand Seiko Stainless Steel Heritage Limited Edition 36mm,1,0,visible,Grand Seiko Stainless Steel Heritage Limited Edition 36mm,"Discover the Grand Seiko Stainless Steel Heritage Limited Edition 36mm, a masterpiece of refined craftsmanship and timeless elegance. This meticulously designed piece features a flawlessly crafted 36.5 mm stainless steel case and bracelet, epitomizing durability and a sleek, high-quality finish. The unique pink index dial is paired with a smooth stainless steel bezel, adding an understated yet distinct allure. Driven by precise manual wind movement, this watch blends heritage-inspired design with modern precision. Its limited edition status, complete with a numbered release, enhances its exclusivity. Equipped with a stainless steel bracelet featuring a secure 3-fold clasp, this watch promises both comfort and sophistication, making it an exquisite choice for discerning collectors.",,,taxable,,1,,,0,0,,,,,1,,,4800.00,Watches,,,"https://beepwear.com/wp-content/uploads/2026/01/UnM4sHG7oIKf07uBbJfQ-T_Im9T9R5nMi7JKkXbvkNc.jpg, https://beepwear.com/wp-content/uploads/2026/01/qjyK7MLifwDlM5qoZWn4aKw269ppukGSDqImlneUA1s.jpg, https://beepwear.com/wp-content/uploads/2026/01/m5Y0UFDCo2oME1S_Yj42AP3f0CW33Xj7fL3qihbKg-g.jpg, https://beepwear.com/wp-content/uploads/2026/01/Dq9jot34WJTHluPHy-6bU46v26x3m9AIa2P1xrH_OPo.jpg",,,,,,,,,0,Grand Seiko,,,,,,,,
21209,simple,,,Grand Stainless Steel Spring Drive GMT 44mm,1,0,visible,Grand Stainless Steel Spring Drive GMT 44mm,"Introducing the Grand Stainless Steel Spring Drive GMT 44mm, a masterpiece of precision and elegance. Powered by Seiko’s renowned Spring Drive movement, this watch offers a seamless glide-motion seconds hand and unparalleled accuracy, making it a reliable companion for both everyday adventures and punctual precision. Encased in robust, corrosion-resistant stainless steel, this 44mm timepiece combines strength with a sophisticated, professional aesthetic. The GMT complication is a standout feature, providing dual-time functionality at a glance with its dedicated hand—ideal for both travel enthusiasts and global professionals. Completed with a scratch-resistant sapphire crystal and a striking GMT bezel, this watch epitomizes technical refinement and luxurious craftsmanship. Anchored in both style and function, this timepiece is your definitive high-precision partner.",,,taxable,,1,,,0,0,,,,,1,,,5700.00,Watches,,,"https://beepwear.com/wp-content/uploads/2026/01/cWL9yovuYS55ln-_Y91_SVA-qkNr30Bf_x_oedoC0Kw.jpg, https://beepwear.com/wp-content/uploads/2026/01/zwmehyRE9RO4127NZgzmj_As7Mh81nuWX4l1mAklpnA.jpg, https://beepwear.com/wp-content/uploads/2026/01/cFG00upsox0JrNCM9xO7JGaXp2tAmfrKOCr_LRD8id0.jpg, https://beepwear.com/wp-content/uploads/2026/01/zchzU1DR7WJngU4FYJKwh_pybdqwLECw3xgzj-Jy9-Y.jpg",,,,,,,,,0,,,,,,,,,
21248,simple,,,Rolex Yachtmaster II Blue Ceramic Bezel Stainless Steel Watch Ref,1,0,visible,Rolex Yachtmaster II Blue Ceramic Bezel Stainless Steel Watch Ref,"Command attention on the high seas with the Rolex Yacht-Master II, distinguished by its striking blue ceramic bezel and formidable 44 mm stainless steel case. This masterpiece blends robustness with precision, featuring a signature regatta-ready countdown scale that underscores its technical prowess. The refined engravings on the ceramic insert ensure crisp legibility while offering unparalleled scratch resistance, perfectly encapsulating the bold maritime aesthetic. Engineered with a bi-directional ceramic bezel and a durable stainless steel oyster bracelet, this watch showcases exceptional craftsmanship and resilience. Whether you're navigating waters or attending a formal event, the Yacht-Master II combines elegance with a commanding presence, making it a definitive choice for discerning watch enthusiasts.",,,taxable,,1,,,0,0,,,,,1,,,20600.00,Watches,,,"https://beepwear.com/wp-content/uploads/2026/01/t-wtygJWtt85X6CdbsAOFwBNOoHilp6ZDqM2z3zttA.jpg, https://beepwear.com/wp-content/uploads/2026/01/8ImKdT_dDTx1CgGAJsAkxIJuX3enb6IM-C4zPig-VTg.jpg, https://beepwear.com/wp-content/uploads/2026/01/lWM-UYVHOuRBfw-IJPYy8oAiwk0ZyHS3Yy3yxWxOqhA.jpg, https://beepwear.com/wp-content/uploads/2026/01/SiwzSq6TFI9t8533gaV2J4HqygXWi9chYMalXB89qY4.jpg",,,,,,,,,0,Rolex,,,,,,,,
21249,simple,,,Rolex Stainless Steel Datejust Wimbledon Dial 41mm 2023,1,0,visible,Rolex Stainless Steel Datejust Wimbledon Dial 41mm 2023,"Discover the epitome of precision and elegance with the Rolex Datejust 41mm, featuring the distinctive Wimbledon dial. This 2023 edition exudes a modern aesthetic with its slate sunray finish contrasted by bold green Roman numerals, offering high-contrast legibility and timeless sophistication. Housed in a robust stainless steel case, the watch displays a flawless layout with a signature date window at 3 o’clock, magnified by the iconic Cyclops lens, balancing functionality with visual harmony.\n\nDesigned for the discerning connoisseur, this piece showcases meticulous craftsmanship with its smooth bezel, refined minute track, and a smooth handset that accentuates the striking dial colorway. The stainless steel Jubilee bracelet enhances comfort and style, while the automatic movement and sapphire crystal ensure enduring reliability. Water-resistant up to 100 meters, this Rolex Datejust is a true testament to both technical brilliance and luxury design.",,,taxable,,1,,,0,0,,,,,1,,,14900.00,Watches,,,"https://beepwear.com/wp-content/uploads/2026/01/TKvigC5EEUeZVPa_OVV31Y62QddE1KDLU2iwuw8Z-R0.jpg, https://beepwear.com/wp-content/uploads/2026/01/6hfVMLPk_h8lCA3YBDyuEVKroAUh90aTa0y2Kv83sRo.jpg, https://beepwear.com/wp-content/uploads/2026/01/XLnmuwpqZMgAmqETRFhvTkjlzaDw54aMpqMfRbucub0.jpg, https://beepwear.com/wp-content/uploads/2026/01/fsGV51REnRatY5D85Tqq-sUkv813ShZ6XEJIsNq8Kho.jpg",,,,,,,,,0,Rolex,,,,,,,,
21250,simple,,,Rolex Day-Date 41 Platinum President 218206,1,0,visible,Rolex Day-Date 41 Platinum President 218206,"Experience the pinnacle of luxury and craftsmanship with the Rolex Day-Date 41 Platinum President 218206. This iconic timepiece boasts a flawlessly polished 41mm platinum case, embodying timeless refinement and innovation. Its sophisticated matte black dial, accented with glossy Arabic numerals, offers exceptional legibility and understated elegance. Known as the ""President"" watch, it features a day and date display beneath a scratch-resistant sapphire crystal, ensuring clarity and durability. The platinum President bracelet with a concealed folding clasp seamlessly merges comfort and superior luster. Powered by the precise self-winding caliber 3156 movement, this watch is a testament to Rolex’s unwavering dedication to excellence. With a water resistance of 100 meters and unparalleled craftsmanship, the Rolex Day-Date 41 is a true icon of prestige in luxury watchmaking.",,,taxable,,1,,,0,0,,,,,1,,,52500.00,Watches,,,"https://beepwear.com/wp-content/uploads/2026/01/92EI2i-ubzuw2plDcMdEfwZP4aGU_KCE8w1cYfLBEjc.jpg, https://beepwear.com/wp-content/uploads/2026/01/TfF7otWINE_kCmVxe1aT2NjZ4gQR4XfKwdNkIfYr7e8.jpg, https://beepwear.com/wp-content/uploads/2026/01/uZtPctDRSeU_tNs-ACA-Pdz08kfEGf94wkxaf7a9lgk.jpg, https://beepwear.com/wp-content/uploads/2026/01/yq2o03Y5Yc7mPCJw3WsxVmB-KU884sFtDBxIrYt4Zjg.jpg, https://beepwear.com/wp-content/uploads/2026/01/u1T96VibUxhqmKgXPMXoGZ6KvAmZjfBeuzR-zc-CY3U.jpg",,,,,,,,,0,Rolex,,,,,,,,
21251,simple,,,Rolex Day-Date 41 White Gold President 218239,1,0,visible,Rolex Day-Date 41 White Gold President 218239,"Elevate your wristwear with the Rolex Day-Date 41 White Gold President 218239, a masterpiece of precision and elegance. Crafted from 18k white gold, its 41mm case presents a commanding presence, highlighted by a fluted bezel that dances with light in every movement. The iconic President bracelet, designed with semicircular three-piece links, enhances both comfort and distinguished style. At its core, the Rolex calibre 3156 movement ensures exceptional precision and reliability, featuring a Parachrom hairspring and Paraflex shock absorbers. The pristine white dial, embellished with meticulously crafted Roman numerals, seamlessly integrates functionality with refined aesthetics. This watch is famed for its dual display of day and date, positioned prominently at 12 and 3 o'clock, a hallmark of Rolex's pioneering craftsmanship. Encompassing luxury and technical mastery, the Rolex Day-Date 41 is more than a watch—it's a legacy of timeless sophistication.",,,taxable,,1,,,0,0,,,,,1,,,43500.00,Watches,,,"https://beepwear.com/wp-content/uploads/2026/01/w2qtg9uqcrGvD4Xwyc2A1BgEGKbFWO14s1RWFrXUiBc.jpg, https://beepwear.com/wp-content/uploads/2026/01/4eq4qBcjJoGFKvwQtqr0QRI1RS9cdrmBn1yofchGQxo.jpg, https://beepwear.com/wp-content/uploads/2026/01/JB9qskVAMGWDmS_ISn0zz44LsnO5oB06pALqZiWt8m0.jpg, https://beepwear.com/wp-content/uploads/2026/01/yBBovnWoH7O3tYB_SbJOkvCfBnyvydzKUXyG2wSn7as.jpg, https://beepwear.com/wp-content/uploads/2026/01/o34bHgu4Jz-qIJzHttMuPLz7FSEPKcCCSueqCAjgcVM.jpg",,,,,,,,,0,Rolex,,,,,,,,
21252,simple,,,Hamilton Platinum Diamond & Sapphire Vintage Watch,1,0,visible,Hamilton Platinum Diamond & Sapphire Vintage Watch,"Experience the epitome of timeless elegance with the Hamilton Platinum Diamond &amp; Sapphire Vintage Watch. This exquisite timepiece is a masterpiece of craftsmanship, featuring a luxurious diamond-set platinum case that beautifully frames a pristine white dial adorned with classic black Arabic numerals. Powered by a precise manual-wind movement, it offers impeccable functionality with a focus on hours and minutes, embodying the art of mechanical watchmaking. \n\nThe striking diamond-set bracelet, crafted from pure platinum, is secured with a sophisticated folding clasp, enhancing both aesthetics and security. The watch boasts an acrylic crystal that complements its vintage allure, paired with a solid platinum case back, underscoring its enduring opulence. With a case size of 14mm, this pre-owned gem is designed specifically for those who appreciate elegance and sophistication in a compact form. Indulge in the luxurious charm and unparalleled craftsmanship of this distinguished vintage piece, a true testament to timeless beauty and style.",,,taxable,,1,,,0,0,,,,,1,,,7000.00,Watches,,,"https://beepwear.com/wp-content/uploads/2026/01/IDC4B_eNlpIGKfGu0Kywj1U7UgywGcp1auZ1qZSr5k8.jpg, https://beepwear.com/wp-content/uploads/2026/01/xVXO7bOVnVcG1y3v4TNogE5aPNhlD-GgO_RPCwz1o20.jpg, https://beepwear.com/wp-content/uploads/2026/01/Y0AJibVdTVz9IQVRMBquZY_tK9LHBFOW6EJatl2DL40.jpg, https://beepwear.com/wp-content/uploads/2026/01/lXTFQ43JkuWPHYzJyIFNblTtPfU4BCw9KVjyHBaBWAc.jpg, https://beepwear.com/wp-content/uploads/2026/01/2IilMOI9AA39gYgRL9bOmVqo-ckMpsIP-L6xnzKVvZc.jpg",,,,,,,,,0,,,,,,,,,
21253,simple,,,Philippe Charriol 26mm Yellow Gold Diamonds,1,0,visible,Philippe Charriol 26mm Yellow Gold Diamonds,"Discover the epitome of luxury with the Philippe Charriol 26mm Yellow Gold Diamonds wristwatch, a masterpiece of elegance and precision. Encased in resplendent 18K yellow gold, this certified pre-owned timepiece is adorned with a stunning diamond-set bezel, offering a refined opulence. Its white dial is thoughtfully designed, featuring gold Roman numerals and index markers, all protected beneath a durable sapphire crystal. \n\nPowered by a reliable Swiss quartz movement, this watch provides precise hours, minutes, seconds, and date functions, ensuring timeless accuracy. The distinctive 6-cable row bracelet, also crafted from 18K yellow gold, pairs sophistication with comfort, secured by a deployment clasp. With its 30-meter water resistance, this watch combines practical durability with luxurious style. Indulge in the artistry of Swiss craftsmanship and elegant design with this Philippe Charriol timepiece.",,,taxable,,1,,,0,0,,,,,1,,,8900.00,Watches,,,"https://beepwear.com/wp-content/uploads/2026/01/bPhRbsOFPLeaw1le0agpJIsr90ajd_5oxhedX-EFh-w.jpg, https://beepwear.com/wp-content/uploads/2026/01/tQ-ERoE-yq84WJGX3sOwREkn4_yz1otxVOFoC9rKxGs.jpg, https://beepwear.com/wp-content/uploads/2026/01/VTROIaPPLs_fZBJkdB1TkfcjdSQihKYSeAwLlKYur2w.jpg, https://beepwear.com/wp-content/uploads/2026/01/xeIcg3hLNa3W1P529LygsURrtxNsq2rxY76lyc7Lvi0.jpg, https://beepwear.com/wp-content/uploads/2026/01/Prk3Aoy0Mw6ZkS25Uf7YKlFQrX5MNOWwZFiYf5wgnrw.jpg",,,,,,,,,0,,,,,,,,,
21286,simple,,,Roger Dubuis Easy Diver Just For Friends 46mm Stainless Steel SE46,1,0,visible,Roger Dubuis Easy Diver Just For Friends 46mm Stainless Steel SE46,"Experience the perfect fusion of bold design and refined craftsmanship with this Roger Dubuis Easy Diver Just For Friends timepiece. The 46mm stainless steel case, paired with a striking unidirectional rotating bezel, exudes sophistication and strength. Its distinctive gold dial, adorned with luminous index markers, ensures effortless legibility and a captivating contrast. Driven by a Swiss automatic movement, this watch guarantees precision and reliability beneath a durable sapphire crystal. The black rubber strap, secured with a stainless steel deployment clasp, offers a comfortable and secure fit, while the transparent exhibition case back reveals the intricate mechanics within. With a water resistance of up to 300 meters, this watch is as resilient as it is stylish, making it an exemplary choice for the discerning gentleman.",,,taxable,,1,,,0,0,,,,,1,,,12000.00,Watches,,,"https://beepwear.com/wp-content/uploads/2026/01/SKsTAKuxFykztzlETJw2tDadQby0Hj9pP2oCL6hCSOU.jpg, https://beepwear.com/wp-content/uploads/2026/01/xCY0nJx4BXflAcrIWTCEnCvuyK8IQOuqfSIA6avnR_E.jpg, https://beepwear.com/wp-content/uploads/2026/01/dvx52ZIPJxRVm-yDBOWFqZDnJkVxzGvuoME9e9eKCgo.jpg, https://beepwear.com/wp-content/uploads/2026/01/0lJiXxBW9sWSyTa8CG3tJh2n1YKSBdyNqWjucDz4oQI.jpg, https://beepwear.com/wp-content/uploads/2026/01/YjJUwcU2xdt9FXcFYvnbB7TNo5M0gIKAULArCxTn4Us.jpg",,,,,,,,,0,,,,,,,,,
21305,simple,,,Ebel Sport Classic Lady Wave 27mm Stainless Steel Yellow Gold 183908,1,0,visible,Ebel Sport Classic Lady Wave 27mm Stainless Steel Yellow Gold 183908,"Discover the epitome of elegance with the Ebel Sport Classic Lady Wave 27mm, a masterpiece of luxury and precision. This exquisite timepiece features a harmonious blend of stainless steel and 18K yellow gold, creating an eye-catching wave-link bracelet that exudes sophistication. The fixed 18K yellow gold bezel perfectly frames the pristine white dial, adorned with gold Roman numerals for a timeless appeal. Shielded by a scratch-resistant sapphire crystal, its heart is powered by Swiss quartz movement, ensuring masterful accuracy with each second, minute, and date function. With a compact 27mm case size and thoughtful craftsmanship, this watch is a testament to quality and style, offering water resistance up to 50 meters. Experience the seamless fusion of form and function in this distinguished piece, where every detail is designed to captivate.",,,taxable,,1,,,0,0,,,,,1,,,900.00,Watches,,,"https://beepwear.com/wp-content/uploads/2026/01/GoLvHNucgQy1DMF1-wQNxcF4tlEpRHti8KQp6em8C0Y.jpg, https://beepwear.com/wp-content/uploads/2026/01/vaTdY13rdUhPLiJuL7TOrr8hOKB6cN_uXL4neLzlfPE.jpg, https://beepwear.com/wp-content/uploads/2026/01/xJcmHbhe9LrF0TlZwIYdKptxA_teAYV7XODWjtoSbuA.jpg, https://beepwear.com/wp-content/uploads/2026/01/zDx4zri0wFgnmnavCzPccQmES4qCsxYwQOwLXcMesQ8.jpg, https://beepwear.com/wp-content/uploads/2026/01/soxhRzV1fh18LJqA2rp_mZcP4eobnLo32rUxZX2ntMk.jpg",,,,,,,,,0,,,,,,,,,
21306,simple,,,Rolex Day-Date 36 Yellow Gold Diamonds President 128348RBR,1,0,visible,Rolex Day-Date 36 Yellow Gold Diamonds President 128348RBR,"Exuding an unmatched aura of opulence and refinement, the Rolex Day-Date 36 Yellow Gold Diamonds President 128348RBR is a masterclass in horological excellence. Crafted in luxurious 18k yellow gold, this iconic timepiece is adorned with a diamond-set bezel that radiates sophistication. The 36mm case houses a mesmerizing white mother-of-pearl dial, elegantly adorned with diamond-set index markers that gleam beautifully against its iridescent backdrop. At the helm of its precision lies the Rolex caliber 3255 automatic movement, ensuring impeccable reliability.\n\nThis distinguished watch features the signature President bracelet, crafted from 18k yellow gold with semi-circular three-piece links, offering both elegance and comfort. The practical readability of the day at 12 o'clock and the date at 3 o'clock elevates its functionality, while its waterproof design enhances durability. A sapphire crystal protects the dial, perfectly encapsulating the blend of beauty and craftsmanship that defines this exceptional timepiece. Each element—from its concealed folding clasp to its 100-meter water resistance—contributes to making the Rolex Day-Date 36 more than just a watch; it's an enduring emblem of prestige and artistry.",,,taxable,,1,,,0,0,,,,,1,,,59500.00,Watches,,,"https://beepwear.com/wp-content/uploads/2026/01/QP5VyHlAPutDgEdr59jNkyUtYR5Whs7mkXWWOd2d-Mk.jpg, https://beepwear.com/wp-content/uploads/2026/01/4f5qk_6rX8zllZ2_PBFkdJJdCJp7Gu0PNr2seA_Ioa4.jpg, https://beepwear.com/wp-content/uploads/2026/01/pObOAVFQwWE2B2UCwnU0OZo0ynhqIeplPVqUUiM9cx0.jpg, https://beepwear.com/wp-content/uploads/2026/01/t9zhYMyXKypCkCdiNpe9yN5_ReILfIqMv7vgiBscOIo.jpg, https://beepwear.com/wp-content/uploads/2026/01/G-vKQdOvykDcxE0GPadBqVzf8OoVYVOTSeGINUeWdIE.jpg",,,,,,,,,0,Rolex,,,,,,,,
21318,simple,,,Rolex Yacht-Master 42 White Gold 226659,1,0,visible,Rolex Yacht-Master 42 White Gold 226659,"Elevate your maritime journey with the Rolex Yacht-Master 42 in White Gold, reference 226659, a testament to exquisite craftsmanship and marine functionality. Sculpted from 18k white gold, this 42mm masterpiece balances quiet elegance with robust performance. Its bi-directional rotating bezel features a matte black Cerachrom insert, combining supreme legibility with refined aesthetics. The intense black dial, adorned with luminous Chromalight markers, ensures exceptional visibility in all conditions. The Oysterflex bracelet—engineered for comfort and durability—features a patented glide-lock system for a custom fit. Driven by the self-winding Calibre 3235, this timepiece delivers unmatched precision, encapsulating Rolex's legendary commitment to quality and innovation.",,,taxable,,1,,,0,0,,,,,1,,,37500.00,Watches,,,"https://beepwear.com/wp-content/uploads/2026/01/QK48eIK83po9GB6Yc6cLwzSBa51bMUby3nxX-ev_DPI.jpg, https://beepwear.com/wp-content/uploads/2026/01/EHq9tIGUD4Pd8Q3qCo-IjnfhoaHxfoRiFJL2Z38_pdY.jpg, https://beepwear.com/wp-content/uploads/2026/01/DfotV45LpV4PNjNDaFD-OCBc7ozwiqSLOxuhRlMisbw.jpg, https://beepwear.com/wp-content/uploads/2026/01/E0K9Wcuf3WxSyG4u9s7OPvnLc_E-sikBIga6duNGD7k.jpg, https://beepwear.com/wp-content/uploads/2026/01/bWQmjC-gu8bcOvaGVi3Xcb4bI5SBwGvGzBLgzSHNGu0.jpg",,,,,,,,,0,Rolex,,,,,,,,
21343,simple,,,Rolex Oyster Perpetual 34mm Stainless Steel Yellow Gold 6582,1,0,visible,Rolex Oyster Perpetual 34mm Stainless Steel Yellow Gold 6582,"Embrace the timeless elegance and exceptional craftsmanship of the Rolex Oyster Perpetual 34mm Stainless Steel Yellow Gold 6582, a harmonious blend of luxury and functionality. This exquisite timepiece features a 34mm case that perfectly balances presence and subtlety, crafted from lustrous stainless steel accented with 18k yellow gold. The iconic Oyster case design not only exudes sophistication but also ensures water resistance up to 100 meters, promising durability for any occasion. \n\nPowered by a precise automatic movement, this watch boasts a clean, confident dial detailed with gold Arabic numerals and index markers, beautifully complementing its custom design. The fixed 18k yellow gold engine-turned bezel and the two-tone Oyster bracelet further enhance its appeal, making this Rolex a symbol of prestige and refined taste. Owning this exceptional timepiece is an embrace of a legacy defined by unmatched quality and enduring elegance.",,,taxable,,1,,,0,0,,,,,1,,,5200.00,Watches,,,"https://beepwear.com/wp-content/uploads/2026/01/Lqfh9pE0ti43pn6qdTu5yT_JIWP-s8r7lyBqCuafYJE.jpg, https://beepwear.com/wp-content/uploads/2026/01/YWEAKiPepoXje4lg4A2vwU2yKMIqWoJ6gtdJpmuFn18.jpg, https://beepwear.com/wp-content/uploads/2026/01/69RuAyTWwDVLYXLJJALEBZUYL1c79l2Gwd7c0sMJo64.jpg, https://beepwear.com/wp-content/uploads/2026/01/HaOpGr_zEj3oKS5KRB39HcFYW-nDAdsJoaQX2Y5dRTc.jpg, https://beepwear.com/wp-content/uploads/2026/01/k77WyOKdrFwHi9z3cN1aCaOZf4ORG6tRcFGwgSV-qcs.jpg",,,,,,,,,0,Rolex,,,,,,,,
21344,simple,,,Rolex Land-Dweller 36 Stainless Steel White Gold 127234,1,0,visible,Rolex Land-Dweller 36 Stainless Steel White Gold 127234,"Introducing the Rolex Land-Dweller 36 Stainless Steel White Gold 127234, a masterpiece of precision engineering and timeless style. This exquisite timepiece harmonizes the resilient allure of stainless steel with the opulent touch of 18k white gold, epitomizing luxury and durability. Its 36mm case perfectly balances prominence with elegance, making it an adaptable companion for any affair.\n\nThe white honeycomb-motif dial, accented by luminous Arabic numerals and index markers, offers a sophisticated canvas for the iconic Rolex emblem and a date function. This timepiece shines with a fluted bezel that subtly captures and reflects light, showcasing Rolex's trademark attention to detail. Driven by a robust automatic movement encased in scratch-resistant sapphire crystal, it guarantees precision and resilience. Complemented by a stainless steel flat Jubilee bracelet with a concealed folding clasp, this watch is water-resistant up to 100 meters, ensuring both practicality and grace. The Rolex Land-Dweller is where craftsmanship meets elegance, offering a statement of distinguished taste.",,,taxable,,1,,,0,0,,,,,1,,,37500.00,Watches,,,"https://beepwear.com/wp-content/uploads/2026/01/MN3BdslialxYnW25gtooQD-pzhG4OmwtMfaokN0g_Ko.jpg, https://beepwear.com/wp-content/uploads/2026/01/x-MqC5obSYkmi7gUyMbUc0I-v9ONrbv5NrgYoTOmob8.jpg, https://beepwear.com/wp-content/uploads/2026/01/3TbBPyUywkvCmJAEOy0-awAv1a4hsuQO6-nFZbYz-v8.jpg, https://beepwear.com/wp-content/uploads/2026/01/kL430Fimd_libLgp6gFauDFqq1Yg4y9FXCNxziL2w9U.jpg, https://beepwear.com/wp-content/uploads/2026/01/Tdr8ovvXnJKRlK57cRuxplBmh-r6UIMCe_lWl5n2x2E.jpg",,,,,,,,,0,Rolex,,,,,,,,
21364,simple,,,Rolex Datejust 36 Stainless Steel 116200,1,0,visible,Rolex Datejust 36 Stainless Steel 116200,"Experience timeless elegance with the Rolex Datejust 36 Stainless Steel 116200, a masterpiece of horological excellence. Its 36mm Oyster case, meticulously crafted from durable 904L stainless steel, houses a refined silver dial adorned with striking blue Arabic numerals, enhancing readability against the serene backdrop. The smooth, polished bezel complements the dial’s understated sophistication.\n\nBeneath the scratch-resistant sapphire crystal lies the self-winding Calibre 3135 movement, celebrated for its precision and reliability, offering a 48-hour power reserve. The watch’s water resistance extends to 100 meters, thanks to the twinlock double waterproofness system. The robust Oyster bracelet, featuring a folding clasp, ensures both comfort and a seamless fit. This Datejust is a beacon of luxury, combining iconic design with unparalleled craftsmanship, truly transcending trends and time.",,,taxable,,1,,,0,0,,,,,1,,,8000.00,Watches,,,"https://beepwear.com/wp-content/uploads/2026/01/SvPZ3LqEy3ENVxyD2gImMO9yJln34P79JFfIOGE0fCY.jpg, https://beepwear.com/wp-content/uploads/2026/01/REmNMJLCpBZ-mTT9mmdgFKm4GXRXv46cITUthBWK3ZU.jpg, https://beepwear.com/wp-content/uploads/2026/01/gZMFVn_nB8OgQv2fqpQEDZw1ahtC3g6oofyTkpg1DdU.jpg, https://beepwear.com/wp-content/uploads/2026/01/dD1-kw_VYvsk2m_T6r5KBH50AfHF8zM3PBnJ7ZquXzY.jpg, https://beepwear.com/wp-content/uploads/2026/01/0HQTrdu0yxNvDijNnwnl_Lb0F03rqXyf7z2VMZYOj8s.jpg",,,,,,,,,0,Rolex,,,,,,,,
21365,simple,,,Rolex Submariner 40mm Stainless Steel 14060,1,0,visible,Rolex Submariner 40mm Stainless Steel 14060,"Experience the epitome of luxury and precision with the Rolex Submariner 40mm Stainless Steel Reference 14060. This iconic timepiece is expertly crafted from robust stainless steel, presenting a striking combination of durability and elegance. Its 40mm case makes a bold statement while ensuring a comfortable fit. The crisp black dial, adorned with luminous index markers, guarantees exceptional legibility in any environment. The unidirectional rotating bezel, featuring a stainless steel black insert, allows precise time tracking for diving or daily adventures. This automatic masterpiece embodies Rolex's unwavering commitment to quality and innovation. With its sapphire crystal, the watch offers unrivaled scratch resistance while the stainless steel oyster bracelet ensures a seamless blend of style and comfort. Water-resistant to 300 meters, this Rolex Submariner is not just a watch; it's a testament to timeless sophistication and technical mastery.",,,taxable,,1,,,0,0,,,,,1,,,11500.00,Watches,,,"https://beepwear.com/wp-content/uploads/2026/01/Hw9cDs77juiRulH8cID52pGUmCsrBUiIf32PBxSUKH8.jpg, https://beepwear.com/wp-content/uploads/2026/01/Ei_PYFbriNvBaJjKxmN45TNWnQptkmO3ADT8avfd0do.jpg, https://beepwear.com/wp-content/uploads/2026/01/oICsRUyg3bQRMdf9H12Hu3SSnAZShM6nY7jYFx_sy44.jpg, https://beepwear.com/wp-content/uploads/2026/01/j1WDlarVMEJ0930gNaM6M_MY9V5jKhe-G2Hp7p8hPqs.jpg, https://beepwear.com/wp-content/uploads/2026/01/ZfaMpiMQg600HmV9zu0XI8VMoCO83xuKRmzLCz4yNwI.jpg",,,,,,,,,0,Rolex,,,,,,,,
21379,simple,,,Rolex Datejust 36mm Stainless Steel 1603,1,0,visible,Rolex Datejust 36mm Stainless Steel 1603,"Introducing the Rolex Datejust 36mm Stainless Steel 1603, a masterpiece of timeless elegance and precision. Crafted with a robust 36mm stainless steel case, this watch embodies resilience and refined sophistication. The iconic fluted bezel, a hallmark of Rolex craftsmanship, complements the captivating silver sunburst dial, which plays intriguingly with light, making every glance a dynamic experience. Luminescent baton hour markers and hands ensure clarity in any lighting, while the date display, enhanced by the distinctive Cyclops lens at 3 o’clock, combines practicality with the brand’s signature style.\n\nPowered by reliable automatic movement, this timepiece underscores Rolex’s commitment to excellence in horology. The exquisite stainless-steel Jubilee bracelet, complete with a secure folding clasp, offers both unparalleled comfort and versatility, seamlessly adapting from business settings to elegant weekend outings. Radiating both substance and style, the Rolex Datejust 1603 is a quintessential expression of luxury, ideal for those who appreciate enduring quality and sophistication.",,,taxable,,1,,,0,0,,,,,1,,,6500.00,Watches,,,"https://beepwear.com/wp-content/uploads/2026/01/fzPcCQvb1oVcaZ3wwm1GMu_gy9kJvF_eeAtwbCMVoUE.jpg, https://beepwear.com/wp-content/uploads/2026/01/xzkhHehI6W6Cws0JiEejlAGOirKroWzKa6CZkowNB3U.jpg, https://beepwear.com/wp-content/uploads/2026/01/ga3WByK67TzqjOF1IGOQKCwR0l4-5an2n14BnQ0o_r4.jpg, https://beepwear.com/wp-content/uploads/2026/01/p2hMOpabQ_TNjB4ASnyyCH8fZcMR8E7c6BqZ429lTak.jpg",,,,,,,,,0,Rolex,,,,,,,,
21381,simple,,,Rolex Sky-Dweller 42mm Stainless Steel Yellow Gold 326933,1,0,visible,Rolex Sky-Dweller 42mm Stainless Steel Yellow Gold 326933,"Introducing the Rolex Sky-Dweller 42mm, an exquisite blend of luxury and advanced horology, designed for the discerning traveler. Crafted from resilient stainless steel and adorned with opulent 18k yellow gold, this timepiece effortlessly captures attention with its sophisticated design. The Sky-Dweller features a 42mm case and a stunning champagne dial with luminous index markers, ensuring legibility in any setting. Highlighting its unique function, the off-center disc displays dual time zones, catering perfectly to global adventurers.\n\nThe watch’s bidirectional rotating fluted bezel, fashioned from 18k yellow gold, complements its Oyster bracelet, providing both aesthetic appeal and functional precision. Engineered with an automatic movement and a water resistance of 100 meters, it promises reliability and performance. Every detail, from the sapphire crystal to the robust folding clasp, is meticulously crafted, making the Rolex Sky-Dweller not just a timepiece, but a statement of prestige and an icon of timeless elegance.",,,taxable,,1,,,0,0,,,,,1,,,24000.00,Watches,,,"https://beepwear.com/wp-content/uploads/2026/01/pYYJrNUREhQnlXs-OUrQK-OAyogjrS3y5_RlQ1yX-yk.jpg, https://beepwear.com/wp-content/uploads/2026/01/Lyo0traezwITzx_tYL0ERMlP4_tOAcc-BxyLtFDnGSM.jpg, https://beepwear.com/wp-content/uploads/2026/01/vVFIB972GwlnxneWITwdthgDbtcVENdJrsHhT9KXrlo.jpg, https://beepwear.com/wp-content/uploads/2026/01/pgVk1sgEH6sirHS85ADPtDGbE4SjJ0ansJKTljqmYgI-scaled.jpg",,,,,,,,,0,Rolex,,,,,,,,
21382,simple,,,Rolex Cosmograph Daytona Vintage 37mm Stainless Steel 6265,1,0,visible,Rolex Cosmograph Daytona Vintage 37mm Stainless Steel 6265,"Experience the pinnacle of horological craftsmanship with the Rolex Cosmograph Daytona Vintage 6265. This extraordinary 37mm timepiece is a seamless blend of precision engineering and timeless design, encapsulated in robust stainless steel. Its sophisticated silver dial, adorned with contrasting black sub-dials and index markers, empowers you to track time with unparalleled accuracy. The manual wind movement, housed within the iconic Oyster case, ensures enduring reliability and water resistance up to 100 meters. Accentuated by a fixed stainless steel tachymetric bezel and a durable Oyster bracelet with a folding clasp, this watch epitomizes both elegance and functionality. A true legacy piece, the Daytona 6265 is more than a watch—it's a testament to Rolex's enduring innovation and heritage.",,,taxable,,1,,,0,0,,,,,1,,,69000.00,Watches,,,"https://beepwear.com/wp-content/uploads/2026/01/ukgwHalmQs2jMz6VbzRfv3QwQccpV-jNF02TDr1zTlw.jpg, https://beepwear.com/wp-content/uploads/2026/01/r0hmwd8kn3dJiPYFGpW_Pt9KblIL_nounYz0KIWgK20.jpg, https://beepwear.com/wp-content/uploads/2026/01/Dz0A2cUWZo9rZXZe5VV0fvUbskf9XYBPd382f3NGBSM.jpg, https://beepwear.com/wp-content/uploads/2026/01/BNcKF9lHypDB4bzbuk0PoNIGV6mCyE2wsuRtdToyyyQ.jpg, https://beepwear.com/wp-content/uploads/2026/01/cqeGUVQxFUpjYYwDD9k6GtFEozlKCgRQp6ypIZPzeqY.jpg",,,,,,,,,0,Rolex,,,,,,,,
21475,simple,,,Rolex GMT-Master Stainless Steel Yellow Gold Root Beer 16753,1,0,visible,Rolex GMT-Master Stainless Steel Yellow Gold Root Beer 16753,"Experience the refined craftsmanship of the Rolex GMT-Master 16753, a stunning timepiece that masterfully combines functionality and elegance. Its commanding 40mm case is expertly crafted from brushed stainless steel complemented by luxurious 18k yellow gold, creating an eye-catching contrast. The iconic 'Root Beer' bidirectional rotating bezel, in distinctive brown and gold, not only enhances its visual appeal but also serves as a practical feature for global travelers. The rich brown dial, adorned with diamond-set index markers and luminescent hands, ensures clarity and readability under any light conditions.\n\nPowered by a precise automatic movement, this watch includes a red GMT hand for tracking a second time zone and a date function at the 3 o'clock position. The robust acrylic crystal protects the dial, while the Jubilee bracelet in stainless steel and gold offers both durability and comfort, secured with a folding clasp. With a water resistance of up to 100 meters, the Rolex GMT-Master 16753 is as reliable as it is stylish, inviting you to explore the world with confidence and unparalleled sophistication.",,,taxable,,1,,,0,0,,,,,1,,,13800.00,Watches,,,"https://beepwear.com/wp-content/uploads/2026/01/Yq8feYr_58SOyHWxsebZHFNtxIibDST3sp-Ty1rGsbI.jpg, https://beepwear.com/wp-content/uploads/2026/01/vpfmvsS9mMUjbgMJkq76gRBMgpK0Sec5Bu11DTGgd98.jpg, https://beepwear.com/wp-content/uploads/2026/01/T4Uj0VoLs2MjAaESvO-aOYojKQohYkUKsehxRONfpK0.jpg, https://beepwear.com/wp-content/uploads/2026/01/wDFCyjmJv7tIOQx3F5JD5vrlCRBGD1b2pEKDrfIL5fM.jpg, https://beepwear.com/wp-content/uploads/2026/01/gPjqNaY0_CcmLRWWIQhR7BBJ_O_GOlraDTAz57G5g50.jpg",,,,,,,,,0,Rolex,,,,,,,,
21476,simple,,,Rolex Day-Date 40 Yellow Gold President Diamonds 228348RBR,1,0,visible,Rolex Day-Date 40 Yellow Gold President Diamonds 228348RBR,"Experience the pinnacle of luxury and precision with the Rolex Day-Date 40 Yellow Gold President Diamonds 228348RBR. Encased in lustrous 18k yellow gold, this 40mm masterpiece radiates sophistication, highlighted by a fixed bezel meticulously set with high-grade diamonds that shimmer with every glance. Within its elegant casing, the watch houses the formidable Rolex calibre 3255 automatic movement, promising exceptional accuracy and a substantial 70-hour power reserve. \n\nThe champagne dial, adorned with luminous diamond hour markers, provides impeccable clarity, complemented by the day and date windows at 12 and 3 o’clock, respectively. The iconic President bracelet, crafted in 18k yellow gold, offers a harmonious balance of luxurious comfort and durability, featuring a concealed folding clasp for seamless wear. With a water resistance of up to 100 meters and a sapphire crystal for added protection, this timepiece is not only a symbol of opulence but also an exemplar of superior craftsmanship and engineering excellence.",,,taxable,,1,,,0,0,,,,,1,,,64500.00,Watches,,,"https://beepwear.com/wp-content/uploads/2026/01/qSQEB_EYrcLeoAA_Pfa9xWyjgFl1CUAWVRsZTjNX8M8.jpg, https://beepwear.com/wp-content/uploads/2026/01/1dwTXuT5FH4BKYRTd-z8Ytix07ixbD6iGELS8HHnrrQ.jpg, https://beepwear.com/wp-content/uploads/2026/01/6fGlYxxGDhCdhW5ZcTFelYBR9dCxhdv4xy8807GorBQ.jpg, https://beepwear.com/wp-content/uploads/2026/01/Ynit5OzRhP4SjF7txpnWVPPCG03bc2B00LrzX3dHekM.jpg, https://beepwear.com/wp-content/uploads/2026/01/HccVAWbyd4G-zF1o7J1HZI39Z8GnzJa93qB5soV0s0U.jpg",,,,,,,,,0,Rolex,,,,,,,,
21478,simple,,,Rolex Datejust 31 Stainless Steel White Gold Diamonds 178384,1,0,visible,Rolex Datejust 31 Stainless Steel White Gold Diamonds 178384,"Experience the epitome of luxury with the Rolex Datejust 31, a striking blend of elegance and precision. This timepiece showcases a glistening 18k white gold fluted bezel, artistically set with diamonds that elegantly frame its exquisite mother-of-pearl dial. The dial is further enhanced by Roman numerals and a large diamond-set VI, offering an opulent yet classic touch. Engineered with Rolex's caliber 2236 automatic movement, this watch assures impeccable precision and reliability. \n\nThe 31mm case presents a harmonious balance of stainless steel and white gold, accentuating its robust sophistication. Shielded by a sapphire crystal with a cyclops lens, the face remains pristine against everyday wear. The stainless steel Jubilee bracelet, coupled with a secure folding clasp, ensures both comfort and enduring allure. With water resistance up to 100 meters, the Rolex Datejust 31 is not only a beacon of exquisite craftsmanship and timeless design but also a testament to unparalleled functionality and style.",,,taxable,,1,,,0,0,,,,,1,,,17500.00,Watches,,,"https://beepwear.com/wp-content/uploads/2026/01/2uqRX-ywOM0FGqoHuIZet4-7J9uZ36acVak36qm8SaU.jpg, https://beepwear.com/wp-content/uploads/2026/01/BVKpdqElEdCniD1a6xI_rjOaUmpxdMYBI8rq3MLXF6c.jpg, https://beepwear.com/wp-content/uploads/2026/01/3nCI2ttO9TfyFU0RrG5ZHrKJURC4ML2ZUnFJFfQHJ9w.jpg, https://beepwear.com/wp-content/uploads/2026/01/i6pJThfSAp3jqOI94n2XsGRUqPW5XlOo2OhicEoCHn8.jpg, https://beepwear.com/wp-content/uploads/2026/01/1dxtefYhrW8awzOcdB_RmIFhkZmKji9fCZ9ZQVBosRg.jpg",,,,,,,,,0,Rolex,,,,,,,,
21480,simple,,,Rolex Datejust 41 Stainless Steel White Gold Diamonds 126334,1,0,visible,Rolex Datejust 41 Stainless Steel White Gold Diamonds 126334,"Experience the pinnacle of sophistication and craftsmanship with the Rolex Datejust 41, model 126334. This exquisite timepiece seamlessly marries the enduring allure of premium stainless steel with the opulence of 18k white gold, highlighted by a fluted bezel that pays homage to Rolex's iconic design heritage. At its heart lies the Rolex Calibre 3235, an automatic movement renowned for its remarkable accuracy and 70-hour power reserve, ensuring flawless timekeeping.\n\nEncased in a robust 41mm Oyster case crafted from Rolex's proprietary 904L Oystersteel, the watch offers superior corrosion resistance and durability. The mesmerizing black dial is adorned with diamond-set index markers, each gleaming under the scratch-resistant sapphire crystal. Complemented by a refined Jubilee bracelet with a seamless folding Crownclasp, this Rolex not only delivers on comfort but also exudes timeless elegance. With a water resistance of up to 100 meters, the Datejust 41 is a statement piece, encapsulating unmatched luxury and performance.",,,taxable,,1,,,0,0,,,,,1,,,17000.00,Watches,,,"https://beepwear.com/wp-content/uploads/2026/01/TbD0iqGN30T0v1IUKWHWrqGukFE0rINrJsnmnq11g48.jpg, https://beepwear.com/wp-content/uploads/2026/01/EHR2LMrAT0Lx_aZryDagezdwL9OKtTHYF7NtoK1l4cU.jpg, https://beepwear.com/wp-content/uploads/2026/01/4kZpqd5het-lgpWk_OOLYidliWWgI0YOAOitb8afWro.jpg, https://beepwear.com/wp-content/uploads/2026/01/OqZ6n_zrwNOf_YmXL7lTLCvF5ZliZvrRZChbmK4e7Pg.jpg, https://beepwear.com/wp-content/uploads/2026/01/tDk8Ciue5Tm_psLsJi7dKjRMl7tlYF4yVglknTTRdkk.jpg",,,,,,,,,0,Rolex,,,,,,,,
21481,simple,,,Maurice Lacroix Masterpiece Retrograde Calendar 43mm MP6508-SS001-130,1,0,visible,Maurice Lacroix Masterpiece Retrograde Calendar 43mm MP6508-SS001-130,"Experience the epitome of Swiss craftsmanship with the Maurice Lacroix Masterpiece Retrograde Calendar 43mm wristwatch. Encased in sleek stainless steel, this watch features a striking fixed bezel and a sophisticated black dial adorned with Arabic numerals and index markers. The captivating retrograde calendar display, combined with a Swiss automatic movement, offers precision in hours, minutes, seconds, and date functions. Protected by sapphire crystal, the watch is paired with a luxurious black leather strap featuring a secure stainless steel deployment clasp. The exhibition case back beautifully reveals the intricate mechanics, while enduring water resistance up to 50 meters ensures durability. A perfect harmony of elegance and technical prowess, this timepiece is a testament to refined style and superior engineering.",,,taxable,,1,,,0,0,,,,,1,,,6900.00,Watches,,,"https://beepwear.com/wp-content/uploads/2026/01/x2ESk3IOJLF-FTWdcHkpi8M-eFSvlEr7KtOsGzVeSKc.jpg, https://beepwear.com/wp-content/uploads/2026/01/r7Gqokz4Wp82dDeHy3A3tOsoc1Ard7B1UHh70Emth3o.jpg, https://beepwear.com/wp-content/uploads/2026/01/28hKUmGctxJTvM47EnhOgw00zoltnd2E8v1Plo_mlQE.jpg",,,,,,,,,0,Maurice Lacroix,,,,,,,,
21500,simple,,,Bertolucci Forza II Chronograph 42mm 1393.50.42.1L18D.41L,1,0,visible,Bertolucci Forza II Chronograph 42mm 1393.50.42.1L18D.41L,"Experience the perfect fusion of bold design and precise craftsmanship with the Bertolucci Forza II Chronograph 42mm. This striking timepiece features a robust black PVD stainless steel case paired with a distinctive fixed bezel, enhancing its sleek and modern aesthetic. The black opaline wave pattern dial is accentuated by vivid orange Arabic numerals and index markers, offering excellent legibility and a touch of vibrant style. Powered by Swiss quartz movement, this watch guarantees precise timekeeping with functionalities including hours, minutes, seconds, date, and an efficient chronograph. Protected by a durable sapphire crystal, its face remains pristine and scratch-free. The timepiece is completed with a premium black leather and orange rubber strap, secured by a black PVD stainless steel pin buckle for a secure, comfortable fit. With a water resistance of up to 50 meters, the Bertolucci Forza II is both a statement piece and a reliable companion for any adventure.",,,taxable,,1,,,0,0,,,,,1,,,2950.00,Watches,,,https://beepwear.com/wp-content/uploads/2026/01/WQ2PsAcjdMP87FefJQutbbAzc9jIr8zVovpGEDMYvAQ.jpg,,,,,,,,,0,,,,,,,,,
21501,simple,,,Rolex Datejust 41 Stainless Steel Rose Gold 126331,1,0,visible,Rolex Datejust 41 Stainless Steel Rose Gold 126331,"Experience the epitome of luxury with the Rolex Datejust 41 in Stainless Steel and Rose Gold, reference 126331. This stunning timepiece features a harmonious blend of 18k Everose gold and robust Oystersteel, exuding both warmth and resilience. The 41mm case is crowned with a signature fluted bezel in Everose gold, offering a classic yet distinctive allure. Powered by the in-house Caliber 3235, the watch boasts a remarkable power reserve of approximately 70 hours, ensuring precision and reliability.\n\nThe chocolate dial, adorned with luminous index markers and the iconic cyclops lens at 3 o'clock, provides excellent legibility. Complemented by a Jubilee bracelet that blends stainless steel and rose gold, it offers both elegance and comfort. With a water resistance of up to 100 meters and a sapphire crystal, this Rolex Datejust is not just a watch; it's a statement of style and heritage, crafted for the discerning connoisseur.",,,taxable,,1,,,0,0,,,,,1,,,21500.00,Watches,,,"https://beepwear.com/wp-content/uploads/2026/01/aO_M7c5VW3NpzEcSc0305ei8r0TZsW4ggtlFWMgFuRU.jpg, https://beepwear.com/wp-content/uploads/2026/01/xJnWSoV2_ItXwTg6ij8sLIfFhPb9zcFjhGN6zccfLAM.jpg, https://beepwear.com/wp-content/uploads/2026/01/9X3SF_4R_ixFUJqODcbRI_5gfhkvJEsUnJ4IJmDa2Pc.jpg, https://beepwear.com/wp-content/uploads/2026/01/1EcEHL8TlKtP9Jna4iJcRmUZHJRXvM_QGeqmvhz0EOE.jpg, https://beepwear.com/wp-content/uploads/2026/01/I6arzmI2NkQ_4kmFECa6bEfPUDmM8aZve3M-Zs15VeE.jpg",,,,,,,,,0,Rolex,,,,,,,,
21502,simple,,,Kultuhr Happy Buddha Tourbillon 42mm Stainless Steel Black Dial H10GS,1,0,visible,Kultuhr Happy Buddha Tourbillon 42mm Stainless Steel Black Dial H10GS,"Introducing the Kultuhr Happy Buddha Tourbillon, a 42mm masterpiece crafted in stainless steel, where precision meets elegance. A compelling blend of tradition and innovation, this wristwatch features a striking black dial adorned with bold red characters and a mesmerizing tourbillon at its heart. The watch embodies meticulous craftsmanship, showcased through its mechanical hand wind movement, visible via the exhibition case back. The sapphire crystal ensures remarkable durability, while the fixed stainless steel bezel adds a touch of sophistication. Complemented by a sleek black leather strap, equipped with a stainless steel folding clasp, and boasting 50 meters of water resistance, this watch is a testament to refined style and functionality, making it a quintessential addition to any connoisseur's collection.",,,taxable,,1,,,0,0,,,,,1,,,2900.00,Watches,,,"https://beepwear.com/wp-content/uploads/2026/01/EeQmlC-7Jf_Kkf7ABLM1_DwM4cVb5kD66c2t5p-mnSk.jpg, https://beepwear.com/wp-content/uploads/2026/01/LaHg_XlG8MLWpKEi7MVzE2XhPwCGCiVg7BEXoBquKpE.jpg",,,,,,,,,0,,,,,,,,,
21504,simple,,,Corum Bubble 35mm Stainless Steel Diamonds 39.151.47,1,0,visible,Corum Bubble 35mm Stainless Steel Diamonds 39.151.47,"Experience the elegance of the Corum Bubble 35mm, reference 39.151.47, a certified pre-owned masterpiece that seamlessly blends luxury with precise craftsmanship. This exquisite timepiece features a polished stainless steel case adorned with a dazzling diamond-set bezel, offering a captivating allure. The white dial, embellished with Arabic numerals and luminous index markers, ensures effortless readability, set beneath a durable sapphire bubble crystal. Driven by a reliable Swiss quartz movement, it provides precise hours, minutes, seconds, and date functions. Complemented by a stylish black leather strap and stainless steel deployment clasp, this watch exudes timeless elegance. With a water resistance of up to 50 meters and both box and papers included, the Corum Bubble is a testament to impeccable craftsmanship and sophisticated style.",,,taxable,,1,,,0,0,,,,,1,,,4150.00,Watches,,,https://beepwear.com/wp-content/uploads/2026/01/a0D5cAELohUAan2I-Zdh7d2coAqbm7rrzPR1_xLabjk.jpg,,,,,,,,,0,,,,,,,,,
21545,simple,,,Bertolucci Serena Garbo 37mm Stainless Steel Diamonds 303.55.41P2.1BM,1,0,visible,Bertolucci Serena Garbo 37mm Stainless Steel Diamonds 303.55.41P2.1BM,"Indulge in timeless elegance with the Bertolucci Serena Garbo 37mm wristwatch, reference 303.55.41P2.1BM. This exquisite timepiece features a diamond-set stainless steel case that captivates with its brilliance, perfectly complementing the white mother of pearl dial adorned with bold black Roman numerals. Powered by precise Swiss quartz movement, it ensures reliable hours and minutes functions under a scratch-resistant sapphire crystal. The refined brown leather strap with a stainless steel folding clasp adds a touch of classic sophistication, while the fixed bezel elegantly showcases its diamond-studded allure. With a 37mm case and water resistance up to 30 meters, this watch merges dazzling design with durable craftsmanship, ideal for the discerning woman who values both style and precision.",,,taxable,,1,,,0,0,,,,,1,,,4950.00,Watches,,,https://beepwear.com/wp-content/uploads/2026/01/tXP3-_sMQW7tiI97hYmSGieftNiKkxlXMCw1Lsyb5E4.jpg,,,,,,,,,0,,,,,,,,,
21547,simple,,,Seiko Prospex Speedtimer Mechanical Chronograph 42.5mm SRQ037,1,0,visible,Seiko Prospex Speedtimer Mechanical Chronograph 42.5mm SRQ037,"Introducing the distinguished Seiko Prospex Speedtimer Mechanical Chronograph, reference SRQ037, a masterpiece of precision and style. This 42.5mm men's wristwatch is meticulously crafted in robust stainless steel, featuring a fixed bezel and a stunning charcoal grey dial accentuated with luminous index markers for exceptional readability. The watch's automatic movement elegantly powers hours, minutes, seconds, date, and chronograph functions, accompanied by a notable power reserve feature. The timepiece is completed with a stainless steel bracelet and secure deployment clasp, while an exhibition case back allows a glimpse into its intricate mechanics. Protected by a sapphire crystal and water-resistant up to 100 meters, this certified pre-owned Seiko watch combines rugged durability with timeless sophistication, and it comes complete with both box and papers.",,,taxable,,1,,,0,0,,,,,1,,,3000.00,Watches,,,"https://beepwear.com/wp-content/uploads/2026/01/YW-6qoOinJ1LAlkPJBgXkBdtaiLbZr6xxZZoN6zI96c.jpg, https://beepwear.com/wp-content/uploads/2026/01/1_ZGiUbnlD1zfXcfU_J60o02XMHVsXmHd5DKSU4x9F4.jpg, https://beepwear.com/wp-content/uploads/2026/01/2tLmRDZOrFuYTBCtcK4DkWVTffEv3omfN59f-gM4lYk.jpg, https://beepwear.com/wp-content/uploads/2026/01/aU1tFPTwbbshYMRpUw3FfpgdK8U9Gceng_FArKX3kkI.jpg, https://beepwear.com/wp-content/uploads/2026/01/9CNaasXsJy82m50pcVCGk53CnQha2miCu3iLgExwu84.jpg",,,,,,,,,0,Seiko,,,,,,,,
21548,simple,,,Bertolucci Pulchra 36mm Stainless Steel Yellow Gold 115-49,1,0,visible,Bertolucci Pulchra 36mm Stainless Steel Yellow Gold 115-49,"Experience timeless elegance with the Bertolucci Pulchra 36mm wristwatch, a refined blend of luxury and precision. This certified pre-owned timepiece features a striking combination of stainless steel and 18K yellow gold, presenting a fixed bezel that frames a sophisticated cream dial. Gold Roman numerals and index markers add a touch of classic charm, all under a durable sapphire crystal. Powered by a reliable Swiss quartz movement, this watch ensures precise hour, minute, second, and date functionalities. The robust stainless steel and 18K yellow gold bracelet, secured with a deployment clasp, complements the stainless steel case back, reflecting exquisite craftsmanship. With a case size of 36mm and a water resistance of 30 meters, this wristwatch masterfully merges style with practicality.",,,taxable,,1,,,0,0,,,,,1,,,4750.00,Watches,,,https://beepwear.com/wp-content/uploads/2026/01/1_9phWiCMUHAZMeqOxdK8hcSyvacoOb7yKc6hhme7ZA.jpg,,,,,,,,,0,,,,,,,,,
21549,simple,,,Zenith Chronomaster Sport 41mm Rose Gold 18.3101.3600/21.M3100,1,0,visible,Zenith Chronomaster Sport 41mm Rose Gold 18.3101.3600/21.M3100,"Indulge in the exquisite craftsmanship of the Zenith Chronomaster Sport—a masterpiece of horology encased in 18K rose gold. This certified pre-owned timepiece, reference 18.3101.3600/21.M3100, boasts a 41mm case that showcases the harmony of luxury and precision. Its captivating black-lacquered dial features three distinct, multi-colored counters and sleek index markers, harmoniously melded to perfection. Powered by a Swiss automatic movement, this watch offers a symphony of functionality, including hours, minutes, seconds, date, chronograph, and a power reserve. The fixed 18K rose gold bezel and scratch-resistant sapphire crystal enhance its elegance, while the exhibition case back offers a glimpse into the intricate inner workings. Completed by an 18K rose gold bracelet with a secure folding clasp and a water resistance of up to 100 meters, the Zenith Chronomaster Sport is a timeless testament to sophistication, ready to elevate any occasion. Box and papers included.",,,taxable,,1,,,0,0,,,,,1,,,38200.00,Watches,Pre-Owned,,"https://beepwear.com/wp-content/uploads/2026/01/MGDzIr9qDr_K0kdYPFPv3eICd1XGN2-_OEiOaVNF4bw.jpg, https://beepwear.com/wp-content/uploads/2026/01/wVO6yU0CtUuv0McP5yuqm-VgQBsxnwYH1qzMOXnD7hU.jpg, https://beepwear.com/wp-content/uploads/2026/01/Eo32C2aqf883FjfFdQwHLOTsyGOnFFr_SAPnTvYSkew.jpg, https://beepwear.com/wp-content/uploads/2026/01/Y-6ZjkEY-zj8Ii42g5sAd4C-bBYB1KPaCUYgGowMi2g.jpg, https://beepwear.com/wp-content/uploads/2026/01/YKufItjvSZ3CgZRvR9mmUod46AYIHqiotD6Oyy9m57Y.jpg",,,,,,,,,0,Zenith,,,,,,,,
21550,simple,,,Zenith Defy El Primero 21 Chronograph 44mm Rose Gold 18.9000.9004,1,0,visible,Zenith Defy El Primero 21 Chronograph 44mm Rose Gold 18.9000.9004,"Discover the Zenith Defy El Primero 21 Chronograph, a pinnacle of horological excellence crafted in 18K rose gold. This stunning 44mm timepiece exudes sophistication with its open black dial, elegantly showcasing rose gold luminous index markers that harmonize perfectly with the warmth of its case. Powered by a precise Swiss automatic movement, it seamlessly integrates hours, minutes, seconds, and chronograph functions, all protected by a robust sapphire crystal. The watch is complemented by a rich brown leather strap lined with black rubber, closed securely with an 18K rose gold and titanium deployment clasp. Its exhibition case back allows a glimpse into its intricate mechanics, reinforcing Zenith's commitment to craftsmanship. With water resistance up to 100 meters, this timepiece combines luxury and practicality effortlessly, making it an exceptional choice for any discerning collector.",,,taxable,,1,,,0,0,,,,,1,,,27900.00,Watches,,,"https://beepwear.com/wp-content/uploads/2026/01/GS4zBmE6n7Mjyu9RvIQ9vADZpGRpbJkq61afX9-dbCI.jpg, https://beepwear.com/wp-content/uploads/2026/01/GfY9TOaynyRs82PHZ0A9fUNiUB7F4dsW6a8Df7ay5nE.jpg, https://beepwear.com/wp-content/uploads/2026/01/Mtw881iJgaEucl79YNNV3K2uLYDBXa8RGdkSo6N1mrw.jpg, https://beepwear.com/wp-content/uploads/2026/01/OIY7uLO_qsfB7Z9eN_NDMix4j2D1arCnGjelCTth5rg.jpg, https://beepwear.com/wp-content/uploads/2026/01/Yh2D0ZNxdx4R_L-kLxtYGGkcakg2noqWxgAd6rJSFKc.jpg",,,,,,,,,0,Zenith,,,,,,,,
21551,simple,,,Zenith Defy Skyline 41mm Stainless Steel 03.9300.3620/51.I001,1,0,visible,Zenith Defy Skyline 41mm Stainless Steel 03.9300.3620/51.I001,"Embrace the precision and elegance of the Zenith Defy Skyline 41mm Stainless Steel timepiece, an exquisite blend of modern design and technical mastery. This certified pre-owned wristwatch boasts a striking blue sunburst dial adorned with a unique four-pointed star pattern and luminous index markers, ensuring readability and sophistication. Encased in robust stainless steel, the watch features a fixed bezel and is powered by an advanced Swiss automatic movement, offering hours, minutes, a 1/10th of a second indication, and date functions. The sapphire crystal and exhibition case back highlight its exceptional craftsmanship, while the stainless steel bracelet with a deployment clasp adds durability and style. Water-resistant up to 100 meters and including both box and papers, this Zenith masterpiece is a timeless addition to any discerning collection.",,,taxable,,1,,,0,0,,,,,1,,,8400.00,Watches,,,"https://beepwear.com/wp-content/uploads/2026/01/IWBQUf_TxHIYndC1FYaEifaL6bmwiMORAR7nN0eb2tQ.jpg, https://beepwear.com/wp-content/uploads/2026/01/j4yfA_TB0VEm8CSgndSQTPHOw2CegGUPaFUxOHZ8roU.jpg, https://beepwear.com/wp-content/uploads/2026/01/TyHC8PVbUwQAH1j8xQQUm8iKEapoH-or0XsmEoKB2F0.jpg, https://beepwear.com/wp-content/uploads/2026/01/ZlUX05yS36iXUo78ifN4QvWEkx5nKLSrN4GOo2x2Sj0.jpg, https://beepwear.com/wp-content/uploads/2026/01/gE2fP6bJ0oJGOVguRURE3hmL5ewWUqj8niodSPIry-4.jpg",,,,,,,,,0,Zenith,,,,,,,,
21552,simple,,,Martin Braun Heliozentric PB 42mm Stainless Steel MB153PB,1,0,visible,Martin Braun Heliozentric PB 42mm Stainless Steel MB153PB,"The Martin Braun Heliozentric PB 42mm stands as an exquisite testament to precision and artistry. Encased in durable stainless steel, this sophisticated timepiece features a captivating blue dial adorned with Arabic numerals. It showcases unparalleled craftsmanship with its detailed display of the Earth's orbit and the twelve zodiac signs, a feature that sets it apart from traditional watches. This Swiss-engineered marvel operates on an automatic movement, ensuring meticulous timekeeping with functions including hours, minutes, date, and months. The sapphire crystal not only provides clarity but also robust protection to the intricate dial below. Complemented by a sleek black leather strap with a stainless steel pin buckle and an exhibition case back, it offers both style and function. This watch, with its included box and papers, is a pure embodiment of luxury and technical precision, perfect for the discerning gentleman.",,,taxable,,1,,,0,0,,,,,1,,,18750.00,Watches,,,"https://beepwear.com/wp-content/uploads/2026/01/HIm7Vqcxu7DMAtgXcAY_kmY0KT0Fpzf4olNbnHTBKY4.jpg, https://beepwear.com/wp-content/uploads/2026/01/Q85v45P-3gWP0s0xFrU3YADctjg2c72qOLPKH7Vmwk.jpg, https://beepwear.com/wp-content/uploads/2026/01/1n0ApoBSTM-23G54PEZKsiApO9UAIek4iKrvEEpfZFQ.jpg, https://beepwear.com/wp-content/uploads/2026/01/6R7n3yoarV5EXun_aG270_pQKF6FxpdmrpblDngq2Ho.jpg, https://beepwear.com/wp-content/uploads/2026/01/9X0fho_58qRLzVFcYStQsTjU6bF1UCZDBB_AgXaayc8.jpg",,,,,,,,,0,,,,,,,,,
21595,simple,,,Rolex Submariner Date 40mm Stainless Steel Hulk 116610LV,1,0,visible,Rolex Submariner Date 40mm Stainless Steel Hulk 116610LV,"Experience the epitome of luxury and precision with the Rolex Submariner Date 40mm Stainless Steel Hulk 116610LV. Crafted in robust Oystersteel, this distinguished timepiece showcases a captivating green dial paired with a matching Cerachrom bezel, embodying a seamless blend of innovation and tradition. Engineered to withstand depths of up to 300 meters, its luminescent Chromalight display ensures exceptional readability even in the dimmest light. The Submariner Date is driven by the automatic Caliber 3135 movement, celebrated for its superior chronometer-certified accuracy. Featuring a stainless steel Oyster bracelet with a Glidelock extension for the perfect fit, this watch is as functional as it is sleek. A true masterpiece of design and craftsmanship, the Rolex Hulk stands as an iconic symbol of sophistication and performance.",,,taxable,,1,,,0,0,,,,,1,,,26500.00,Watches,,,"https://beepwear.com/wp-content/uploads/2026/01/cHcWN4A3V0wSTdEvwqLw8hNJvo14cesQUQqwjHJB06c.jpg, https://beepwear.com/wp-content/uploads/2026/01/Wr2qBPPl85UC25iYCdlrCJ_OvJKZVohVFx72IHXPIAg.jpg, https://beepwear.com/wp-content/uploads/2026/01/BBEYzCGy_EkHw0ULqQ3REud8dD3RHSqWDYM0oTMpHLU.jpg, https://beepwear.com/wp-content/uploads/2026/01/GU_G4NW2XBviggNGEPkF1XdPyjssKS4YOWE4dxa9s-I.jpg, https://beepwear.com/wp-content/uploads/2026/01/QktrggJWunf1-RPDIAmhwIIbwyXUpwBhgF6Nn3lDk10.jpg",,,,,,,,,0,Rolex,,,,,,,,
21596,simple,,,Rolex GMT-Master II 40mm Stainless Steel Batgirl 126710BLNR,1,0,visible,Rolex GMT-Master II 40mm Stainless Steel Batgirl 126710BLNR,"The Rolex GMT-Master II 40mm Stainless Steel Batgirl 126710BLNR is a masterpiece of sophisticated watchmaking, celebrated for its innovative design and precision. This iconic timepiece features a distinctive black and blue Cerachrom bezel, crafted for both unmatched vibrancy and resistance to fading, earning it the affectionate ""Batgirl"" nickname among enthusiasts. Housed in a sleek 40mm Oyster case, the watch showcases the impeccable Rolex Caliber 3285 automatic movement, engineered with a Parachrom hairspring to ensure superior accuracy and durability against shocks and temperature fluctuations.\n\nA hallmark of versatility and elegance, this watch is adorned with a polished stainless steel Jubilee bracelet, ensuring comfort and security with its reliable folding clasp. The dial, with luminous index markers and a prominent Cyclops lens-enhanced date window at 3 o'clock, ensures clarity and readability whether at a corporate meeting or exploring exotic destinations. With an impressive water resistance of 100 meters, the GMT-Master II is as practical as it is stylish—making it the ultimate companion for both the discerning traveler and the style-conscious professional.",,,taxable,,1,,,0,0,,,,,1,,,22900.00,Watches,,,"https://beepwear.com/wp-content/uploads/2026/01/5_F1k-2Gz7Bux3hE-r7MlqEv7q1tdI77TL35px-rK10.jpg, https://beepwear.com/wp-content/uploads/2026/01/W9UacnljByj0_Iq5bzebSnLJa02MQ84pm-3bgKjogE8.jpg, https://beepwear.com/wp-content/uploads/2026/01/6f4dsXwxbX5MjKI9fy0z1F6OkM_qt5hGGDn0lKndhCI.jpg, https://beepwear.com/wp-content/uploads/2026/01/h3qcC4pvumA-86G2C2Bxkpf8wVK6-vk7bwHbmzgWwy4.jpg, https://beepwear.com/wp-content/uploads/2026/01/f36PvOtrOMK3tdYn4WdmrtN7pAtepv2jMIGnobAJd3E.jpg",,,,,,,,,0,Rolex,,,,,,,,
21598,simple,,,Rolex Day-Date 40 Rose Gold President 228235,1,0,visible,Rolex Day-Date 40 Rose Gold President 228235,"Elevate your style with the Rolex Day-Date 40 Rose Gold President 228235, a masterpiece of horological artistry and precision. Crafted from Rolex's exclusive 18k Everose gold, this watch emanates a sophisticated warmth and refined allure. Its 40mm Oyster case is hermetically sealed, offering water resistance up to 100 meters, ensuring robustness alongside elegance. The striking fluted bezel captures the timeless essence of Rolex design, while the President bracelet with semi-circular links provides seamless style and unmatched comfort.\n\nThe watch face features a captivating sundust dial set with Roman numeral hour markers, exuding elegance hour by hour. An iconic design element, it prominently displays both the day at 12 o'clock and the date at 3 o'clock, merging function with prestige. Powered by the Rolex Calibre 3255, this automatic movement is renowned for its precision, reliability, and resilience to shocks and magnetic fields. The Rolex Day-Date 40 Rose Gold President 228235 is more than a timepiece; it's an heirloom, a testament to tradition, and a companion for life's distinguished moments.",,,taxable,,1,,,0,0,,,,,1,,,55000.00,Watches,,,"https://beepwear.com/wp-content/uploads/2026/01/Z88N2cfDWQaNHZnYk_87rk7USvsVdqrKrHD8R9vhc8k.jpg, https://beepwear.com/wp-content/uploads/2026/01/8bQrEqXxBE3mA-6MHaixKsatXqQv-J9DEGowlP9SIU.jpg, https://beepwear.com/wp-content/uploads/2026/01/9mB8iGtd-15fU1Ymbt5iZ5yNPPljQPPuTiDYZd_9Nec.jpg, https://beepwear.com/wp-content/uploads/2026/01/k2vgd0z5consP8t8grewWPMxY3V5nrTvv1sRWaQiuHA.jpg, https://beepwear.com/wp-content/uploads/2026/01/FMzAekMwjto0Fnlo8ds-ikak_k_M3mhwFZu_c2V35io.jpg",,,,,,,,,0,Rolex,,,,,,,,
21665,simple,,,William Henry Legacy Mammoth Automatic 42mm Limited Edition W1 MT DAM,1,0,visible,William Henry Legacy Mammoth Automatic 42mm Limited Edition W1 MT DAM,"Experience unparalleled luxury and craftsmanship with the William Henry Legacy Mammoth Automatic 42mm Limited Edition W1 MT DAM wristwatch. This extraordinary timepiece features a striking hand-forged Damascus steel case, meticulously crafted from 300 layers of stainless-steel alloys, exuding strength and elegance. Its fixed bezel encircles the stunning dial, uniquely constructed from fossilized woolly mammoth tooth, offering a breathtakingly natural pattern complemented by index markers. Powered by a precise Swiss automatic movement, it gracefully showcases hours, minutes, seconds, and a date function, all under the protection of a sapphire crystal. The exhibition caseback reveals the intricate movement in motion, while a rich brown leather strap with a stainless steel deployment clasp ensures a comfortable and secure fit. Limited to just 250 pieces worldwide, this exceptional watch boasts a 42mm case size and 100m water resistance, merging timeless design with modern durability.",,,taxable,,1,,,0,0,,,,,1,,,5495.00,Watches,,,https://beepwear.com/wp-content/uploads/2026/01/BJCr0aA0U3vxD4zfTcyP2-m_IUvXdL2_1cd9BVH1zT0.jpg,,,,,,,,,0,,,,,,,,,
21666,simple,,,William Henry Legacy Dinosaur Automatic 42mm Limited Edition W1 DB DAM,1,0,visible,William Henry Legacy Dinosaur Automatic 42mm Limited Edition W1 DB DAM,"Discover the William Henry Legacy Dinosaur Automatic 42mm, a striking blend of history and craftsmanship. This limited edition timepiece, restricted to just 250 exclusive pieces, boasts a hand-forged Damascus steel case composed of 300 layers of stainless steel alloys, offering unparalleled durability and a unique patterning. The dial is a mesmerizing display of high red fossil dinosaur bone, providing a rare glimpse into the Earth's ancient past, elegantly complemented by precise index markers. Powered by a Swiss automatic movement, this watch delivers precision and reliability, featuring hours, minutes, seconds, and date functions under a robust sapphire crystal. Complete with a sophisticated black leather strap and a stainless steel deployment clasp, this watch expertly merges function with style. An exhibition caseback further allows you to appreciate the intricate workings of its heart, while its 100-meter water resistance ensures resilience against the elements. A masterpiece of technical excellence and artistic design, this watch is a testament to timeless elegance and superior craftsmanship.",,,taxable,,1,,,0,0,,,,,1,,,5495.00,Watches,,,https://beepwear.com/wp-content/uploads/2026/01/W4PK5XY3Be7OX9XqemJA-JeVrVXdKraViCGnvOYE7D8.jpg,,,,,,,,,0,,,,,,,,,
21667,simple,,,William Henry Legacy Meteorite Automatic 42mm Limited Edition W1 MET MOK,1,0,visible,William Henry Legacy Meteorite Automatic 42mm Limited Edition W1 MET MOK,"Introducing the William Henry Legacy Meteorite Automatic 42mm Limited Edition W1 MET MOK—a masterpiece blending art and engineering. This exquisite timepiece showcases a hand-forged Moku-Ti Damascus case, expertly crafted from 90 layers of four aerospace-grade titanium alloys. The striking dial is crafted from pure Gibeon meteorite, a rare treasure from the cosmos, adorned with elegant index markers. Driven by a precise Swiss automatic movement, it offers hours, minutes, seconds, and date functions. Protected by a durable sapphire crystal, the watch features a sophisticated black leather strap with a stainless steel deployment clasp and an exhibition caseback for a glimpse of its intricate workings. With a limited edition run of only 250 pieces, this watch combines celestial allure with exceptional craftsmanship, making it a coveted piece for discerning collectors.",,,taxable,,1,,,0,0,,,,,1,,,8995.00,Watches,,,https://beepwear.com/wp-content/uploads/2026/01/kehVMdJo029XOBo5_UWv1O-96h266MWP-SnRthgCTOU.jpg,,,,,,,,,0,,,,,,,,,
21727,simple,,,Jean d'Eve Sectora Stainless Steel,1,0,visible,Jean d'Eve Sectora Stainless Steel,"Experience the timeless elegance of the Jean d'Eve Sectora Stainless Steel wristwatch, a distinctive testament to Swiss craftsmanship. Its unique, semi-circular white dial with bold Arabic numerals is a hallmark of avant-garde design, housed within a robust 29mm stainless steel case. This certified pre-owned timepiece features a fixed stainless steel bezel and a durable mineral crystal, ensuring enduring sophistication and clarity. Powered by precise Swiss quartz movement, it offers reliable hours and minutes functions. The watch is complemented by a stainless steel bracelet with a secure folding clasp, exuding both strength and style. With its meticulous design and enduring quality, the Jean d'Eve Sectora is a stunning fusion of art and precision.",,,taxable,,1,,,0,0,,,,,1,,,875.00,Watches,,,"https://beepwear.com/wp-content/uploads/2026/01/vE81M8tw3BTeZ_waEIK3sYfVB12bd_rYNs61TfxMaU0.jpg, https://beepwear.com/wp-content/uploads/2026/01/4OBdW8yu53DytymGV2_s4CoHwHASEknZAZ2vxeBZMwI.jpg, https://beepwear.com/wp-content/uploads/2026/01/s5A0Hn6RvkoDPB8rEGHWruTl6ZypvegOxXCVw1RY6X4.jpg, https://beepwear.com/wp-content/uploads/2026/01/bF58oC4NYfOY4XhuT3lWvtZ4Pir3YKilOO0Emfp4TUw.jpg, https://beepwear.com/wp-content/uploads/2026/01/kh0j6GHiIbms15gfkxaQ_wClP7IF8HJ3B1ivZ7rg2GY.jpg",,,,,,,,,0,,,,,,,,,
21732,simple,,,Movado BOLD 30mm Stainless Steel MB.01.1.14.6132,1,0,visible,Movado BOLD 30mm Stainless Steel MB.01.1.14.6132,"Experience the minimalist elegance of the certified pre-owned Movado BOLD 30mm wristwatch, reference MB.01.1.14.6132. This exquisite timepiece features a luxurious stainless steel case and bezel, harmoniously complemented by a sleek silver-toned metallic Museum dial adorned with Movado's iconic flat dot. Powered by a precise Swiss quartz movement, the watch ensures reliable hours and minutes functions. The robust mineral crystal protects the dial, while the stainless steel mesh bracelet with a secure deployment clasp promises both comfort and style. Encased in a durable stainless steel caseback and offering 30 meters of water resistance, this watch embodies sophistication and enduring quality. Ideal for any occasion, its unisex design and refined craftsmanship make it a timeless addition to any collection.",,,taxable,,1,,,0,0,,,,,1,,,235.00,Watches,,,"https://beepwear.com/wp-content/uploads/2026/01/50jaYlY20P1gnYbKA4JO9ZRsNhsUp7PyWiEBDi9CqFA.jpg, https://beepwear.com/wp-content/uploads/2026/01/i6gdNoLi66eBjLEGRQpXBKTFYkRpFi0ErQLKKu2Lkkg.jpg, https://beepwear.com/wp-content/uploads/2026/01/hufp1h2JqziuGoPpbyZCR8kEV2FJUJYsYknbVApu1TE.jpg, https://beepwear.com/wp-content/uploads/2026/01/pzNq9WJ9Y2Z3VX8c1uOCsvUH8OL6tqgmAkDGz93jy7M.jpg, https://beepwear.com/wp-content/uploads/2026/01/3TTHeCeZLe-VgA3buS-B7oAwOpXAT8E8L9yzyxPhpI.jpg",,,,,,,,,0,Movado,,,,,,,,
21733,simple,,,Gucci Model 2000 30mm Quartz Stainless Steel 814057,1,0,visible,Gucci Model 2000 30mm Quartz Stainless Steel 814057,"Experience timeless elegance with the Gucci Model 2000, a stunning wristwatch that seamlessly combines classic design and modern craftsmanship. This exquisite timepiece features a 30mm stainless steel case accentuated by signature green-red-green resin stripes, paying homage to the brand's iconic heritage. The captivating silver guilloche dial is adorned with Roman numerals and protected by a robust sapphire crystal, ensuring both beauty and durability. Powered by precise Swiss quartz movement, it offers reliable hours, minutes, and seconds functions. The sophisticated aesthetic is completed with a red leather strap and a stainless steel pin buckle, providing a luxurious and secure fit. Water-resistant up to 50 meters, this watch is designed for both style and functionality, making it a perfect addition to any discerning collection.",,,taxable,,1,,,0,0,,,,,1,,,1800.00,Watches,,,"https://beepwear.com/wp-content/uploads/2026/01/0bNs46yRscKwukW0LPO1WqWEA_jkEPlXbnZ7sxi0aWY.jpg, https://beepwear.com/wp-content/uploads/2026/01/uv3Yhwv-3afZJmC69YkSC88BmI1V-OsOLsCZqd7WQMU.jpg, https://beepwear.com/wp-content/uploads/2026/01/Gnfb86pQerSeHMJG3q_kXqz8bRxxQm7hPjawWkf4yig.jpg",,,,,,,,,0,Gucci,,,,,,,,
21734,simple,,,Gucci G-Flat 30mm Quartz Stainless Steel 811581,1,0,visible,Gucci G-Flat 30mm Quartz Stainless Steel 811581,"Exude timeless elegance with the Gucci G-Flat 30mm Quartz Stainless Steel wristwatch. Crafted with precision, this masterpiece features a gleaming stainless steel case and fixed bezel, showcasing an impeccably finished silver galvanized dial adorned with refined Roman numerals and sleek index markers. Beneath the scratch-resistant sapphire crystal lies a Swiss quartz movement, ensuring impeccable accuracy in hours, minutes, and date functions. The stainless steel bracelet, complete with a secure deployment clasp, complements the watch's sophisticated design, offering both style and durability. Water-resistant up to 50 meters, this exquisite timepiece masterfully combines form and function, embodying the essence of luxury.",,,taxable,,1,,,0,0,,,,,1,,,1900.00,Watches,,,https://beepwear.com/wp-content/uploads/2026/01/aetvZys6TP9715sGccDcjb8MzuigMt80Q5glUzK67H8.jpg,,,,,,,,,0,Gucci,,,,,,,,
21735,simple,,,Gucci G-Timeless Collection 29mm Quartz 785303,1,0,visible,Gucci G-Timeless Collection 29mm Quartz 785303,"Embrace timeless elegance with the Gucci G-Timeless Collection 29mm Quartz wristwatch. This exquisite piece showcases a stunning fusion of luxury and precision, featuring a robust stainless steel case accentuated by a gold-plated bezel. The silver dial, adorned with dazzling diamonds and index markers, offers a refined touch, seamlessly blending sophistication with functionality. Powered by a reliable Swiss quartz movement, this watch ensures accurate timekeeping with hours, minutes, and seconds functions. The sapphire crystal not only enhances clarity but also provides exceptional durability. Complementing its elegant design, the watch is paired with a stainless steel bracelet featuring a secure deployment clasp. Water-resistant up to 50 meters, this watch embodies a perfect balance of style and performance—a true testament to Gucci's renowned craftsmanship.",,,taxable,,1,,,0,0,,,,,1,,,1650.00,Watches,,,https://beepwear.com/wp-content/uploads/2026/01/JDgw4aTJ7ODEK0P6tY7ZRUZkHxbJMYWF1ch4eqxkMvQ.jpg,,,,,,,,,0,Gucci,,,,,,,,
21736,simple,,,Gucci G-Timeless Collection 38mm Quartz 793973,1,0,visible,Gucci G-Timeless Collection 38mm Quartz 793973,"Experience timeless elegance with the Gucci G-Timeless Collection 38mm Quartz Watch. Masterfully crafted with a sophisticated stainless steel case and a striking fixed bezel, this exquisite timepiece features a luxurious gold-plated dial accentuated by sleek index markers. Powered by a precision Swiss quartz movement, it provides dependable hours, minutes, seconds, and date functions under the protection of a robust sapphire crystal. The stainless steel bracelet, complete with a secure deployment clasp, ensures both style and comfort, while the durable stainless steel caseback adds to its enduring quality. With a water resistance of up to 50 meters, this unisex watch effortlessly combines practicality and prestige, making it a distinguished addition to any collection.",,,taxable,,1,,,0,0,,,,,1,,,1650.00,Watches,,,https://beepwear.com/wp-content/uploads/2026/01/9jZIHHt3cUcRwxdHas2UTr0KtlQ399_1Uf1UPvD-sHE.jpg,,,,,,,,,0,Gucci,,,,,,,,
21741,simple,,,Gucci G-Chrono 44mm Quartz 393106,1,0,visible,Gucci G-Chrono 44mm Quartz 393106,"Elevate your style with the distinguished Gucci G-Chrono 44mm Quartz wristwatch, a perfect blend of refined sophistication and precision craftsmanship. This timepiece features a bold 44mm stainless steel case that is accentuated by a unique, fixed G-shaped stainless steel bezel, offering a nod to the iconic Gucci emblem. The striking black guilloché dial is adorned with luminous index markers for effortless readability, while the Swiss quartz movement ensures reliable, accurate timekeeping, complete with hours, minutes, seconds, and chronograph functions.\n\nProtected by a durable sapphire crystal, this watch is as resilient as it is stylish. Its sleek stainless steel bracelet, secured with a deployment clasp, combines comfort with a secure fit, perfect for the modern man who values both form and function. Water-resistant up to 50 meters, the Gucci G-Chrono is both a luxurious accessory and a practical tool, embodying the essence of timeless elegance and contemporary design.",,,taxable,,1,,,0,0,,,,,1,,,2300.00,Watches,,,https://beepwear.com/wp-content/uploads/2026/01/T1DKfM7-Rs0RuCXqh-LxGRvZXIar-cmsaidwpfm9Zf0.jpg,,,,,,,,,0,Gucci,,,,,,,,
21742,simple,,,Gucci Dive 40mm Blue Rubber Automatic 796773,1,0,visible,Gucci Dive 40mm Blue Rubber Automatic 796773,"Introducing the Gucci Dive 40mm Blue Rubber Automatic Wristwatch, a striking embodiment of precision and style. Encased in robust stainless steel, this timepiece boasts a unidirectional rotating bezel with a luxurious black ceramic insert, enhancing its bold aesthetic. The blue dial, adorned with luminous index markers, ensures optimal readability and adds a touch of sophistication. Powered by a Swiss automatic movement, it seamlessly delivers accurate timekeeping for the discerning wearer. The sapphire crystal offers enhanced durability, while the blue rubber band paired with a stainless steel deployment clasp ensures comfort and security on the wrist. With an impressive water resistance of 300 meters, this watch combines elegance and functionality, making it a perfect choice for both adventure and refinement.",,,taxable,,1,,,0,0,,,,,1,,,2300.00,Watches,,,https://beepwear.com/wp-content/uploads/2026/01/pZ_ceTHCq6FpZ26-zHN6XtkGL8IxRRN_j9UJn4qfQy0.jpg,,,,,,,,,0,Gucci,,,,,,,,
21743,simple,,,Gucci Dive 40mm Automatic Green Red Nylon 796763,1,0,visible,Gucci Dive 40mm Automatic Green Red Nylon 796763,"Introducing the Gucci Dive 40mm Automatic, a masterpiece of precision and style. This exceptional wristwatch boasts a robust 40mm stainless steel case, accented by a sleek unidirectional rotating bezel with a striking black ceramic insert. The bold black dial, featuring luminous index markers, ensures optimal visibility and sophistication. Engineered with a Swiss automatic movement, it offers reliable hours, minutes, and seconds functions under the protection of a durable sapphire crystal. The distinctive green and red nylon strap, complete with a stainless steel pin buckle, adds a touch of dynamic elegance. With an impressive water resistance of up to 300 meters, this timepiece effortlessly combines fashion and functionality, making it an essential accessory for any modern gentleman.",,,taxable,,1,,,0,0,,,,,1,,,2300.00,Watches,,,https://beepwear.com/wp-content/uploads/2026/01/VGMvLZBS0Xjh2ydTyeJhhtInXlw3ECLC7Cn0kBTTWBs.jpg,,,,,,,,,0,Gucci,,,,,,,,
21745,simple,,,Gucci 25H's Streamline 38mm Quartz Blue Leather 753204,1,0,visible,Gucci 25H's Streamline 38mm Quartz Blue Leather 753204,"Experience the epitome of luxury with the Gucci 25H's Streamline 38mm Quartz Wristwatch, a flawless blend of elegance and precision. This exquisite timepiece boasts a sleek multi-layered case crafted from stainless steel and plated with 18k yellow gold, while its fixed bezel enhances its refined aesthetic. The golden brass dial, adorned with Gucci's iconic interlocking G motif and chic index markers, exudes timeless sophistication. Perfectly complemented by a high-quality blue leather strap, secured with a stainless-steel pin buckle, this watch is as comfortable as it is stylish. Driven by a Swiss quartz movement, it offers precise hours and minutes functionalities, protected under a durable sapphire crystal. With a water resistance of up to 30 meters, this watch harmonizes Italian design with enduring craftsmanship, making it a true collectible piece.",,,taxable,,1,,,0,0,,,,,1,,,2000.00,Watches,,,https://beepwear.com/wp-content/uploads/2026/01/F6mVfqSzx-GUzgXTYQMe6crBSjDZk4tCtUrxxUlBmV4.jpg,,,,,,,,,0,Gucci,,,,,,,,
21746,simple,,,Gucci 25H's Streamline 38mm Quartz 673804,1,0,visible,Gucci 25H's Streamline 38mm Quartz 673804,"Experience timeless elegance with the Gucci 25H's Streamline 38mm Quartz Wristwatch, a masterpiece of design and craftsmanship. Encased in a multi-layer stainless steel body, this watch showcases a sleek 38mm profile, perfect for both men and women. Its silver brass dial is adorned with the iconic interlocking G motif and index markers, creating a sophisticated aesthetic that captures Gucci's distinctive style. Powered by precision Swiss quartz movement, it ensures reliable accuracy with hours and minutes functionalities. The durable sapphire crystal and fixed stainless steel bezel provide robust protection, while the stainless steel bracelet with a folding clasp offers comfort and security. Water-resistant up to 30 meters, this watch combines functionality with luxury, making it a perfect accessory for any occasion.",,,taxable,,1,,,0,0,,,,,1,,,1800.00,Watches,,,https://beepwear.com/wp-content/uploads/2026/01/3zjOGVdnNknvhiX5Ww65KqhokV4gN7ZRSfHhjsj1O0.jpg,,,,,,,,,0,Gucci,,,,,,,,
21747,simple,,,Gucci 25H's Streamline 34mm Diamond Bezel 673109,1,0,visible,Gucci 25H's Streamline 34mm Diamond Bezel 673109,"Discover timeless elegance with the Gucci 25H Streamline Diamond Bezel Wristwatch. Crafted with a sleek 34mm multi-layer stainless steel case, this exquisite timepiece is adorned with a dazzling diamond-set bezel, offering a touch of luxurious sophistication. The pristine white brass dial features the iconic interlocking G motif and refined index markers, a testament to Gucci's unparalleled attention to detail. Powered by precise Swiss quartz movement, this watch ensures reliable performance with hour and minute functions. The sapphire crystal and stainless steel caseback promise durability, while the polished stainless steel bracelet with a secure folding clasp adds a seamless finish. With a water resistance of 30 meters, this watch harmonizes style and functionality, making it an indispensable addition to any sophisticated wardrobe.",,,taxable,,1,,,0,0,,,,,1,,,4500.00,Watches,,,https://beepwear.com/wp-content/uploads/2026/01/9UQRADxRionprwkhqFbtYf7vNtSXJoVRrVxuXBYE4vY.jpg,,,,,,,,,0,Gucci,,,,,,,,
21748,simple,,,Gucci Interlocking G Small Seconds 29mm Quartz Diamonds 796857,1,0,visible,Gucci Interlocking G Small Seconds 29mm Quartz Diamonds 796857,"Experience refined elegance with the Gucci Interlocking G Small Seconds 29mm Quartz Diamonds timepiece. This exceptional watch features a sleek stainless steel case and a fixed stainless steel bezel, perfectly framing its elegant silver sunbrushed dial. Adorned with eight meticulously set diamonds, the dial exudes sophistication, complemented by rose gold-plated accents and the iconic interlocking G logo displayed in the small seconds subdial. Powered by a precise Swiss quartz movement, it offers hours, minutes, and small seconds functions, all protected by a durable sapphire crystal. The stainless steel bracelet, complete with a secure deployment clasp, ensures a comfortable fit, while the watch's 50-meter water resistance adds practicality to its luxurious design. Discover the perfect blend of technical mastery and aesthetic allure with this exquisite Gucci creation.",,,taxable,,1,,,0,0,,,,,1,,,2000.00,Watches,,,https://beepwear.com/wp-content/uploads/2026/01/vvX9myQ_5Evxnqy8pLju327esMKtQ2Qgjv8eM6X3Wug.jpg,,,,,,,,,0,Gucci,,,,,,,,
21871,simple,,,Alpina Seastrong Diver Extreme Automatic AL-525NG3VE6B,1,0,visible,Alpina Seastrong Diver Extreme Automatic AL-525NG3VE6B,"Discover the pinnacle of precision and style with the Alpina Seastrong Diver Extreme Automatic AL-525NG3VE6B. Encased in robust stainless steel, this watch boasts a sophisticated 39mm case paired with an eye-catching black dial, adorned with a dynamic triangle pattern. Luminous index markers guarantee optimal visibility, while the unidirectional rotating bezel with a sleek black insert enhances both functionality and elegance. Powered by a Swiss automatic movement, it offers precision timekeeping with hours, minutes, seconds, and date functions. The scratch-resistant sapphire crystal and durable stainless steel bracelet with a secure deployment clasp ensure longevity and comfort. Water resistant up to 300 meters, this watch perfectly balances craftsmanship and adventure, making it an indispensable addition for any horology enthusiast.",,,taxable,,1,,,0,0,,,,,1,,,2495.00,Watches,,,https://beepwear.com/wp-content/uploads/2026/01/R259Eb3ppBZeq5jp5F9SKY0faCWphhgY6GBbnil80xg.jpg,,,,,,,,,0,Alpina,,,,,,,,
21873,simple,,,Alpina Alpiner Extreme Automatic AL-525BG3AE6B,1,0,visible,Alpina Alpiner Extreme Automatic AL-525BG3AE6B,"Experience the perfect blend of rugged elegance and precision engineering with the Alpina Alpiner Extreme Automatic. Crafted with a robust 39mm stainless steel case and enhanced by a fixed stainless steel bezel, this watch exudes strength and sophistication. The captivating beige dial, adorned with a unique triangle pattern and luminous index markers, ensures both style and legibility. Powered by a Swiss automatic movement, it features hours, minutes, seconds, and date functions, all protected by a durable sapphire crystal. The stainless steel bracelet, secured with a deployment clasp, complements the watch’s overall resilience. An exhibition caseback reveals the artistry of its movement, while its 200-meter water resistance fortifies it for any adventure. This unisex timepiece is a sublime union of functionality and Swiss craftsmanship.",,,taxable,,1,,,0,0,,,,,1,,,2195.00,Watches,,,https://beepwear.com/wp-content/uploads/2026/01/PfdGXJ063otVivOoGrbPDvlImtifxpqLixAnF9Mxzs0.jpg,,,,,,,,,0,Alpina Alpiner,,,,,,,,
21875,simple,,,Alpina Seastrong Diver Extreme Automatic AL-525BO3VE6,1,0,visible,Alpina Seastrong Diver Extreme Automatic AL-525BO3VE6,"Dive into excellence with the Alpina Seastrong Diver Extreme Automatic, reference AL-525BO3VE6. This robust timepiece showcases a 39mm stainless steel case, contrasted by a striking unidirectional rotating bezel with a black insert, epitomizing precision and style. The standout black dial features a unique triangle pattern, enhanced by luminous index markers for clarity in low-light conditions. Powered by a Swiss automatic movement, this watch offers seamless hours, minutes, seconds, and date functions, all protected by a durable sapphire crystal. Complementing its bold design, the vibrant orange rubber strap with a stainless steel deployment clasp ensures both comfort and security. With water resistance up to 300 meters, this watch is a perfect companion for your underwater adventures.",,,taxable,,1,,,0,0,,,,,1,,,2295.00,Watches,,,https://beepwear.com/wp-content/uploads/2026/01/jirA0yVKde7rc5sR2gGHUIfQHkY3CI6bHD196YmBag.jpg,,,,,,,,,0,Alpina,,,,,,,,
21877,simple,,,Alpina Seastrong Diver Extreme Automatic AL-525N3VE6,1,0,visible,Alpina Seastrong Diver Extreme Automatic AL-525N3VE6,"Discover the epitome of precision and style with the Alpina Seastrong Diver Extreme Automatic AL-525N3VE6. This exceptional timepiece showcases a robust 39mm stainless steel case paired with a striking unidirectional rotating bezel featuring a sleek black insert. The captivating blue dial is adorned with a unique triangle pattern and luminous index markers, ensuring clarity and elegance in every glance. Powered by a reliable Swiss automatic movement, this watch offers comprehensive functionality including hours, minutes, seconds, and a date window at 6 o'clock. Encased in sapphire crystal and complemented by a durable blue rubber strap with a stainless steel deployment clasp, the Alpina Seastrong guarantees both endurance and sophistication. With a remarkable water resistance of up to 300 meters, this watch is not only a testament to luxury but also a perfect companion for diving adventures.",,,taxable,,1,,,0,0,,,,,1,,,2295.00,Watches,,,https://beepwear.com/wp-content/uploads/2026/01/zi8jlSqJd6XvoZ1c-lrM2c-Ay8Muq_ht-AXujKSdAkQ.jpg,,,,,,,,,0,Alpina,,,,,,,,
21916,simple,,,Accutron Electrostatic Spaceview Evolution X Hudson Whiskey Limited Edition 28A209,1,0,visible,Accutron Electrostatic Spaceview Evolution X Hudson Whiskey Limited Edition 28A209,"Discover the captivating elegance of the Accutron Electrostatic Spaceview Evolution X Hudson Whiskey Limited Edition, a masterful blend of innovation and artistry. This exquisite timepiece, reference 28A209, showcases a striking blackout style open-work dial encased in a sleek 43.5mm black stainless steel case, complemented by luminous index markers and refined metal dial rings. Powered by groundbreaking electrostatic movement, this watch provides precise hours, minutes, and seconds functionality, along with an efficient power-saving feature. A sapphire crystal protects the intricate dial, while the sophisticated black leather strap and black stainless steel deployment clasp ensure comfort and durability. With only 144 pieces available, its rarity enhances its allure, making it a distinguished addition to any collection. Water-resistant up to 50 meters, this limited edition watch perfectly balances innovative technology with timeless design.",,,taxable,,1,,,0,0,,,,,1,,,4100.00,Watches,,,https://beepwear.com/wp-content/uploads/2026/01/FGavtyOxXN3FzYUrguvrWf9yrksj2fggc-vB4H3l5Ak.jpg,,,,,,,,,0,Accutron,,,,,,,,
21920,simple,,,Accutron Electrostatic Spaceview Evolution X Hudson Whiskey Limited Edition 28A209,1,0,visible,Accutron Electrostatic Spaceview Evolution X Hudson Whiskey Limited Edition 28A209,"Experience the pinnacle of horological innovation with the Accutron Electrostatic Spaceview Evolution X Hudson Whiskey Limited Edition. This striking timepiece, limited to just 144 pieces, showcases a blackout style open-work dial adorned with luminous index markers and intricate metal rings, all beneath a robust sapphire crystal. Powered by revolutionary electrostatic movement, the watch ensures precise hour, minute, second, and power-saving functions. The 43.5mm black stainless steel case and bezel harmonize seamlessly with a sleek black leather strap, secured by a matching deployment clasp. With a water resistance of 50 meters, this watch is not only visually captivating but also engineered for reliability and durability. Enjoy the fusion of innovative technology and timeless style that defines this exceptional collector's piece.",,,taxable,,1,,,0,0,,,,,1,,,4100.00,Watches,,,https://beepwear.com/wp-content/uploads/2026/01/ofu37luintCdceVU_1z6JMBUy3b1EDyHIxjHrJ8rheg.jpg,,,,,,,,,0,Accutron,,,,,,,,
21931,simple,,,Victorinox I.N.O.X. Carbon 43mm 241860,1,0,visible,Victorinox I.N.O.X. Carbon 43mm 241860,"Discover the epitome of resilience and style with the Victorinox I.N.O.X. Carbon 43mm wristwatch, reference 241860. Crafted with a robust carbon case and a fixed carbon bezel, this watch exudes strength and sophistication. The captivating matte blue dial is adorned with luminous Arabic numerals, ensuring clarity and elegance in any light. Driven by a precise Swiss quartz movement, it seamlessly integrates hours, minutes, seconds, and a date function, all beneath a scratch-resistant sapphire crystal. The watch's durability is further enhanced by a blue paracord strap secured with a stainless steel pin buckle, and it boasts an impressive water resistance of up to 200 meters. Measuring at 43mm, this masterpiece of engineering is designed for those who value both aesthetics and performance in their timepieces.",,,taxable,,1,,,0,0,,,,,1,,,900.00,Watches,,,https://beepwear.com/wp-content/uploads/2026/01/rDnvu2TF1xvI4sQHtD53TJTqQzjwVIEuvVIT5abl2_s.jpg,,,,,,,,,0,Victorinox,,,,,,,,
21933,simple,,,Victorinox  I.N.O.X. V 37mm Stainless Steel 241768,1,0,visible,Victorinox  I.N.O.X. V 37mm Stainless Steel 241768,"Discover unparalleled craftsmanship with the Victorinox I.N.O.X. V 37mm Stainless Steel wristwatch, reference 241768. This exquisite timepiece is encased in durable stainless steel, complemented by a robust fixed bezel that frames a sleek, matt black dial. Luminous index markers enhance visibility, ensuring you effortlessly keep time in any light. Powered by a precise Swiss quartz movement, this watch offers reliable hours, minutes, and seconds functions under a resilient sapphire crystal. The sophisticated black rubber strap, secured with a stainless steel pin buckle, provides both comfort and style. With an impressive water resistance of up to 200 meters, this watch is as functional as it is elegant, embodying both beauty and utility in one refined package.",,,taxable,,1,,,0,0,,,,,1,,,495.00,Watches,,,https://beepwear.com/wp-content/uploads/2026/01/PPCTnzDe4YuwwSCruXNQfqx_-HBO3vfnWCPKIzi0pDk.jpg,,,,,,,,,0,Victorinox,,,,,,,,
21936,simple,,,King Seiko KS1969 Automatic Stainless Steel SJE113,1,0,visible,King Seiko KS1969 Automatic Stainless Steel SJE113,"Discover the epitome of elegance and precision with the King Seiko KS1969 Automatic, reference SJE113. This distinguished timepiece features a 39.4mm stainless steel case that exudes sophistication, paired with a striking green dial adorned with refined index markers. The watch is powered by a meticulous Japanese automatic movement, offering hours, minutes, seconds, and a date function for reliable timekeeping. Protected by a resilient sapphire crystal, its fixed stainless steel bezel and a robust stainless steel bracelet with a secure deployment clasp ensure durability and style. With its 50-meter water resistance, this watch is as functional as it is stunning, making it an indispensable accessory for the discerning gentleman.",,,taxable,,1,,,0,0,,,,,1,,,3100.00,Watches,,,https://beepwear.com/wp-content/uploads/2026/01/afdpJOkKeJdmYvABfzcKK1EhXG9NUTcx5AqBU8vsEEg.jpg,,,,,,,,,0,Seiko,,,,,,,,
21937,simple,,,King Seiko KSK Modern Re-Interpretation Automatic SPB457,1,0,visible,King Seiko KSK Modern Re-Interpretation Automatic SPB457,"Experience timeless elegance with the King Seiko KSK Modern Re-Interpretation Automatic SPB457. This exquisite wristwatch stands out with its light blue dial, perfectly complemented by sleek index markers, all housed within a robust 36.1mm stainless steel case. Powered by a precise Japanese automatic movement, this timepiece delivers flawless functionality with hours, minutes, seconds, and date features. The sapphire crystal provides enduring clarity and scratch resistance, enhancing its luxurious appeal. Its stainless steel bracelet, completed with a refined deployment clasp, assures both durability and comfort. With a fixed stainless steel bezel and 100 meters of water resistance, this watch is a perfect blend of sophisticated design and robust performance, making it a versatile choice for any occasion.",,,taxable,,1,,,0,0,,,,,1,,,1900.00,Watches,,,https://beepwear.com/wp-content/uploads/2026/01/ieOwQiihu2jBX2UseluACN8UoeCQhfA-VtVoX8mmAtI.jpg,,,,,,,,,0,Seiko,,,,,,,,
21938,simple,,,King Seiko KS1969 Automatic Stainless Steel SJE111,1,0,visible,King Seiko KS1969 Automatic Stainless Steel SJE111,"Experience the timeless elegance of the King Seiko KS1969 Automatic, a masterpiece of precision engineering and classic design. The Seiko SJE111 showcases a 39.4mm stainless steel case that seamlessly blends durability with sophistication, highlighted by its striking purple dial adorned with precise index markers. Driven by a Japanese automatic movement, this timepiece not only offers hours, minutes, seconds, and date functions but embodies the pinnacle of watchmaking craftsmanship. A sapphire crystal ensures scratch resistance, while the stainless steel bezel and case back add to its robust allure. Completing this exquisite piece is a stainless steel bracelet with a deployment clasp, effortlessly combining style and comfort. With a water resistance of up to 50 meters, the King Seiko KS1969 is not just a watch; it’s a statement of enduring style and functionality.",,,taxable,,1,,,0,0,,,,,1,,,3100.00,Watches,,,https://beepwear.com/wp-content/uploads/2026/01/q_Ks9Zwm1OtCPEDzV7AtHfuEwDM84Qof2QfK8PLIrPU.jpg,,,,,,,,,0,Seiko,,,,,,,,
21939,simple,,,King Seiko KS1969 Automatic Stainless Steel SJE109,1,0,visible,King Seiko KS1969 Automatic Stainless Steel SJE109,"Introducing the King Seiko KS1969 Automatic SJE109, a masterpiece of horological precision and craftsmanship. Encased in robust stainless steel, this watch exudes timeless elegance and strength, perfectly complemented by its sleek 39.4 mm case size. The sophisticated silver dial, adorned with refined index markers, is protected by a durable sapphire crystal, ensuring clarity and resilience. Powered by a highly reliable Japanese automatic movement, this timepiece offers precise hours, minutes, seconds, and date functions, seamlessly combining functionality with style. The fixed stainless steel bezel and intricately designed bracelet, featuring a secure deployment clasp, add to its allure. With a water resistance of 50 meters, the King Seiko SJE109 embodies both heritage and modern craftsmanship, making it an essential accessory for the discerning gentleman.",,,taxable,,1,,,0,0,,,,,1,,,3100.00,Watches,,,https://beepwear.com/wp-content/uploads/2026/01/wKnXr9n0Sr-84WkIGaXtWrvoOGzS7QkYvzXXf59DgIQ.jpg,,,,,,,,,0,Seiko,,,,,,,,
21940,simple,,,King Seiko KS1969 Automatic Stainless Steel SJE111,1,0,visible,King Seiko KS1969 Automatic Stainless Steel SJE111,"Elevate your timekeeping with the King Seiko KS1969 Automatic SJE111, a masterpiece of precision and elegance. Encased in robust stainless steel, this 39.4mm marvel boasts a striking purple dial accentuated by refined index markers, exuding sophistication at every glance. Seiko's renowned Japanese automatic movement ensures reliable performance, offering hours, minutes, seconds, and date functions seamlessly. The watch is fortified with a sapphire crystal and a fixed stainless steel bezel, marrying durability with timeless style. The stainless steel bracelet, complete with a secure deployment clasp, ensures comfort and security. With a water resistance of 50 meters, this watch is as functional as it is fashionable, making it a formidable companion for any occasion.",,,taxable,,1,,,0,0,,,,,1,,,3100.00,Watches,,,https://beepwear.com/wp-content/uploads/2026/01/hcYfth0iQYDaM7yUw4We7ol2-xBJ0aBh5yYrbQDh18.jpg,,,,,,,,,0,Seiko,,,,,,,,
21941,simple,,,Seiko Prospex Marinemaster 1965 Heritage Diver's SJE119,1,0,visible,Seiko Prospex Marinemaster 1965 Heritage Diver's SJE119,"Dive into sophistication with the Seiko Prospex Marinemaster 1965 Heritage Diver's SJE119. This exquisite timepiece features a robust 39.5mm stainless steel case and a striking unidirectional rotating bezel with a blue insert, designed to endure the depths with its impressive 200-meter water resistance. The watch's captivating blue dial, adorned with luminous index markers, ensures visibility in all conditions, while the automatic movement provides precise hours, minutes, seconds, and date functions, visible through the exhibition case back. Topped with a scratch-resistant sapphire crystal, this watch also boasts a sleek stainless steel bracelet with a secure deployment clasp, epitomizing fine craftsmanship and timeless style.",,,taxable,,1,,,0,0,,,,,1,,,2800.00,Watches,,,https://beepwear.com/wp-content/uploads/2026/01/LwEdebDxVj6uHQ9wKWF4jSbBOzxBgFEUxFH8OZMDdJw.jpg,,,,,,,,,0,Seiko,,,,,,,,
21943,simple,,,Seiko Prospex Marinemaster 1965 Heritage Diver's SJE117,1,0,visible,Seiko Prospex Marinemaster 1965 Heritage Diver's SJE117,"Introducing the Seiko Prospex Marinemaster 1965 Heritage Diver's SJE117—a masterpiece of engineering and design that captures the spirit of underwater exploration. This timepiece boasts a robust 39.5mm stainless steel case, paired with a sleek, unidirectional rotating bezel featuring a striking black insert. Its light grayish-green patterned dial is not only visually captivating but also fully functional, marked with luminous index markers for optimal readability in low-light conditions. The watch is powered by a reliable automatic movement, seamlessly integrating hours, minutes, seconds, and date functions under a durable sapphire crystal. Its stainless steel bracelet, secured with a deployment clasp, ensures both comfort and a secure fit. With an exhibition case back highlighting its intricate craftsmanship, plus water resistance up to 200 meters, this watch is as much about performance as it is about style.",,,taxable,,1,,,0,0,,,,,1,,,2800.00,Watches,,,https://beepwear.com/wp-content/uploads/2026/01/ZOj1LHa8vC54oRPBOXvS4g6PKFSvjjU5hErMKU_ql8s.jpg,,,,,,,,,0,Seiko,,,,,,,,
21944,simple,,,Seiko Prospex Marinemaster 1968 Heritage Diver's SLA079,1,0,visible,Seiko Prospex Marinemaster 1968 Heritage Diver's SLA079,"Experience the epitome of precision and craftsmanship with the Seiko Prospex Marinemaster 1968 Heritage Diver's SLA079. This exceptional timepiece boasts a robust 42.6mm stainless steel case and a striking black textured dial adorned with luminous index markers, ensuring clarity even in the depths. Its unidirectional rotating bezel with a sleek black insert complements the rugged aesthetic, while the sapphire crystal offers superior scratch resistance. The automatic movement drives hours, minutes, seconds, and date functions with unwavering accuracy. Finished with a durable stainless steel bracelet featuring a secure deployment clasp, this dive watch ensures a 300-meter water resistance, making it as functional as it is elegant.",,,taxable,,1,,,0,0,,,,,1,,,2900.00,Watches,,,https://beepwear.com/wp-content/uploads/2026/01/un-rExaLKZemOWwFeGKNwlQW9diQF06RRD7ltywUw98.jpg,,,,,,,,,0,Seiko,,,,,,,,
22001,simple,,,Seiko Prospex Marinemaster 1968 Heritage Diver's SLA077,1,0,visible,Seiko Prospex Marinemaster 1968 Heritage Diver's SLA077,"The Seiko Prospex Marinemaster 1968 Heritage Diver's SLA077 combines precision engineering with timeless elegance, designed for those who demand exceptional quality. Crafted from robust stainless steel, this watch features a striking 42.6mm case with a unidirectional rotating bezel and black insert, framing a captivating white textured dial. The luminous index markers ensure readability even in the depths, complemented by a sapphire crystal for exquisite durability. Powered by a reliable automatic movement, it offers hours, minutes, seconds, and date functions. The sturdy stainless steel bracelet, equipped with a deployment clasp, provides comfort and security. With a water resistance of up to 300 meters, this masterpiece is not only a stylish accessory but also a testament to Seiko's esteemed craftsmanship and innovation in dive watches.",,,taxable,,1,,,0,0,,,,,1,,,2900.00,Watches,,,https://beepwear.com/wp-content/uploads/2026/01/2ChxN443y9i01m3U7YcS3vH1y4GYE_54mMHnXaakRW4.jpg,,,,,,,,,0,Seiko,,,,,,,,
22003,simple,,,Seiko Prospex Marinemaster 1968 Heritage Diver's SLA077,1,0,visible,Seiko Prospex Marinemaster 1968 Heritage Diver's SLA077,"Introducing the Seiko Prospex Marinemaster 1968 Heritage Diver’s SLA077—a masterful blend of historical elegance and modern precision. This remarkable timepiece features a robust 42.6mm stainless steel case paired with a unidirectional rotating bezel adorned with a striking black insert, exuding both durability and style. Its captivating white textured dial, complete with luminous index markers, ensures optimal readability in any light condition. Driven by a reliable automatic movement, this watch offers hours, minutes, seconds, and date functions—complemented by the protection of a sapphire crystal. The stainless steel bracelet with a secure deployment clasp further enhances its refined aesthetic. With a commendable water resistance of 300 meters, the SLA077 is not just a watch; it's a testament to Seiko's craftsmanship and innovation, designed for those who navigate life's depths with confidence and style.",,,taxable,,1,,,0,0,,,,,1,,,2900.00,Watches,,,https://beepwear.com/wp-content/uploads/2026/01/3wQUhe-75ZQlgff5z-PFfKOhMj6XUKx15brUGwrEpW8.jpg,,,,,,,,,0,Seiko,,,,,,,,
22004,simple,,,Seiko Prospex Marinemaster 1968 Heritage Diver's SLA079,1,0,visible,Seiko Prospex Marinemaster 1968 Heritage Diver's SLA079,"Experience the epitome of precision and durability with the Seiko Prospex Marinemaster 1968 Heritage Diver's SLA079. Crafted from robust stainless steel, this sophisticated timepiece boasts a striking 42.6mm case complemented by a unidirectional rotating bezel with a sleek black insert. The black textured dial is adorned with luminous index markers, ensuring clarity and elegance, even in dim conditions. Driven by an automatic movement, the watch meticulously tracks hours, minutes, seconds, and date, all safeguarded beneath a scratch-resistant sapphire crystal. Its stainless steel bracelet, equipped with a secure deployment clasp, adds both style and functionality. With a remarkable water resistance of up to 300 meters, this watch is not just a statement of timeless design, but also a steadfast companion for diving adventures.",,,taxable,,1,,,0,0,,,,,1,,,2900.00,Watches,,,https://beepwear.com/wp-content/uploads/2026/01/sv_DaPh9FMvfilNiP4Boh4rWD4SrwAYGYPwyHhUK2jc.jpg,,,,,,,,,0,Seiko,,,,,,,,
22005,simple,,,Seiko Coutura Collection Stainless Steel SUR585,1,0,visible,Seiko Coutura Collection Stainless Steel SUR585,"Experience elegance and precision with the Seiko Coutura Collection Stainless Steel SUR585. This exquisite timepiece features a 34mm stainless steel case paired with a fixed stainless steel bezel, exuding a timeless appeal. The stunning pink mother of pearl dial is adorned with refined index markers, adding a touch of sophistication. Powered by a reliable quartz movement, it offers precise hours, minutes, seconds, and date functions. Protected by a sapphire crystal, this watch ensures durability alongside style. The stainless steel bracelet with a deployment clasp provides both comfort and security. With a robust water resistance of 100 meters, this watch is as functional as it is beautiful, making it the perfect complement to any ensemble.",,,taxable,,1,,,0,0,,,,,1,,,450.00,Watches,,,https://beepwear.com/wp-content/uploads/2026/01/Ar80ubHQRA_MYtr6M8Yl0RlBCN3SUd5xQHSMzoWQKxM.jpg,,,,,,,,,0,Seiko,,,,,,,,
22006,simple,,,Seiko Diamonds Collection Stainless Steel SUR581,1,0,visible,Seiko Diamonds Collection Stainless Steel SUR581,"Discover timeless elegance with the Seiko Diamonds Collection SUR581. Encased in durable stainless steel, this exquisite timepiece features a captivating light blue sunray dial, accentuated by diamond-set index markers that offer a subtle yet luxurious sparkle. The 32mm case is adorned with a fixed stainless steel bezel, providing a sleek and polished look. Powered by precise quartz movement, it ensures accuracy in hours, minutes, seconds, and date functions. The sapphire crystal adds an extra layer of protection, enhanced by the seamless stainless steel bracelet with a secure deployment clasp. Water-resistant up to 100 meters, the SUR581 combines sophistication with practicality, making it an impeccable choice for the discerning woman.",,,taxable,,1,,,0,0,,,,,1,,,515.00,Watches,,,https://beepwear.com/wp-content/uploads/2026/01/A3lHeO2ZfkG3J5FXTa45nFQTHZKswlerzsIl3HIm6RE.jpg,,,,,,,,,0,Seiko,,,,,,,,
22007,simple,,,Seiko Diamonds Collection Stainless Steel SRZ535,1,0,visible,Seiko Diamonds Collection Stainless Steel SRZ535,"Experience timeless elegance with the Seiko Diamonds Collection SRZ535 wristwatch, a sublime piece crafted for discerning women who appreciate both sophistication and functionality. This exquisite timepiece features a captivating 30mm stainless steel case adorned with a fixed bezel, exuding a refined strength. The stunning green mother of pearl dial, embellished with diamond-set index markers, adds a touch of luxurious brilliance, while the quartz movement ensures precision in every tick. Protecting this masterpiece is a durable sapphire crystal, seamlessly integrated with a stainless steel bracelet fitted with a secure deployment clasp. With its 50-meter water resistance, the SRZ535 not only showcases impeccable craftsmanship but also promises reliability and style for the modern woman.",,,taxable,,1,,,0,0,,,,,1,,,525.00,Watches,,,https://beepwear.com/wp-content/uploads/2026/01/HrOK55pnU9jMY4xGbPM3Y5y7O8HdTbNzsF4b_EHx7HU.jpg,,,,,,,,,0,Seiko,,,,,,,,
22008,simple,,,Seiko Essentials Collection Two-Tone Stainless Steel SUR438,1,0,visible,Seiko Essentials Collection Two-Tone Stainless Steel SUR438,"Discover timeless elegance with the Seiko Essentials Collection Two-Tone Stainless Steel SUR438 wristwatch, a perfect blend of functionality and style. Encased in a 25.5 mm stainless steel case, this exquisite timepiece is adorned with a fixed bezel featuring a refined gold finish. Its pristine white dial is elegantly contrasted by black stylized Arabic numerals, ensuring clarity and sophistication. Powered by a precise quartz movement, it offers practical functions including hours, minutes, seconds, day, and date, all protected under a durable mineral crystal. The two-tone stainless steel bracelet, complete with a secure deployment clasp, enhances its luxurious appeal. Water-resistant up to 100 meters, this watch seamlessly combines durability with beauty, making it an essential addition to any woman's collection.",,,taxable,,1,,,0,0,,,,,1,,,225.00,Watches,,,https://beepwear.com/wp-content/uploads/2026/01/NrfjtTK7zAJd4KUMLSnPH2G1PZhbvXzIG7b9YmFRr-M.jpg,,,,,,,,,0,Seiko,,,,,,,,
22009,simple,,,Seiko Essentials Collection Discover More SUR561,1,0,visible,Seiko Essentials Collection Discover More SUR561,"Discover the timeless elegance of the Seiko Essentials Collection with the SUR561 wristwatch. This exquisite timepiece, crafted with a 28.7 mm stainless steel case, showcases a stunning white dial featuring a subtle center radial pattern that beautifully complements the striking blue Arabic numerals. Powered by precise quartz movement, it effortlessly keeps track of hours, minutes, and seconds. The robust stainless steel bracelet is secured with a deployment clasp, ensuring both comfort and style. Enhanced by a fixed stainless steel bezel and protected by a durable mineral crystal, this watch is designed for everyday sophistication. With a water resistance of 50 meters, the Seiko SUR561 combines practicality with refined craftsmanship, making it an essential addition to any woman's collection.",,,taxable,,1,,,0,0,,,,,1,,,300.00,Watches,,,https://beepwear.com/wp-content/uploads/2026/01/iBAfXwq3KPPZqyqz-EHOgLL04gCzTC5LOuo1xjm5vCA.jpg,,,,,,,,,0,Seiko,,,,,,,,
22010,simple,,,Seiko Prospex Marinemaster 1965 Heritage Diver's SJE119,1,0,visible,Seiko Prospex Marinemaster 1965 Heritage Diver's SJE119,"Discover the Seiko Prospex Marinemaster 1965 Heritage Diver's SJE119, a masterpiece of precision and style. This unisex watch captivates with its 39.5mm stainless steel case and robust unidirectional rotating bezel featuring a striking blue insert. The deep blue dial, accentuated by luminous index markers, ensures excellent readability in any light condition. Driven by an automatic movement, this timepiece elegantly displays hours, minutes, seconds, and date functions under a durable sapphire crystal. The stainless steel bracelet, complete with a secure deployment clasp, promises comfort and refined elegance. With an exhibition case back showcasing its intricate craftsmanship, this watch also boasts a substantial water resistance of up to 200 meters, making it ideal for diving enthusiasts.",,,taxable,,1,,,0,0,,,,,1,,,2800.00,Watches,,,https://beepwear.com/wp-content/uploads/2026/01/e8L8v9BicH71MM4Ks64EkBqeqwlo8kbunnK3LgPj54.jpg,,,,,,,,,0,Seiko,,,,,,,,
22011,simple,,,Seiko Prospex Marinemaster 1965 Heritage Diver's SJE117,1,0,visible,Seiko Prospex Marinemaster 1965 Heritage Diver's SJE117,"Introducing the Seiko Prospex Marinemaster 1965 Heritage Diver's SJE117, a masterpiece of precision and style. This striking timepiece is crafted with a robust 39.5mm stainless steel case and complemented by a unidirectional rotating bezel featuring a sleek black insert, perfect for diving enthusiasts. The light grayish-green patterned dial, adorned with luminous index markers, ensures readability even in the dimmest conditions, enhancing its functional elegance. Powered by an automatic movement, this watch offers hours, minutes, seconds, and date functions, all safeguarded by a durable sapphire crystal. The exhibition case back reveals meticulous craftsmanship, while the stainless steel bracelet with a secure deployment clasp ensures comfortable and reliable wear. Boasting a water resistance of up to 200 meters, this watch seamlessly fuses heritage design with modern technical excellence.",,,taxable,,1,,,0,0,,,,,1,,,2800.00,Watches,,,https://beepwear.com/wp-content/uploads/2026/01/Tj3Ne3shC2hvBcquetohIVjZmsB9CyyXfAhGdSrh0zM.jpg,,,,,,,,,0,Seiko,,,,,,,,
22017,simple,,,Seiko 5 Sports Field GMT Stainless Steel SSK023,1,0,visible,Seiko 5 Sports Field GMT Stainless Steel SSK023,"Experience precision and elegance with the Seiko 5 Sports Field GMT, reference SSK023. This watch showcases a robust 39.4mm stainless steel case, paired with a fixed 24-hour bezel for effortless time zone tracking. The striking black dial features luminous Arabic numerals, ensuring readability in any light. Powered by a reliable automatic movement, the watch offers comprehensive functionality with hours, minutes, seconds, date, and GMT features, all visible through an exhibition case back. Protected by a resilient mineral crystal, and complemented by a stainless steel bracelet with a secure deployment clasp, this timepiece combines form and function. With a water resistance of up to 100 meters, it's as durable as it is stylish—a true testament to Seiko's craftsmanship and innovation.",,,taxable,,1,,,0,0,,,,,1,,,450.00,Watches,,,https://beepwear.com/wp-content/uploads/2026/01/dPTp-ObehkFFHjZJgCY3Fguf5Rjki4CedmmQ-L-OU7c.jpg,,,,,,,,,0,Seiko,,,,,,,,
22018,simple,,,Seiko 5 Sports SNXS Series SRPK91,1,0,visible,Seiko 5 Sports SNXS Series SRPK91,"Experience timeless elegance with the Seiko 5 Sports SRPK91 wristwatch. Crafted with a robust stainless steel case and a fixed bezel, this piece exudes both durability and sophistication. Its ivory sunray-finish dial, adorned with luminous index markers, offers a flawless blend of style and functionality, ensuring visibility in any light. Powered by a precise automatic movement, this watch features hours, minutes, seconds, day, and date functions, all safeguarded by a resilient mineral crystal. The watch’s exhibition case back allows you to admire the intricate workings within. Measuring 37.4mm, it is perfectly unisex, with a stainless steel bracelet and deployment clasp, providing both comfort and security. Water-resistant up to 100 meters, this Seiko watch is a harmonious merger of technical mastery and enduring beauty.",,,taxable,,1,,,0,0,,,,,1,,,415.00,Watches,,,https://beepwear.com/wp-content/uploads/2026/01/ugMYLrp3aMT9sa_R3xgvoCUPrtzcSUd47-9pJFZLD1E.jpg,,,,,,,,,0,Seiko,,,,,,,,
22019,simple,,,Seiko Prospex Marinemaster 1965 Heritage Diver's Modern Re-Interpretation SJE099,1,0,visible,Seiko Prospex Marinemaster 1965 Heritage Diver's Modern Re-Interpretation SJE099,"Experience timeless elegance with the Seiko Prospex Marinemaster 1965 Heritage Diver's Modern Re-Interpretation SJE099. This exquisite timepiece boasts a 39.5mm stainless steel case, meticulously crafted for durability and style. Its unidirectional rotating bezel features a striking blue-gray insert that exquisitely complements the light blue patterned dial. The dial's luminous index markers guarantee visibility in any light, ensuring functionality is never compromised. Powered by a precise automatic movement, this wristwatch offers hour, minute, second, and date functions beneath a protective sapphire crystal. The exhibition case back showcases the watch's intricate mechanics, while a robust stainless steel bracelet with deployment clasp ensures a secure fit. With water resistance up to 200 meters, the Seiko SJE099 is both a masterpiece of craftsmanship and a beacon of reliability, perfect for any discerning aficionado.",,,taxable,,1,,,0,0,,,,,1,,,2800.00,Watches,,,https://beepwear.com/wp-content/uploads/2026/01/HLEc_GeTz7PNWhFQAH5LFNR3yBEa1j98BUJ4zOU2ZHY.jpg,,,,,,,,,0,Seiko,,,,,,,,
22020,simple,,,Seiko 5 Sports SNXS Series SRPK87,1,0,visible,Seiko 5 Sports SNXS Series SRPK87,"Discover timeless elegance with the Seiko 5 Sports SNXS Series SRPK87, a masterpiece that combines precision with style. Featuring a robust 37.4mm stainless steel case and a fixed bezel, this watch is both durable and refined. The striking blue dial is adorned with luminous index markers, ensuring visibility even in low light. Powered by a reliable automatic movement, it offers effortless timekeeping with hours, minutes, seconds, day, and date functions. The hardlex crystal and exhibition caseback provide a glimpse into the intricate craftsmanship within. Complemented by a stainless steel bracelet with a secure deployment clasp, this unisex timepiece boasts a water resistance of up to 100 meters, making it perfect for everyday elegance and adventurous pursuits.",,,taxable,,1,,,0,0,,,,,1,,,415.00,Watches,,,https://beepwear.com/wp-content/uploads/2026/01/unx8VRgbS0yP-A8bTNNI5ANTXNI0IsxqpVn6IIDqCN8.jpg,,,,,,,,,0,Seiko,,,,,,,,
22022,simple,,,Seiko 5 Sports SNXS Series SRPK89,1,0,visible,Seiko 5 Sports SNXS Series SRPK89,"Experience timeless elegance with the Seiko 5 Sports SNXS Series SRPK89, a masterpiece of modern watchmaking precision. This unisex wristwatch boasts a sleek 37.4 mm stainless steel case complemented by a sturdy, fixed stainless steel bezel, exuding both sophistication and durability. The striking black dial, enhanced with luminous index markers, ensures optimal readability in any light. Driven by an automatic movement, this watch offers hours, minutes, seconds, day, and date functions, eliminating the need for manual winding. A robust hardlex crystal protects the dial, while the exhibition caseback reveals the intricate craftsmanship within. Comfortably secured with a stainless steel bracelet and a reliable deployment clasp, this timepiece is water-resistant up to 100 meters, making it a versatile addition to any wardrobe.",,,taxable,,1,,,0,0,,,,,1,,,415.00,Watches,,,https://beepwear.com/wp-content/uploads/2026/01/qgEAbCjL_d6Ybv07QwxUDZ8Cricsb4e7fMBQqJjhgiI.jpg,,,,,,,,,0,Seiko,,,,,,,,
22023,simple,,,Seiko Prospex Marinemaster 1965 Diver's Re-Interpretation Limited Edition SJE097,1,0,visible,Seiko Prospex Marinemaster 1965 Diver's Re-Interpretation Limited Edition SJE097,"Introducing the Seiko Prospex Marinemaster 1965 Diver's Re-Interpretation Limited Edition SJE097—a masterpiece of horological craftsmanship and design excellence. Encased in robust stainless steel, this distinguished timepiece features a striking unidirectional rotating bezel and a pristine white dial adorned with luminous index markers for optimal readability. With a sophisticated automatic movement driving hours, minutes, seconds, and date functions, the SJE097 stands as a testament to precision engineering. Its sapphire crystal ensures durability, while the exhibition case back reveals the intricate mechanisms within. A stainless steel bracelet with a secure deployment clasp completes this elegant design. Water-resistant up to 200 meters and limited to just 1000 pieces, this watch marries timeless style with unparalleled functionality, making it a coveted addition to any collection.",,,taxable,,1,,,0,0,,,,,1,,,2800.00,Watches,,,https://beepwear.com/wp-content/uploads/2026/01/Dn4T85pzDdh_QFvtOWh88YhY14aX_sKYmteATDtYKFs.jpg,,,,,,,,,0,Seiko,,,,,,,,
22092,simple,,,Rolex GMT-Master II 40mm Stainless Steel 126710BLRO,1,0,visible,Rolex GMT-Master II 40mm Stainless Steel 126710BLRO,"Experience the perfect fusion of elegance and precision with the Rolex GMT-Master II 40mm Stainless Steel 126710BLRO. Crafted from resilient Oystersteel, this watch features a meticulously designed 40mm case that marries strength with sophistication. At its core lies the Rolex Calibre 3285 automatic movement, a paragon of horological excellence, ensuring precise timekeeping across multiple time zones—ideal for the modern explorer. The dial’s luminous Chromalight markers against a sleek black backdrop provide exceptional readability, making every glance both effortless and assuring.\n\nThe timepiece’s standout ""Pepsi"" bezel, a red and blue bidirectional rotatable creation made from scratch-resistant Cerachrom, pays homage to its aviation legacy while showcasing Rolex's innovative craftsmanship. Complemented by a sturdy three-link Oyster bracelet with an Oysterlock clasp, it offers both security and comfort. Water-resistant to 100 meters and featuring a sapphire crystal, this watch is as versatile as it is iconic, suitable for any occasion. The Rolex GMT-Master II isn't just a watch; it's a legacy of timeless craftsmanship and design.",,,taxable,,1,,,0,0,,,,,1,,,24750.00,Watches,,,"https://beepwear.com/wp-content/uploads/2026/01/hkZR9OI-9LxC_5GqmbISvW7R1EPVegSbxDEPCmzvxPs.jpg, https://beepwear.com/wp-content/uploads/2026/01/Q1HYWa3lFJBJ6FbGuxzYzt5EbI7E7El64QtYBOYV0rs.jpg, https://beepwear.com/wp-content/uploads/2026/01/CA4-ZUTwHW0nliLNdShlkYADceKR4IpRRpTaJlMncbA.jpg, https://beepwear.com/wp-content/uploads/2026/01/I1SnVcddyDYI_5AA1CTqE3Ijs0-nLe8ktjjsHSUC_Xg.jpg, https://beepwear.com/wp-content/uploads/2026/01/3P3TovAt5kcnx0CMlmOg7h2IqI_B_2B1Layoj-nuA48.jpg",,,,,,,,,0,Rolex,,,,,,,,
22094,simple,,,Tudor Pelagos 42mm Titanium M25600TB,1,0,visible,Tudor Pelagos 42mm Titanium M25600TB,"Exuding a perfect blend of sophistication and durability, the certified pre-owned Tudor Pelagos 42mm Titanium watch is a testament to expert craftsmanship and technical precision. Encased in robust titanium with a satin finish, this distinguished timepiece boasts a helium escape valve, ensuring resilience up to a remarkable 500 meters of water resistance. Its striking matt blue dial, adorned with luminous index markers, harmonizes with the titanium unidirectional rotating bezel, featuring a sleek blue ceramic disc for seamless operation.\n\nDriven by a Swiss automatic movement, this horological masterpiece offers complete functionality with hours, minutes, seconds, and date display. The sapphire crystal provides unmatched clarity and scratch resistance, while the titanium bracelet, complemented by a stainless steel folding clasp, assures a secure yet comfortable fit. Complete with original box and papers, the Tudor Pelagos stands as a paragon of luxury and reliability, poised to elevate any watch collection.",,,taxable,,1,,,0,0,,,,,1,,,4500.00,Watches,,,"https://beepwear.com/wp-content/uploads/2026/01/qqfSni7h3DUtt-DcT1idqW81c0I2S-RrVtzhRJAOkuY.jpg, https://beepwear.com/wp-content/uploads/2026/01/g6cECD8nLb-Ic5lik2Csb1OU6tDDc9sDjc9TCbyt9SI.jpg, https://beepwear.com/wp-content/uploads/2026/01/kBh8_ceEJA7o6uWxoZyuxCG8jM94qsIFmV478gsCmEo.jpg, https://beepwear.com/wp-content/uploads/2026/01/wL0FALhtQhrPnSrdf6ZQOq4DwLz0OXZ_Wvsvpv1XV4E.jpg, https://beepwear.com/wp-content/uploads/2026/01/S1Q2cnw0A5yghIVh_E_Lm26cIZ30oAnXep8hB7E-msw.jpg",,,,,,,,,0,Tudor,,,,,,,,
22097,simple,,,Tag Heuer Formula 1 Quartz 37mm Stainless Steel Ceramic WAH1211,1,0,visible,Tag Heuer Formula 1 Quartz 37mm Stainless Steel Ceramic WAH1211,"Introducing the elegant Tag Heuer Formula 1 Quartz 37mm WAH1211, a refined masterpiece that seamlessly blends sophistication with robust functionality. This certified pre-owned wristwatch features a sleek stainless steel case paired with a fixed bezel accentuated by stunning white ceramic inserts. Its pristine white dial adorned with sharp index markers and powered by precise Swiss quartz movement ensures accurate timekeeping, while the date function adds practicality. Enhanced with durable sapphire crystal and a stainless steel and white ceramic bracelet with a secure deployment clasp, this timepiece exudes durability and style. Waterproof up to 200 meters, it's as resilient as it is elegant. Complete with original box and papers, this Tag Heuer watch epitomizes sophisticated craftsmanship and timeless design.",,,taxable,,1,,,0,0,,,,,1,,,1300.00,Watches,,,"https://beepwear.com/wp-content/uploads/2026/01/2PKwEVYfxW_q5nKY_D9p7rHAbkqezOwOiMnUVdryJCE.jpg, https://beepwear.com/wp-content/uploads/2026/01/adUXK2QCqA1MtuRI8qQJ7edtm4IGb98k4sauwg_cP7U.jpg, https://beepwear.com/wp-content/uploads/2026/01/6VAWSR6kiyedKJuqebgWktTzvtoc3Ow_BVYJH57xC2g.jpg, https://beepwear.com/wp-content/uploads/2026/01/gSK1cRuyjxPox05tCyqa8YAH1KWViSamlVRVn_fzLvs.jpg, https://beepwear.com/wp-content/uploads/2026/01/yg2KUex-GFq3ByHjnEjeFjBGdh7tbPbCPqr6CKQwy0o.jpg",,,,,,,,,0,TAG Heuer,,,,,,,,
22100,simple,,,Seiko Prospex Sea 1968 Diver's Watch 55th Anniversary Limited Edition SLA039,1,0,visible,Seiko Prospex Sea 1968 Diver's Watch 55th Anniversary Limited Edition SLA039,"Celebrate a legacy of excellence with the Seiko Prospex Sea 1968 Diver's Watch 55th Anniversary Limited Edition SLA039, a distinguished timepiece limited to just 1100 pieces. Precision crafted from stainless steel, this watch boasts a robust 44.8mm case complemented by a unidirectional rotating bezel with a sleek black insert. The striking blue dial, adorned with luminous index markers, ensures visibility even at depths of up to 300 meters. Powered by a sophisticated automatic movement, this watch offers impeccable functionality with hours, minutes, seconds, and date features. The complementary blue rubber strap with a stainless steel pin buckle combines durability with a comfortable fit. This extraordinary piece, complete with a sapphire crystal and stainless steel caseback, is delivered with its original box and papers, making it a true collector's item.",,,taxable,,1,,,0,0,,,,,1,,,6800.00,Watches,,,"https://beepwear.com/wp-content/uploads/2026/01/boYGskS3s4BS6vTlbxTJXIOMG4GyBWlp_hIRSJs8WVw.jpg, https://beepwear.com/wp-content/uploads/2026/01/GD7wIPW8HHD-fJTb55r3ymqP6kL46vlcg0ZzH6H_T4c.jpg, https://beepwear.com/wp-content/uploads/2026/01/C-aawv_3KzjHpYge_w-jX7KXZK9zQX-kTC32JT-FMjE.jpg, https://beepwear.com/wp-content/uploads/2026/01/EWmndXXOriCDZ74uc9nWMqcuG7G7bPpRpn6kpsaCLKQ.jpg, https://beepwear.com/wp-content/uploads/2026/01/26vAer1jtff6cV5w6gm6xczafN1RX8FUQCZUhMmpUAA.jpg",,,,,,,,,0,Seiko,,,,,,,,
22101,simple,,,Rolex Submariner Date 40mm Stainless Steel Yellow Gold 16613,1,0,visible,Rolex Submariner Date 40mm Stainless Steel Yellow Gold 16613,"Experience the epitome of elegance and functionality with the Rolex Submariner Date 40mm in stunning stainless steel and 18k yellow gold. This iconic watch blends luxurious materials with impeccable craftsmanship, featuring a robust oystersteel case and an exquisite unidirectional rotatable bezel with a corrosion-resistant Cerachrom insert. The striking black dial, complemented by luminous index markers and the renowned Cyclops lens for date magnification, guarantees optimal readability. Powered by the automatic Calibre 3135 movement, a testament to precision and reliability, this timepiece is water-resistant up to 300 meters. Completing the look is the versatile Oyster bracelet, seamlessly combining strength with sophisticated style, ensuring it is as comfortable as it is visually striking.",,,taxable,,1,,,0,0,,,,,1,,,14950.00,Watches,,,"https://beepwear.com/wp-content/uploads/2026/01/LXeKUR8LUEE01ZW9ha-sbB31lBTmZd4S6DGPUDhd8n0.jpg, https://beepwear.com/wp-content/uploads/2026/01/TqQvGB0ApTvcEbH6mZftRlNezxTg7GIR8MVeOd5I9P8.jpg, https://beepwear.com/wp-content/uploads/2026/01/Ft_5G7yjlbO9mpAgW8TCGEId7Xh_uTGXwxydmDn94UI.jpg, https://beepwear.com/wp-content/uploads/2026/01/gUhFAsW6QuwIUaAPEE5MZ4EZbLqKlj-Mmtm_Ghs8aEI.jpg, https://beepwear.com/wp-content/uploads/2026/01/BsrsSl9B9A7D4R6LeHkXazWHnLHzRzTJ1auOrue9gg.jpg",,,,,,,,,0,Rolex,,,,,,,,
22102,simple,,,Rolex Cellini 23mm Yellow Gold 3811,1,0,visible,Rolex Cellini 23mm Yellow Gold 3811,"Exuding timeless elegance, the Rolex Cellini 23mm Yellow Gold 3811 is a masterful blend of classic sophistication and exemplary craftsmanship. Encased in luxurious 18k yellow gold, this watch features a sleek 23mm case and a lustrous gold dial adorned with simple index markers and elegant watch hands, embodying minimalist beauty. The fixed bezel and sapphire crystal protect its refined dial, ensuring durability and clarity.\n\nThe Cellini 3811 runs on a manual wind movement, hallmarking Rolex's dedication to precision and enduring quality. Its 18k yellow gold bracelet, complete with a secure folding clasp, flows seamlessly from the case, offering both comfort and elegance. This piece is not only a testament to Rolex's heritage but also a versatile accessory that complements any occasion, making it an ideal choice for those who appreciate the nuanced charm of fine watchmaking.",,,taxable,,1,,,0,0,,,,,1,,,10500.00,Watches,,,"https://beepwear.com/wp-content/uploads/2026/01/9MhpCjQCDYwO3K1buKWMVhrnqpq69wKjRXyILWZQVzQ.jpg, https://beepwear.com/wp-content/uploads/2026/01/BwAKoEMy8-5YRVLzhOkdLU4ma5ENsMbnmN-ObbI6L0w.jpg, https://beepwear.com/wp-content/uploads/2026/01/6o9R2lpAlj_E0TNm3DhhYESm2R_FAeP15m0lM133ktI.jpg, https://beepwear.com/wp-content/uploads/2026/01/mW5MyZ-SZ7tMT346ERKgG3HkTmx8D8AwbxiaHpkOTXo.jpg, https://beepwear.com/wp-content/uploads/2026/01/agR1bmnq19KrkI92md6-vJBV1yBqyEwNuinRSUCDGTk.jpg",,,,,,,,,0,Rolex,,,,,,,,
22104,simple,,,Tudor Black Bay Chrono 41mm Stainless Steel 79360,1,0,visible,Tudor Black Bay Chrono 41mm Stainless Steel 79360,"Experience the perfect blend of heritage and modernity with the Tudor Black Bay Chrono, reference 79360. Crafted from robust stainless steel, this 41mm timepiece boasts a striking combination of a fixed bezel featuring a matte black aluminum disc and a tachymetric scale, ideal for precision timekeeping. The black dial is accented with luminous index markers, ensuring readability in any light. A testament to Swiss craftsmanship, this watch is powered by an automatic movement offering hours, minutes, seconds, date, and chronograph functions. Its elegance is complemented by a riveted stainless steel bracelet with a secure folding clasp. The sapphire crystal and stainless steel caseback enhance its durability, while the 200-meter water resistance adds practicality. Presented with its original box and papers, this certified pre-owned watch is a statement of both style and precision.",,,taxable,,1,,,0,0,,,,,1,,,5450.00,Watches,,,"https://beepwear.com/wp-content/uploads/2026/01/nt_s5jiYr6bx8y3wze-ifgyzrdjRa4oSoOKOMIWo-yc.jpg, https://beepwear.com/wp-content/uploads/2026/01/Yjrc2u07DuiarPQjutm8miGC3YR-Jqyj0U_0PW1jN38.jpg",,,,,,,,,0,Tudor,,,,,,,,
22106,simple,,,Bremont Altitude Martin-Baker MB Savanna Titanium MB-SAVANNA-R-S,1,0,visible,Bremont Altitude Martin-Baker MB Savanna Titanium MB-SAVANNA-R-S,"Discover the exemplary craftsmanship of the Bremont Altitude Martin-Baker MB Savanna, a certified pre-owned wristwatch that marries robust functionality with sophisticated design. Encased in durable titanium, this striking timepiece features a fixed bezel and a distinctive Savanna sand-colored dial adorned with luminous Arabic numerals for optimal readability. At the heart of the watch, a precise British automatic movement powers hours, minutes, seconds, and date functions, all protected under a resilient sapphire crystal. The exhibition case back offers a glimpse into the intricate inner workings, a testament to its superior engineering.\n\nThe watch is complemented by a sand rubber strap with a titanium pin buckle, enhancing both comfort and style. Measuring 43mm in diameter and offering a water resistance of up to 100 meters, this piece is as versatile as it is elegant. Complete with its original box and papers, the Bremont Altitude Martin-Baker MB Savanna is not only a watch but a legacy of enduring quality and timeless style.",,,taxable,,1,,,0,0,,,,,1,,,4600.00,Watches,,,"https://beepwear.com/wp-content/uploads/2026/01/FwfIjNHB5rY37wD_JHcooFzOJ6EDzUze1QH_QMFlWhM.jpg, https://beepwear.com/wp-content/uploads/2026/01/nr8WwU_oQwGskNIdp0m8RKwr5GIbq5eO_mvIPldX1k.jpg, https://beepwear.com/wp-content/uploads/2026/01/sFbwoXRUAKKs_-rjkvdYYWLSSraCfAXWZNkPVMXECf8.jpg, https://beepwear.com/wp-content/uploads/2026/01/X0q5DJoS34pIJrHZ7XabmgkLYamdbB68yq0jG1FVJkU.jpg, https://beepwear.com/wp-content/uploads/2026/01/H0j_Okaw3D1nNCw7iKig3M85RhHG7m6bgA9rc5PCqi8.jpg",,,,,,,,,0,,,,,,,,,
22107,simple,,,Tag Heuer Aquaracer Chronograph 43mm Stainless Steel CAY2112-2,1,0,visible,Tag Heuer Aquaracer Chronograph 43mm Stainless Steel CAY2112-2,"Elevate your style with the Tag Heuer Aquaracer Chronograph 43mm, a remarkable blend of precision and elegance. This certified pre-owned masterpiece, reference CAY2112-2, features a robust stainless steel construction, from its unidirectional rotating bezel to its polished bracelet with a secure deployment clasp. The striking blue sunray brushed dial catches the light with sophistication, enhanced by luminous index markers for optimal readability. Driven by a Swiss automatic movement, this chronograph offers hours, minutes, seconds, and an easily accessible date function—protected under a durable sapphire crystal. Water resistant up to 300 meters, this watch is as dependable as it is refined, all housed in a distinctive 43mm case. A perfect fusion of innovation and craftsmanship, it comes complete with its original box, making it a timeless addition to any collection.",,,taxable,,1,,,0,0,,,,,1,,,3048.00,Watches,,,"https://beepwear.com/wp-content/uploads/2026/01/QYSfkPnND1nzpy5BC1153Bmhc0QfyCrwq4tJw-o2k4s.jpg, https://beepwear.com/wp-content/uploads/2026/01/IHvHhp9GBMFVgZAWLpRAwOaid4OECvbreSZTElpc4TI.jpg, https://beepwear.com/wp-content/uploads/2026/01/3VzTO_Oz5oXbxTkF1HTtzGy2DX0kmeUn-SouNAuw73U.jpg, https://beepwear.com/wp-content/uploads/2026/01/xbahpCIDr7ZVupmiXGxiigV0gLSHIoiEawsKevC3oK0.jpg, https://beepwear.com/wp-content/uploads/2026/01/xX2dwMhY59TodbljVLFBcVF2wbSzlwrKMKl3uH074YA.jpg",,,,,,,,,0,TAG Heuer,,,,,,,,
22108,simple,,,Rolex Datejust 36 Stainless Steel 16200,1,0,visible,Rolex Datejust 36 Stainless Steel 16200,"Experience the timeless elegance and precision of the Rolex Datejust 36 Stainless Steel 16200, a true reflection of horological mastery. Crafted with robust stainless steel, this iconic timepiece embodies durability and refined style, tailored for those who appreciate both aesthetic excellence and functional prowess. The distinguished 36mm case balances presence and understatement, making it a versatile choice for any occasion.\n\nThe exquisite domed bezel highlights the silver dial, featuring luminescent index markers for enhanced legibility, with the signature Cyclops lens magnifying the date display. Powering this watch is Rolex's in-house automatic movement, celebrated for its precision and reliability. With water resistance up to 100 meters and a secure folding Oysterclasp, this watch ensures resilience and comfort. The Rolex Datejust 36 Stainless Steel 16200 is more than just a watch; it's a testament to enduring craftsmanship and timeless sophistication.",,,taxable,,1,,,0,0,,,,,1,,,7130.00,Watches,,,"https://beepwear.com/wp-content/uploads/2026/01/L9c81gGNRO4tc5m6OsaZf07-2PM3bD6bbTggGUzU1W8.jpg, https://beepwear.com/wp-content/uploads/2026/01/jfK1CNDjsM0RtqG21mWX5B3oSgiF4QcBMV9DLwnf2aQ.jpg, https://beepwear.com/wp-content/uploads/2026/01/be7aqf1ADfCczsahXZ6BJRs6UJAfmqzcnRbdnRNBZjs.jpg, https://beepwear.com/wp-content/uploads/2026/01/CsKbObOGwIoy9t204xtcu0olxhD-Sy900clJDR_a8fg.jpg, https://beepwear.com/wp-content/uploads/2026/01/MPoY3FzW4vb0DvpcU1uV5XKPs0UktLvv00F3yH0zpBY.jpg",,,,,,,,,0,Rolex,,,,,,,,
22142,simple,,,Ulysse Nardin Blast Tourbillon 45mm 1725-400-3A/3A,1,0,visible,Ulysse Nardin Blast Tourbillon 45mm 1725-400-3A/3A,"Experience the pinnacle of horological mastery with the Ulysse Nardin Blast Tourbillon 45mm, an exquisite blend of sophistication and engineering prowess. Encased in opulent 18K rose gold, the watch features a fixed blue ceramic bezel that perfectly frames a captivating blue skeletonized dial. Luminous index markers provide clarity, while allowing a glimpse into the intricate Swiss manual movement, showcasing hours, minutes, and a power reserve function. The exhibition case back reveals the craftsmanship within, protected by a sturdy sapphire crystal. Complemented by a plush blue velvet strap, integrated with an 18K rose gold and black ceramic deployment clasp, this timepiece embodies elegance and durability. With a 45mm case diameter and water resistance up to 50 meters, this luxurious watch is as functional as it is stunning.",,,taxable,,1,,,0,0,,,,,1,,,72100.00,Watches,,,https://beepwear.com/wp-content/uploads/2026/01/bMHc-diqIz772RQa92fVtctJ__bPGKeoH_fDMUb3lRQ.jpg,,,,,,,,,0,Ulysse Nardin,,,,,,,,
22144,simple,,,Rolex 18 Karat Yellow Gold Submariner Black / Black 41MM,1,0,visible,Rolex 18 Karat Yellow Gold Submariner Black / Black 41MM,"Elevate your wristwear with the Rolex 18 Karat Yellow Gold Submariner, an exceptional blend of luxury and precision. This men's masterpiece, crafted in striking 18k yellow gold, flaunts a commanding 41mm case paired elegantly with a black dial, adorned with luminescent gold hands and indexes. Its robust oyster bracelet, complete with an Oysterlock clasp, ensures both security and comfort. Powered by an automatic movement and protected by a sapphire crystal, this timepiece offers a water resistance of up to 300 meters—ideal for diving enthusiasts. Distinguished by its diving bezel and the iconic date feature at 3 o’clock, the Rolex Submariner 126618 is not only a statement of style but a testament to exceptional Swiss craftsmanship. Complete with original box and papers, this watch stands as an enduring symbol of luxury and durability.",,,taxable,,1,,,0,0,,,,,1,,,53000.00,Watches,,,"https://beepwear.com/wp-content/uploads/2026/01/779-19_1.jpg, https://beepwear.com/wp-content/uploads/2026/01/779-19_2.jpg, https://beepwear.com/wp-content/uploads/2026/01/779-19_3.jpg, https://beepwear.com/wp-content/uploads/2026/01/779-19_4.jpg",,,,,,,,,0,Rolex,,,,,,,,
22148,simple,,,Rolex 18 Karat Yellow Gold Submariner Black/Black,1,0,visible,Rolex 18 Karat Yellow Gold Submariner Black/Black,"The Rolex 18 Karat Yellow Gold Submariner in Black/Black is a masterful blend of luxurious materials and precise engineering, epitomizing timeless elegance and superior functionality. Crafted from 18 karat yellow gold, this watch is both a statement in refinement and durability. The striking black dial offers contrast, featuring luminous hour markers and hands that ensure clarity and legibility even in low-light conditions. Water-resistant up to 300 meters (1,000 feet), the Submariner is a robust companion for professional diving with its unidirectional rotatable bezel. The quintessential Oyster case not only enhances the watch's resilience but also reflects the meticulous Swiss craftsmanship synonymous with Rolex. Its elegant Oyster bracelet, complete with a secure deployment clasp, exudes sophistication while providing comfort and ease of wear. The piece is driven by a self-winding automatic movement, ensuring reliable and precise timekeeping, making it an indispensable addition for aficionados of horological excellence.",,,taxable,,1,,,0,0,,,,,1,,,48500.00,Watches,,,"https://beepwear.com/wp-content/uploads/2026/01/779-9_1_5814f4db-4410-463f-9ca3-c748742ee6b8.jpg, https://beepwear.com/wp-content/uploads/2026/01/779-9_2_71527276-43b3-4009-b973-a6f627dc072f.jpg, https://beepwear.com/wp-content/uploads/2026/01/779-9_3.jpg, https://beepwear.com/wp-content/uploads/2026/01/779-9_4.jpg",,,,,,,,,0,Rolex,,,,,,,,
22149,simple,,,Rolex Yellow Gold Yacht-Master II,1,0,visible,Rolex Yellow Gold Yacht-Master II,"Exuding an aura of luxury and precision, the Rolex Yacht-Master II in 18k yellow gold is a true testament to superior craftsmanship and design. The commanding 44mm Oyster case showcases the brand's signature regatta countdown bezel, encased in radiant blue ceramic, which enhances readability and style. Meticulously crafted, this timepiece features a scratch-resistant sapphire crystal and an automatic movement, symbolizing Rolex's dedication to perfection. The sumptuous 18k yellow gold Oyster bracelet complements the watch's high-luster profile, making it a bold yet refined statement piece. Water-resistant up to 100 meters and completed with both box and papers, this Yacht-Master II is the ultimate fusion of robust functionality and timeless elegance.",,,taxable,,1,,,0,0,,,,,1,,,48000.00,Watches,"18k Gold, 21st Century, Contemporary, Gold, Rolex, Signed Jewelry, Watches, Women's, Yellow Gold",,"https://beepwear.com/wp-content/uploads/2026/01/815-10_1_951811.jpg, https://beepwear.com/wp-content/uploads/2026/01/815-10_2_951812.jpg, https://beepwear.com/wp-content/uploads/2026/01/815-10_3_951813.jpg, https://beepwear.com/wp-content/uploads/2026/01/815-10_4_951814.jpg",,,,,,,,,0,Rolex,,,,,,,,
22150,simple,,,Rolex 18 Karat Yellow Gold Submariner Blue / Blue 40MM,1,0,visible,Rolex 18 Karat Yellow Gold Submariner Blue / Blue 40MM,"The Rolex 18 Karat Yellow Gold Submariner 40MM Blue / Blue is a masterpiece of horological engineering and luxury. Housed in a 40 mm case crafted from solid 18-karat yellow gold, this timepiece exudes sophistication and resilience. Its striking blue ceramic bezel, renowned for exceptional color stability and scratch resistance, perfectly complements the vivid blue dial adorned with luminescent markers, ensuring readability in any setting. The iconic Rolex Oyster bracelet, also in 18-karat yellow gold, enhances its opulent appeal, offering both comfort and durability. Powered by an automatic movement and water-resistant up to 300 meters, this watch is a true diver's companion, marrying technical precision with timeless elegance. With its harmonious blend of premium materials and meticulous craftsmanship, this Submariner is a quintessential symbol of luxury and performance.",,,taxable,,1,,,0,0,,,,,1,,,47500.00,Watches,"18k Gold, 21st Century, Ceramic, Contemporary, Gold, Men's, Rolex, Signed Jewelry, Watches, Yellow Gold",,"https://beepwear.com/wp-content/uploads/2026/01/779-26_1_1560074.jpg, https://beepwear.com/wp-content/uploads/2026/01/779-26_2_1560073.jpg, https://beepwear.com/wp-content/uploads/2026/01/779-26_3_1560075.jpg, https://beepwear.com/wp-content/uploads/2026/01/779-26_4_1560076.jpg",,,,,,,,,0,Rolex,,,,,,,,
22152,simple,,,Rolex 18 Karat White Gold GMT Master II “Pepsi” 2023,1,0,visible,Rolex 18 Karat White Gold GMT Master II “Pepsi” 2023,"Experience unmatched luxury with the Rolex 18 Karat White Gold GMT Master II “Pepsi” 2023. This distinguished timepiece features a striking bi-color red and blue Cerachrom “Pepsi” bezel, a hallmark of style and functionality, set within an elegant 18k white gold Oyster case. At 40 mm, it offers precision and clear readability for tracking a second time zone via the bidirectional rotatable bezel and GMT hand. Enhanced by a sapphire crystal with a Cyclops date magnifier, it ensures robustness and clarity. The impeccable craftsmanship is evident in its Rolex calibre 3285 automatic movement, delivering a 70-hour power reserve and offering independent local hour adjustment with Superlative Chronometer standards. Completing this masterful creation is the Chromalight display for enhanced low-light visibility and a secure 18k white gold Oyster bracelet, offering both timeless elegance and cutting-edge functionality. This is not just a watch—it’s an enduring legacy of sophistication and precise engineering.",,,taxable,,1,,,0,0,,,,,1,,,42000.00,Watches,,,"https://beepwear.com/wp-content/uploads/2026/01/817-10_1.jpg, https://beepwear.com/wp-content/uploads/2026/01/817-10_4.jpg, https://beepwear.com/wp-content/uploads/2026/01/817-10_2.jpg, https://beepwear.com/wp-content/uploads/2026/01/817-10_3.jpg",,,,,,,,,0,Rolex,,,,,,,,
22153,simple,,,Rolex GMT-Master 40mm Yellow Gold 16758,1,0,visible,Rolex GMT-Master 40mm Yellow Gold 16758,"Discover the pinnacle of horological artistry with the Rolex GMT-Master 40mm Yellow Gold 16758. This exquisite timepiece combines technical prowess with timeless elegance, crafted from luxurious 18k yellow gold for a striking presence. Its 40mm case, paired seamlessly with a stunning diamond-set bezel, exudes opulence without compromising functionality. The black Jubilee dial, enhanced with custom diamond and sapphire markers, ensures unmatched readability and sophistication.\n\nDesigned for the discerning traveler, the GMT-Master features a robust dual time-zone function, and is powered by Rolex’s renowned automatic movement for reliable precision. The iconic yellow gold Jubilee bracelet offers both comfort and enduring style, completing the piece as an embodiment of Rolex's legacy of excellence. With its sapphire crystal and 100m water resistance, this watch is as resilient as it is beautiful—perfect for those who seek both adventure and refinement.",,,taxable,,1,,,0,0,,,,,1,,,41975.00,Watches,,,"https://beepwear.com/wp-content/uploads/2026/01/Gnkb0U_qlOVwR-XuVO4QqV1Vni5WqcmpFZOKZrMcmiM.jpg, https://beepwear.com/wp-content/uploads/2026/01/1J5d_1-iazVjKny5u2MHolo7_4n3XjxyISyQ7yy551I.jpg, https://beepwear.com/wp-content/uploads/2026/01/obiAdmlb5983CoEvlpTzIKa16qWTYmUBNUiFWjjAcWs.jpg, https://beepwear.com/wp-content/uploads/2026/01/vTHTd8NES4ykP-qR8o5f7RVlG0MzEysmkjoyCS-C38.jpg, https://beepwear.com/wp-content/uploads/2026/01/kVaIxKV4HjegxTgH7my-ka_N8M52UN9Oim0EQaTe0E0.jpg",,,,,,,,,0,Rolex,,,,,,,,
22179,simple,,,Rolex Oyster Perpetual 26mm Stainless Steel Yellow Gold 6621,1,0,visible,Rolex Oyster Perpetual 26mm Stainless Steel Yellow Gold 6621,"Elegance meets engineering in the Rolex Oyster Perpetual 26mm Stainless Steel Yellow Gold 6621. This exquisite timepiece showcases a compact 26mm case crafted from robust stainless steel, paired with luxurious 14k yellow gold accents, including a distinguished fluted bezel. The silver crosshair dial, adorned with index markers, provides a seamless blend of sophistication and clarity, while the acrylic crystal adds a touch of vintage charm. Powered by Rolex's celebrated automatic movement, this watch offers unyielding precision and perpetual energy. The elegant contrast of materials is amplified by a sleek white leather band with a pin buckle, making it ideal for both everyday versatility and special occasions. With a water resistance of up to 100 meters, this watch is as functional as it is beautiful, embodying Rolex's legacy of craftsmanship and attention to detail.",,,taxable,,1,,,0,0,,,,,1,,,3680.00,Watches,,,"https://beepwear.com/wp-content/uploads/2026/01/x5bgGUDSw0rCn2HF2mUbtDDXWrSVFrIJzLv8rPc6z-o.jpg, https://beepwear.com/wp-content/uploads/2026/01/tVXd41E2CHDLL6NYl5u4nTtWGwhYLtP3l-eRnqlrrnE.jpg, https://beepwear.com/wp-content/uploads/2026/01/NltwBnEIiv-BuSirIhle8QsrjNbSWVG4dsC4LfxDhzM.jpg, https://beepwear.com/wp-content/uploads/2026/01/N77oY1z0UhP_c59bafR6H0HS2-AKhx0I7iqEkiHWMc.jpg, https://beepwear.com/wp-content/uploads/2026/01/34USpC021WokvnO01x-lC9fuXK8_jOuH13Uk3D-jA4Q.jpg",,,,,,,,,0,Rolex,,,,,,,,
22181,simple,,,Rolex Submariner Date 40mm Stainless Steel 16610,1,0,visible,Rolex Submariner Date 40mm Stainless Steel 16610,"Elevate your style with the Rolex Submariner Date 40mm Stainless Steel 16610, a pinnacle of precision and elegance. Renowned for its robust construction, this iconic timepiece features a sleek 40mm stainless steel case accompanied by a unidirectional rotating bezel, essential for divers to track oxygen levels with confidence. The classic black dial, adorned with luminescent hour markers and hands, ensures readability from the ocean depths to the boardroom. \n\nProtected by a scratch-resistant sapphire crystal, the dial displays the date beneath a signature cyclops lens, enhancing legibility. At its heart, the self-winding Rolex Caliber 3135 movement provides exceptional accuracy and reliability, along with a 48-hour power reserve. The stainless steel Oyster bracelet, known for its strength and comfort, is secured with an Oysterlock clasp, and the watch boasts a water resistance of 300 meters, embodying Rolex's commitment to excellence in every detail. Indulge in the timeless sophistication and resilience of the Submariner Date 16610, a testament to superior craftsmanship and enduring style.",,,taxable,,1,,,0,0,,,,,1,,,9995.00,Watches,,,"https://beepwear.com/wp-content/uploads/2026/01/BF5IkQA4MU8NQQxxMzDle6PdDnfLneWNFtlxJsaa8D4.jpg, https://beepwear.com/wp-content/uploads/2026/01/zmBU1pacVT1hSQoIeEtWeF3kyuBCu3haGQOtVNzPE6c.jpg, https://beepwear.com/wp-content/uploads/2026/01/WCTkvURB8Bz97RAJxVmvmFeu06iDtaHcGyNbUn9Rz8c.jpg, https://beepwear.com/wp-content/uploads/2026/01/O7TaKayMf8JKRghlNTHb1w7WQ2P8SqJSD5V0Sol-zdk.jpg, https://beepwear.com/wp-content/uploads/2026/01/0WyRAT7b1eNVZdhlyAYy39GmOaoUmp7Geokz_QtRrp8.jpg",,,,,,,,,0,Rolex,,,,,,,,
22183,simple,,,Rolex Datejust 36 Stainless Steel Yellow Gold 16233,1,0,visible,Rolex Datejust 36 Stainless Steel Yellow Gold 16233,"Experience the epitome of luxury with the Rolex Datejust 36 Stainless Steel Yellow Gold 16233, a timepiece that masterfully blends tradition with innovation. Its captivating duo-tone construction combines the enduring brilliance of stainless steel with the opulent sheen of 18-karat yellow gold, showcasing a design that is both elegant and robust. The 36mm case is designed for comfortable wear, striking a perfect balance between presence and subtlety. The exquisitely crafted champagne dial, adorned with gold Roman numerals and protected by scratch-resistant sapphire crystal, ensures both legibility and elegance. \n\nPowered by a precise self-winding mechanical movement, this watch exemplifies the meticulous Swiss craftsmanship that defines Rolex. The fixed, fluted bezel—crafted from 18k yellow gold—adds a touch of distinction and sophistication. Completing the design is the iconic Oyster bracelet, featuring a seamless blend of stainless steel and yellow gold links, secured with a folding clasp for added comfort and style. Water-resistant up to 100 meters, the Rolex Datejust 36 is an enduring symbol of excellence, perfect for marking life's significant moments and elevating everyday elegance.",,,taxable,,1,,,0,0,,,,,1,,,8950.00,Watches,,,"https://beepwear.com/wp-content/uploads/2026/01/4VH5bPVQ-GNe7-RUKUSSbD2onXLL04LqHGg7_89yL5s.jpg, https://beepwear.com/wp-content/uploads/2026/01/EIAs9c0PEsj8GGQU0e1rmntNX18powxd6Aj-Ko0SUsM.jpg, https://beepwear.com/wp-content/uploads/2026/01/wxxdYy714wdJUgJixMRCQ9E-0LI-1AJie0JIk_cESO0.jpg, https://beepwear.com/wp-content/uploads/2026/01/YskYWZo_vjWjqgHIgrWBb0-8hcDkB409C_osfLXRUPk.jpg, https://beepwear.com/wp-content/uploads/2026/01/KytTLF79HRCyvdSKOyt1pfa5v57jVo6fiRpPh4QUcgE.jpg",,,,,,,,,0,Rolex,,,,,,,,
22188,simple,,,Ulysse Nardin Lady Diver 39mm 8163-182B-3/13,1,0,visible,Ulysse Nardin Lady Diver 39mm 8163-182B-3/13,"Introducing the exquisite Ulysse Nardin Lady Diver 39mm, a harmonious blend of luxury and performance. This breathtaking timepiece, reference 8163-182B-3/13, showcases a robust stainless steel case paired with a dazzling diamond-set unidirectional rotating bezel, making it a true statement of elegance. The striking blue dial, adorned with diamond-set index markers, reflects the meticulous craftsmanship and attention to detail synonymous with Ulysse Nardin. Driven by a precise Swiss automatic movement, it offers essential functions including hours, minutes, seconds, and date, while the sapphire crystal ensures clarity and resilience. Complemented by a comfortable blue rubber strap with a stainless steel pin buckle, and water resistance up to 300 meters, this watch perfectly marries sophisticated design with practical functionality, ideal for the modern, adventurous woman.",,,taxable,,1,,,0,0,,,,,1,,,13600.00,Watches,,,https://beepwear.com/wp-content/uploads/2026/01/93W9OCo8Zwicxthgom_lsOQFlNwz-LaEhu3_oYuLFK0.jpg,,,,,,,,,0,Ulysse Nardin,,,,,,,,
22237,simple,,,Ulysse Nardin Freak X OPS 43mm 2303-270-2A-KAKI/0B,1,0,visible,Ulysse Nardin Freak X OPS 43mm 2303-270-2A-KAKI/0B,"Unveiling the exquisite Ulysse Nardin Freak X OPS, a masterpiece in horological innovation and design. This wristwatch, reference 2303-270-2A-KAKI/0B, captivates with its bold khaki green 'Magma' carbon case, enhancing its robust yet stylish appeal. The unique dial-less design leaves the intricate Swiss automatic movement exposed, forming both its minute and hour indicators in a revolutionary display. The piece features a striking fixed black PVD titanium bezel and is capped with a durable sapphire crystal, ensuring both elegance and resilience. Experience ultimate comfort with its khaki green fabric strap, perfectly complementing the 43mm case. Water-resistant up to 50 meters, this watch marries function with form. The Ulysse Nardin Freak X OPS stands as a testament to cutting-edge craftsmanship and daring creativity.",,,taxable,,1,,,0,0,,,,,1,,,37500.00,Watches,,,https://beepwear.com/wp-content/uploads/2026/01/LSJ0jAm33fAT07PEx8Aqp-feFlVTsY9rq3UF2kpddfw.jpg,,,,,,,,,0,Ulysse Nardin,,,,,,,,
22333,simple,,,Longines Primaluna Automatic 30mm Stainless Steel L8.113.4.71.6,1,0,visible,Longines Primaluna Automatic 30mm Stainless Steel L8.113.4.71.6,"Elegantly embodying timeless sophistication, the Longines Primaluna Automatic 30mm wristwatch captivates with its exquisite stainless steel construction, offering a harmonious blend of durability and style. This ladies' timepiece features a polished round case complemented by a sleek fixed bezel, both crafted from stainless steel to ensure a lasting finish. The silver dial is artfully arranged with striking black Roman numeral markers, providing a classic contrast that ensures readability at a glance. Powered by precise Swiss quartz movement, it offers hour, minute, second, and date functions, showcasing masterful craftsmanship. The piece is protected by a resilient sapphire crystal, and its sophisticated design continues with a stainless steel bracelet featuring a secure deployment clasp. With a water resistance of up to 30 meters, this watch is as practical as it is beautiful, making it a quintessential accessory for discerning tastes.",,,taxable,,1,,,0,0,,,,,1,,,1575.00,Watches,,,https://beepwear.com/wp-content/uploads/2026/01/xlFHZreZwiB9X0x-kdDpaaoxaqrT8LNkLP4nMOIR1JE.jpg,,,,,,,,,0,Longines,,,,,,,,
22396,simple,,,Seiko Prospex Diver 300m Stainless Steel SLA021,1,0,visible,Seiko Prospex Diver 300m Stainless Steel SLA021,"Introducing the Seiko Prospex Diver 300m SLA021, an epitome of precision and style. This exceptional timepiece boasts a robust stainless steel case and a sapphire crystal, ensuring durability and clarity. The unidirectional bezel in stainless steel with a black insert adds a professional touch, perfect for dive enthusiasts. Its black dial, adorned with luminous dot markers, provides optimal visibility under any lighting conditions. Powered by an automatic movement, this watch offers precise hours, minutes, seconds, and date functions. The stainless steel bracelet with a secure folding clasp ensures comfort and reliability. With a substantial case size of 44.3mm, a solid steel case back, and an impressive water resistance of 300 meters, this Seiko Prospex Diver is designed for both adventure and elegance.",,,taxable,,1,,,0,0,,,,,1,,,3100.00,Watches,,,https://beepwear.com/wp-content/uploads/2026/01/wG4va7LcOLOQ3XU4-uYGGyj1mJ1tAH1xzUtL-S4_qAI.jpg,,,,,,,,,0,Seiko,,,,,,,,
22400,simple,,,Seiko Prospex Sea 1968 Diver's Modern Re-Interpretation Limited Edition SLA073,1,0,visible,Seiko Prospex Sea 1968 Diver's Modern Re-Interpretation Limited Edition SLA073,"Introducing the Seiko Prospex Sea 1968 Diver's Modern Re-Interpretation Limited Edition SLA073, a masterful blend of heritage and modern craftsmanship. Encased in robust 42.6mm stainless steel, this exquisite timepiece showcases a captivating teal gradation dial with luminous index markers, ensuring clarity even in the deepest waters. Its unidirectional rotating bezel, featuring a sleek black insert, enhances functionality while adding a bold aesthetic touch. Powered by an automatic movement, the watch seamlessly integrates hours, minutes, seconds, date, and power reserve functions beneath a durable sapphire crystal. A stainless steel bracelet, secured with a deployment clasp, completes the piece, offering both elegance and resilience. With 200 meters of water resistance, this limited edition model celebrates Seiko’s enduring legacy and precision engineering, making it an essential addition to any connoisseur's collection.",,,taxable,,1,,,0,0,,,,,1,,,2900.00,Watches,,,https://beepwear.com/wp-content/uploads/2026/01/LzIpYjba4OennkChjMQopRv5zKoIe4sru-4WnH9aK6M.jpg,,,,,,,,,0,Seiko,,,,,,,,
22401,simple,,,Seiko 5 Sports Rowing Blazers Collaboration Limited Edition SRPJ69,1,0,visible,Seiko 5 Sports Rowing Blazers Collaboration Limited Edition SRPJ69,"Introducing the Seiko 5 Sports Rowing Blazers Collaboration Limited Edition SRPJ69—a masterful blend of precision engineering and bold design. This exceptional timepiece, limited to just 888 pieces, features a striking yellow dial adorned with luminous index markers, providing unmatched legibility and a vibrant aesthetic. The 40mm stainless steel case and fixed stainless steel bezel encapsulate the watch's robust yet elegant construction, showcasing Seiko's renowned craftsmanship. \n\nPowered by an automatic movement, this watch offers hours, minutes, seconds, as well as day and date functions, ensuring functionality that matches its striking appearance. The stainless steel bracelet with a deployment clasp not only enhances comfort but adds a layer of sophistication. With an exhibition case back allowing a glimpse into its intricate workings and an added nylon strap, this watch is both versatile and uniquely stylish. Water-resistant to 100 meters, it's a perfect fusion of style, functionality, and exclusivity.",,,taxable,,1,,,0,0,,,,,1,,,495.00,Watches,,,https://beepwear.com/wp-content/uploads/2026/01/8ce40KWzXhiezs3EfLErKNm2xJ8A6B_qC6uZZ9K0IBg.jpg,,,,,,,,,0,Seiko,,,,,,,,
22413,simple,,,Corum $20 Dollar Liberty Head Gold Coin 180085,1,0,visible,Corum $20 Dollar Liberty Head Gold Coin 180085,"Experience the epitome of luxury with the Certified Pre-Owned Corum $20 Coin Wristwatch, Reference 180085. This distinctive timepiece perfectly marries numismatic allure with horological excellence, featuring an 18K yellow gold case and bezel, exquisitely crowned with diamonds. At its heart lies a 22K yellow gold Liberty Head coin dial, a true celebration of American heritage, encased by a robust sapphire crystal. The Swiss automatic movement assures precision, elegantly displaying hours and minutes. Its refined aesthetics are completed with a sophisticated brown leather strap secured by a pin buckle, while a 22K gold coin caseback offers a unique view. At 36mm in diameter, this watch is a statement of sophistication and timeless craftsmanship, perfect for those who appreciate both art and function in a wristwatch.",,,taxable,,1,,,0,0,,,,,1,,,12075.00,Watches,,,"https://beepwear.com/wp-content/uploads/2026/01/BbGr7M1J5nxFF497WJRhS73nldvP1ARhH_trHt8Wvxs.jpg, https://beepwear.com/wp-content/uploads/2026/01/FjaiY6LXfRZIbNSGU8t1UMiM8Kyj92eoKUom11zjWQA.jpg, https://beepwear.com/wp-content/uploads/2026/01/MnaBhw3qgBiHMuAmxMe3E2U01Ih1cpXHG9jC58ArCgM.jpg, https://beepwear.com/wp-content/uploads/2026/01/2BZWNyHoO_hy7QIUIuRSvY-ZnhJS4Got7xmfLa4SJ44.jpg, https://beepwear.com/wp-content/uploads/2026/01/yUzcqMcHGYa3KZpmUr8VL_NoUcAcDTTTSH9nxqRVsOs.jpg",,,,,,,,,0,,,,,,,,,
22415,simple,,,Carl F Bucherer Manero Chronograph Flyback Limited Edition 43mm 10910.08A,1,0,visible,Carl F Bucherer Manero Chronograph Flyback Limited Edition 43mm 10910.08A,"Experience timeless sophistication with the Carl F Bucherer Manero Chronograph Flyback Limited Edition, a masterful creation designed for the discerning watch enthusiast. This certified pre-owned timepiece features a robust 43mm stainless steel case adorned with a fixed bezel, exuding strength and elegance. The silver dial, accented by multi-color index markers, seamlessly blends with the watch’s precision Swiss automatic movement, offering hours, minutes, seconds, date, and chronograph functions along with a power reserve. Protected by a sapphire crystal, this watch ensures durability while showcasing its intricate mechanics through an exhibition case back. The distinctive grey, white, and red NATO strap, secured with a stainless steel pin buckle, not only enhances comfort but adds a touch of modern flair. Limited in availability, this watch is a true testament to exceptional craftsmanship and sophisticated design, perfect for those who appreciate the art of horology.",,,taxable,,1,,,0,0,,,,,1,,,6325.00,Watches,,,"https://beepwear.com/wp-content/uploads/2026/01/0lCUaTrlMKTzUrvIhM0Q_Z4rIMPUMbL2Biir6eQHA0c.jpg, https://beepwear.com/wp-content/uploads/2026/01/NbPVIl6J9BVRjCxm6IM0B9x6kGA7YVwEl934JFRbUDo.jpg, https://beepwear.com/wp-content/uploads/2026/01/oZz9UURSTFhLi7WsQoOjbUIPTqSVu1jugwpIdgIj1Lc.jpg, https://beepwear.com/wp-content/uploads/2026/01/DgBxiZMicwxe49pEBtUGHIRDD1dfCBoS64gXoOKhe1Q.jpg, https://beepwear.com/wp-content/uploads/2026/01/OlIc4dBkWElVIWTnPYQXqD8F5J4OKoPnkk5YOvIWrZo.jpg",,,,,,,,,0,,,,,,,,,
22417,simple,,,Rolex Explorer 36mm Stainless Steel 14270,1,0,visible,Rolex Explorer 36mm Stainless Steel 14270,"Experience the perfect blend of toughness and sophistication with the Rolex Explorer 36mm Stainless Steel 14270. This distinguished timepiece features a sleek 36mm case crafted from high-grade 904L stainless steel, ensuring exceptional durability and a refined aesthetic. Its robust Oyster design not only captivates with its elegance but also guarantees water resistance, protecting the precise automatic Rolex caliber 3000 movement within. The black dial's luminous hour markers and Mercedes hands offer superior readability, meeting the needs of any environment with seamless precision and style. Fastened with a solid Oyster bracelet, this watch promises both comfort and a secure fit for the modern adventurer. With its stainless steel smooth bezel and sapphire crystal, the Explorer stands as a testament to Rolex's unparalleled craftsmanship and pioneering spirit.",,,taxable,,1,,,0,0,,,,,1,,,7590.00,Watches,,,"https://beepwear.com/wp-content/uploads/2026/01/OR0L0jU795q44LxR87fC6h3WKv1P7fHgg0Yr4IrTi9I.jpg, https://beepwear.com/wp-content/uploads/2026/01/0keFqt4lKsym6mb5gqp42suD9oWGVjliMY8hl_LCugs.jpg, https://beepwear.com/wp-content/uploads/2026/01/fImUv_F4Hv4kmAD4n7Yf15YTV8uFVXd4-ArwC52yzYk.jpg, https://beepwear.com/wp-content/uploads/2026/01/hfP0lf6qUPSe7fmnvJJnoRwY3CNjnUgDh3jqnQIkQhU.jpg, https://beepwear.com/wp-content/uploads/2026/01/kjmFx7H_jEwZeBARv4vjLKAEjOw_dOHljib8_DpHUVk.jpg",,,,,,,,,0,Rolex,,,,,,,,
22456,simple,,,Ulysse Nardin Freak X TI Black 43mm 2303-270/BLACK,1,0,visible,Ulysse Nardin Freak X TI Black 43mm 2303-270/BLACK,"Discover the striking elegance of the Ulysse Nardin Freak X TI Black, a watch that redefines sophistication with its avant-garde design and exceptional craftsmanship. Crafted with a robust 43mm titanium case, the watch features a fixed black PVD titanium bezel that exudes contemporary style and durability. The captivating black dial, adorned with luminous index markers, is both functional and mesmerizing, perfectly complementing the watch's innovative automatic movement—the heart of this masterpiece. Enveloped in a sleek black leather strap with a PVD deployment clasp, it offers both comfort and security. With a sapphire crystal and 50m water resistance, the Freak X promises resilience and timeless beauty.",,,taxable,,1,,,0,0,,,,,1,,,29500.00,Watches,,,https://beepwear.com/wp-content/uploads/2026/01/Ltkw-W8WudW2gOK0fQnmOxooWkFxLbF272QOMpks8Q0.jpg,,,,,,,,,0,Ulysse Nardin,,,,,,,,
22459,simple,,,Ulysse Nardin Diver X Skeleton Azure 44MM 3723-170-2B/3A,1,0,visible,Ulysse Nardin Diver X Skeleton Azure 44MM 3723-170-2B/3A,"Experience the perfect fusion of innovation and elegance with the Ulysse Nardin Diver X Skeleton Azure 44MM, a masterful creation for the discerning gentleman. Featuring a robust 44mm titanium case with a striking black azure blue, skeletonized dial, this timepiece reveals the intricate mechanics of its automatic movement, a testament to meticulous craftsmanship. The unidirectional rotating bezel, crafted with a titanium carbon insert, enhances its functionality and style, while the azure blue rubber band with a black ceramic deployment clasp ensures comfort and security. Water-resistant up to 200 meters, this watch is as practical as it is captivating, with a sapphire crystal adding a final touch of excellence.",,,taxable,,1,,,0,0,,,,,1,,,28600.00,Watches,,,https://beepwear.com/wp-content/uploads/2026/01/xLFLO26C7t6z1unVQJfJaRf6t2__HRVDAFzAP3hrUsk.jpg,,,,,,,,,0,Ulysse Nardin,,,,,,,,
22467,simple,,,Ulysse Nardin Blast Skeleton X 42mm 3713-260-3/03,1,0,visible,Ulysse Nardin Blast Skeleton X 42mm 3713-260-3/03,"Elevate your style with the Ulysse Nardin Blast Skeleton X 42mm, a masterpiece of modern horology. This watch boasts a striking blue skeletonized dial, revealing the intricate manual wind movement beneath, enhanced by luminous index markers for clarity at any hour. Crafted with a robust 42mm titanium case and complemented by a blue titanium fixed bezel, this timepiece merges durability with elegance. The sapphire crystal protects the artistry within, while the blue rubber strap, secured with a titanium pin buckle, ensures comfort without compromising on sophistication. With a water resistance of 50 meters, this men's watch seamlessly combines practicality with exceptional design, making it an indispensable addition to any discerning collection.",,,taxable,,1,,,0,0,,,,,1,,,25000.00,Watches,,,https://beepwear.com/wp-content/uploads/2026/01/5ao2_YJM7b0DFe370t2X5xvkNbr8ywzSKqRNghltlS8.jpg,,,,,,,,,0,Ulysse Nardin,,,,,,,,
22468,simple,,,Ulysse Nardin Blast Skeleton X 42mm 3713-260-3/03,1,0,visible,Ulysse Nardin Blast Skeleton X 42mm 3713-260-3/03,"Discover the artistry and innovation of the Ulysse Nardin Blast Skeleton X 42mm. This exquisite timepiece showcases a daring blue skeletonized dial, brilliantly accented by luminous index markers, revealing the intricate manual wind movement beneath. The 42mm case, crafted from lightweight titanium, is paired with a fixed blue titanium bezel, combining durability with a contemporary aesthetic. The sapphire crystal ensures scratch resistance, while the blue rubber strap with titanium pin buckle offers both comfort and bold style. With a water resistance of up to 50 meters, this watch is engineered for those who appreciate precision and refined Swiss craftsmanship.",,,taxable,,1,,,0,0,,,,,1,,,25000.00,Watches,,,https://beepwear.com/wp-content/uploads/2026/01/g3Ulw0AnESMBIM3T7qCsvyYqy6wMWE8eI9wzzBHzVNI.jpg,,,,,,,,,0,Ulysse Nardin,,,,,,,,
22470,simple,,,Omas UNICEF 50th Anniversary Limited Edition 18K Rocco Barocco Fountain Pen,1,0,visible,Omas UNICEF 50th Anniversary Limited Edition 18K Rocco Barocco Fountain Pen,"Experience the fusion of art and altruism with the Omas UNICEF 50th Anniversary Limited Edition Rocco Barocco Fountain Pen. This exquisite writing instrument captivates with its 18K yellow gold body, intricately adorned with a striking blue resin checkerboard pattern, symbolizing unparalleled craftsmanship. Elegantly accented with rubies, this pen pays homage to creativity and elegance, while supporting a noble cause. Crafted in collaboration with renowned figures from diverse cultural realms, this limited edition piece is not just a pen; it's a celebration of art and charity. A masterpiece of precision and luxury, this fountain pen stands as a testament to sophisticated design and timeless elegance.",,,taxable,,1,,,0,0,,,,,1,,,25000.00,"Watches, Fountain Pen",,,"https://beepwear.com/wp-content/uploads/2026/01/ClIqYE3EgPjqq0cmp64GbajoxrlgPEa5nbUXISqBHWI.jpg, https://beepwear.com/wp-content/uploads/2026/01/ndfEp8oN1FIwZA_bptu27Lb8QP4cDlh6Ix_1XAltLg.jpg, https://beepwear.com/wp-content/uploads/2026/01/iAkG72eKHWIRKO8byjbP3LOZ7NxBcEYBc6v1pW1szUQ.jpg, https://beepwear.com/wp-content/uploads/2026/01/RCcveDtOnLHxt8FhOBtJjNcjD4otdOJLvDCrogByNzk.jpg",,,,,,,,,0,,,,,,,,,
22473,simple,,,Rolex Stainless Steel & 18 Karat Yellow Gold Submariner Blue/Blue 41,1,0,visible,Rolex Stainless Steel & 18 Karat Yellow Gold Submariner Blue/Blue 41,"Experience unmatched elegance and precision with the Rolex Submariner, an iconic timepiece meticulously crafted for those who demand the best. Encased in robust 41mm stainless steel, this watch features a striking blue ceramic unidirectional bezel, accentuated by 18k yellow gold, delivering both style and durability. The deep blue dial is adorned with luminous gold hands and indexes, ensuring optimal legibility even at depths of up to 300 meters. An automatic movement powers this masterpiece, guaranteeing precise timekeeping and reliability. The Oyster bracelet, sleekly designed with a blend of stainless steel and 18k yellow gold, wraps comfortably around the wrist, secured by the innovative Oysterlock clasp with Glidelock extension system for a perfect fit. Complete with sapphire crystal and a screw-down crown, this watch is as formidable underwater as it is elegant on land. Embrace timeless sophistication with the Submariner—a symbol of unrivaled craftsmanship and luxury.",,,taxable,,1,,,0,0,,,,,1,,,24500.00,Watches,"18k Gold, 21st Century, Contemporary, Gold, Stainless Steel, Steel, Watches, Yellow Gold",,"https://beepwear.com/wp-content/uploads/2026/01/778-42_1_2069888.jpg, https://beepwear.com/wp-content/uploads/2026/01/778-42_4_2069893.jpg, https://beepwear.com/wp-content/uploads/2026/01/778-42_2_2069891.jpg, https://beepwear.com/wp-content/uploads/2026/01/778-42_3_2069892.jpg",,,,,,,,,0,Rolex,,,,,,,,
22474,simple,,,Ulysse Nardin Marine Torpilleur 42mm 1182-310-3/42,1,0,visible,Ulysse Nardin Marine Torpilleur 42mm 1182-310-3/42,"Crafted with precision and elegance, the Ulysse Nardin Marine Torpilleur 42mm 1182-310-3/42 stands as a testament to refined watchmaking. Encased in luxurious 18k rose gold, this men's timepiece features a striking 42mm black dial adorned with classic Roman numerals, juxtaposed elegantly against the warm hue of the gold. The automatic movement ensures reliable performance, complementing the overall sophisticated design. \n\nThe fixed bezel, also in 18k rose gold, frames the dial impeccably, while the robust black rubber band with an 18k rose gold deployment clasp ensures a comfortable yet secure fit. With sapphire crystal offering scratch-resistant protection and 50 meters of water resistance, this watch marries durability with style. The combination of technical excellence and timeless aesthetics makes it an indispensable addition to any discerning collection.",,,taxable,,1,,,0,0,,,,,1,,,24200.00,Watches,,,https://beepwear.com/wp-content/uploads/2026/01/u8Ny-aqio1FVtNs_Qd5z27Vzxw_dLyq6IXM8IbAdyz4.jpg,,,,,,,,,0,Ulysse Nardin,,,,,,,,
22529,simple,,,Accutron x La Palina Electrostatic Spaceview 2020 2ES6A007,1,0,visible,Accutron x La Palina Electrostatic Spaceview 2020 2ES6A007,"Discover the pinnacle of innovation and elegance with the Accutron x La Palina Electrostatic Spaceview 2020, reference 2ES6A007. This masterpiece showcases a 43.5mm stainless steel case paired with a striking fixed bezel, elegantly framing the brown open-work dial accented with luminescent index markers and refreshing green tones. The watch is a marvel of modern horology, featuring an electrostatic movement that delivers precise hours, minutes, and seconds while incorporating power-saving functions. \n\nProtected by a sapphire crystal, this exquisite timepiece is complemented by a luxurious brown leather strap with a stainless steel deployment clasp, ensuring both comfort and durability. With its sophisticated design and water resistance up to 50 meters, this watch marries technological innovation with timeless style, embodying superb craftsmanship for the discerning gentleman.",,,taxable,,1,,,0,0,,,,,1,,,5250.00,Watches,,,https://beepwear.com/wp-content/uploads/2026/01/IcWzZG9Mh29b4TGW7OSshsFMNn9LwyNMrtQPQiIwF5s.jpg,,,,,,,,,0,Accutron,,,,,,,,
22588,simple,,,"Rolex Stainless Steel and 18 Karat Yellow Gold Datejust 41, Custom Set Diamond Bezel",1,0,visible,"Rolex Stainless Steel and 18 Karat Yellow Gold Datejust 41, Custom Set Diamond Bezel","Exuding timeless elegance and technical precision, the Rolex Datejust 41 showcases a mesmerizing custom-set diamond bezel, casting a remarkable brilliance around its sophisticated black dial. Crafted in a harmonious blend of robust stainless steel and luxurious 18 karat yellow gold, this timepiece presents a striking two-tone aesthetic. With a 41 mm case diameter and automatic movement, it balances a commanding wrist presence with seamless function. The luxurious oyster bracelet enhances its opulent charm, while the sapphire crystal offers superior durability. Water-resistant up to 100 meters, this watch combines everyday practicality with high-end luxury, making it a true testament to exceptional craftsmanship.",,,taxable,,1,,,0,0,,,,,1,,,20600.00,Watches,"18k Gold, 21st Century, Contemporary, Gold, Rolex, Signed Jewelry, Stainless Steel, Steel, Watches, Women's, Yellow Gold",,"https://beepwear.com/wp-content/uploads/2026/01/769-41_1_1112346.jpg, https://beepwear.com/wp-content/uploads/2026/01/769-41_2_1112345.jpg, https://beepwear.com/wp-content/uploads/2026/01/769-41_4_1112347.jpg, https://beepwear.com/wp-content/uploads/2026/01/769-41_3_1112348.jpg",,,,,,,,,0,Rolex,,,,,,,,
22592,simple,,,Rolex Stainless Steel & 18 Karat Yellow Gold Submariner Blue/Blue 40,1,0,visible,Rolex Stainless Steel & 18 Karat Yellow Gold Submariner Blue/Blue 40,"Elevate your style with the Rolex Submariner Blue/Blue 40, a masterpiece of horological engineering. This 40 mm marvel artfully combines stainless steel and 18 karat yellow gold, crafting a robust yet elegant timepiece. Its striking deep blue dial and matching blue ceramic diving bezel ensure high-contrast legibility and a cohesive aesthetic that commands attention. The alternating metals and precise fit reflect both visual sophistication and remarkable durability. With an automatic movement encased in corrosion-resistant materials and water resistance up to 300 meters, this watch is designed for both performance and luxury. The Submariner gleams with a sapphire crystal and a solid oyster bracelet, making it a timeless icon of craftsmanship and style.",,,taxable,,1,,,0,0,,,,,1,,,19500.00,Watches,,,"https://beepwear.com/wp-content/uploads/2026/01/778-46_1.jpg, https://beepwear.com/wp-content/uploads/2026/01/778-46_4.jpg, https://beepwear.com/wp-content/uploads/2026/01/778-46_2.jpg, https://beepwear.com/wp-content/uploads/2026/01/778-46_3.jpg",,,,,,,,,0,Rolex,,,,,,,,
22593,simple,,,Rolex Submariner Date 40mm Stainless Steel Kermit 16610V,1,0,visible,Rolex Submariner Date 40mm Stainless Steel Kermit 16610V,"Introducing the Rolex Submariner Date 40mm Stainless Steel Kermit 16610V, a masterpiece of precision and innovation. This iconic timepiece features a robust 40mm stainless steel case that exudes durability and style. Its distinguishing feature, the captivating green bezel, adds a unique flair, ensuring it stands out in any collection. The black dial, punctuated with luminous hour markers, provides unparalleled readability, making it as functional underwater as it is elegant on land. With its automatic movement and date display magnified by the classic Cyclops lens, this pre-owned Rolex embodies superior craftsmanship and timeless design. Perfect for the discerning gentleman, the Rolex Kermit combines performance with sophistication, creating a watch that is both a statement of luxury and a testament to horological excellence.",,,taxable,,1,,,0,0,,,,,1,,,19435.00,Watches,"Men's, Pre-Owned, Pre-Owned Rolex Models, Pre-Owned Rolex Watches",,"https://beepwear.com/wp-content/uploads/2026/01/jvX1XeHfWx8aDECQdx0aMrxz0D9VRdbMuPxL08_mUsg.jpg, https://beepwear.com/wp-content/uploads/2026/01/6syZODBZk0m0BhPJQXeffLCV2qPkN-BaHX-ROEG6SSU.jpg, https://beepwear.com/wp-content/uploads/2026/01/hM38BTbOUQM-hDd4fmflnDh62V7dHy705vhezGUWEP8.jpg, https://beepwear.com/wp-content/uploads/2026/01/acahDb3ZE8Ho_wuFnuI4l_yEa78rgSxZw4W1biziNz4.jpg",,,,,,,,,0,Rolex,,,,,,,,
22595,simple,,,Rolex Stainless Steel Submariner Green/Black 41mm,1,0,visible,Rolex Stainless Steel Submariner Green/Black 41mm,"The Rolex Stainless Steel Submariner Green/Black 41mm is a masterclass in precision and style, embodying both luxury and functionality. Its signature green ceramic bezel, contrasting vividly with the deep black dial, offers a visually striking aesthetic that is instantly recognizable. The robust 41 mm stainless steel case is complemented by a stainless steel Oyster bracelet, ensuring both durability and a balanced weight for everyday wear. This timepiece is powered by automatic movement and is equipped with luminescent hands and hour markers for optimal readability. Featuring a graduated timing bezel for precise interval tracking and a sapphire crystal for superior scratch resistance, this watch stands as a symbol of craftsmanship and innovation. With water resistance up to 300 meters, it combines professional-grade performance with timeless design.",,,taxable,,1,,,0,0,,,,,1,,,19000.00,Watches,,,"https://beepwear.com/wp-content/uploads/2026/01/774-97_1.jpg, https://beepwear.com/wp-content/uploads/2026/01/774-97_4.jpg, https://beepwear.com/wp-content/uploads/2026/01/774-97_2.jpg, https://beepwear.com/wp-content/uploads/2026/01/774-97_3.jpg",,,,,,,,,0,Rolex,,,,,,,,
22597,simple,,,Rolex Stainless Steel Submariner Ceramic 41mm Date,1,0,visible,Rolex Stainless Steel Submariner Ceramic 41mm Date,"Experience the perfect blend of precision and durability with the Rolex Stainless Steel Submariner Ceramic 41mm Date. This exceptional timepiece boasts a robust 41 mm stainless steel case, complemented by a scratch-resistant black ceramic bezel designed for enduring color stability. The striking black dial features luminescent hands and hour markers for optimal legibility, while the date complication provides practical functionality. Powered by an automatic movement and shielded by a sapphire crystal, this Submariner ensures reliable performance. With its signature oyster steel bracelet, 300 meters of water resistance, and meticulous craftsmanship, this watch epitomizes luxury and functionality in every detail.",,,taxable,,1,,,0,0,,,,,1,,,18900.00,Watches,,,"https://beepwear.com/wp-content/uploads/2026/01/892-29_1.jpg, https://beepwear.com/wp-content/uploads/2026/01/892-29_4.jpg, https://beepwear.com/wp-content/uploads/2026/01/892-29_2.jpg, https://beepwear.com/wp-content/uploads/2026/01/892-29_3.jpg",,,,,,,,,0,Rolex,,,,,,,,
22598,simple,,,Piaget Altiplano 38mm White Gold G0A29112,1,0,visible,Piaget Altiplano 38mm White Gold G0A29112,"Elegantly refined and masterfully crafted, the Piaget Altiplano 38mm White Gold G0A29112 is an embodiment of timeless sophistication. Encased in luxurious 18k white gold, this watch exudes understated elegance with its immaculate 38mm frame. The dazzling white dial, adorned with minimalist index markers, complements the fixed white gold bezel, creating a harmonious facade that is both classic and contemporary. Driven by a precise manual wind movement, this piece showcases the perfect blend of traditional watchmaking and modern design. The fine sapphire crystal ensures durability, while the black leather strap and white gold pin buckle provide a comfortable and secure wear. With a subtle water resistance of 30 meters, this watch embodies Piaget's renowned craftsmanship, making it a quintessential accessory for the discerning gentleman.",,,taxable,,1,,,0,0,,,,,1,,,18700.00,Watches,,,"https://beepwear.com/wp-content/uploads/2026/01/kXMxKSSkJ2lPwZPLMt8FjNgNJ7Xt653L66lijDjt23k.jpg, https://beepwear.com/wp-content/uploads/2026/01/KIYumpxGASFRoeBLhbfuqV1kF41MK7ndGnv1-4nn1IQ.jpg, https://beepwear.com/wp-content/uploads/2026/01/w5AtG4U7_NcuzNB91hdOkNplMKR6PHX4tZ9IH43yg20.jpg",,,,,,,,,0,,,,,,,,,
22629,simple,,,Seiko Prospex Sea 1970 Diver's Modern Re-Interpretation Naomi Uemura SLA069,1,0,visible,Seiko Prospex Sea 1970 Diver's Modern Re-Interpretation Naomi Uemura SLA069,"Introducing the Seiko Prospex Sea 1970 Diver's Modern Re-Interpretation SLA069, a testament to precision and sophistication in watchmaking. Encased in robust 44mm stainless steel, this timepiece showcases a striking White Mountain dial with luminous index markers, ensuring visibility in all environments. Driven by an automatic movement, it features a sapphire crystal for unparalleled clarity and durability. The unidirectional rotating bezel, crafted from blue stainless steel, adds a touch of elegance to its rugged design. Completed with a stainless steel bracelet and deployment clasp, this watch offers both functionality and style, boasting a water resistance of up to 200 meters. Experience the perfect blend of tradition and innovation with every glance at this exceptional timepiece.",,,taxable,,1,,,0,0,,,,,1,,,2900.00,Watches,,,https://beepwear.com/wp-content/uploads/2026/01/IG3HejD3Y9PcWsbCyfcJ6IjK3lmeN8cWoy-hdZ41bbw.jpg,,,,,,,,,0,Seiko,,,,,,,,
22631,simple,,,Seiko Prospex Sea 1965 Diver's Modern Re-Interpretation Limited Edition SLA066,1,0,visible,Seiko Prospex Sea 1965 Diver's Modern Re-Interpretation Limited Edition SLA066,"Dive back into history with the Seiko Prospex Sea 1965 Diver's Modern Re-Interpretation Limited Edition SLA066. This meticulously crafted timepiece, priced at $2,900, harmonizes vintage allure with contemporary precision. Encased in robust 41.3mm stainless steel, its gleaming gold dial is set with luminous index markers, ensuring optimal readability even in the deepest waters. The unidirectional rotating bezel, finished in gold with a striking brown insert, complements the brown rubber strap, secured with a matching gold finish pin buckle. Powered by an automatic movement and enhanced with a sapphire crystal, this watch guarantees reliability and resilience. With an impressive water resistance of up to 200 meters, it’s not just a watch, but a testament to Seiko’s dedication to quality and craftsmanship.",,,taxable,,1,,,0,0,,,,,1,,,2900.00,Watches,,,https://beepwear.com/wp-content/uploads/2026/01/0fowKDr29kpfhzC6LypLeH3aI8VQGtYLkoEFqTM1ws.jpg,,,,,,,,,0,Seiko,,,,,,,,
22633,simple,,,Seiko 5 Sports SKX Sports Style 55th Anniversary Limited Edition SRPK07,1,0,visible,Seiko 5 Sports SKX Sports Style 55th Anniversary Limited Edition SRPK07,"Celebrating Seiko's 55th anniversary, the Seiko 5 Sports SKX Sports Style Limited Edition SRPK07 is a masterpiece in precision and design. This stunning timepiece features a striking orange dial adorned with luminous dot markers, ensuring clarity and visibility in any setting. Encased in robust 42.5 mm stainless steel, the watch combines durability with elegance, highlighted by a unidirectional rotating bezel with a sleek black insert. Powered by an automatic movement, the SRPK07 guarantees reliability and smooth operation. The stainless steel bracelet, along with a secure deployment clasp, offers comfort and style, while a water resistance of up to 100 meters adds an adventurous edge. A testament to Seiko's craftsmanship, this watch embodies both timeless sophistication and modern functionality.",,,taxable,,1,,,0,0,,,,,1,,,325.00,Watches,,,https://beepwear.com/wp-content/uploads/2026/01/Q_VHJztRjEVK9P_rQyNHD6Xw5vT8geD5o8jaxySaRHw.jpg,,,,,,,,,0,Seiko,,,,,,,,
22645,simple,,,Seiko Prospex Speedtimer Mechanical Chronograph SRQ043,1,0,visible,Seiko Prospex Speedtimer Mechanical Chronograph SRQ043,"Elevate your timekeeping with the Seiko Prospex Speedtimer Mechanical Chronograph SRQ043, a masterful blend of precision and style. Crafted from robust stainless steel, this timepiece boasts a striking 42.5mm case with a sophisticated blue dial adorned with index markers, ensuring readability and elegance. Powered by an automatic movement, this chronograph promises accuracy and reliability for the discerning wearer. The fixed stainless steel bezel and sapphire crystal protect the intricate mechanisms within, while the stainless steel bracelet, secured by a deployment clasp, offers both comfort and durability. With a water resistance of up to 100 meters, the SRQ043 is as resilient as it is stylish, embodying the essence of Seiko's craftsmanship.",,,taxable,,1,,,0,0,,,,,1,,,3200.00,Watches,,,https://beepwear.com/wp-content/uploads/2026/01/XUCiwHEKRZRYkryQjQwpg8Fmlv1MjKtgEKcL7C1t0J8.jpg,,,,,,,,,0,Seiko,,,,,,,,
22649,simple,,,Seiko Prospex Speedtimer Oregon22 Limited Edition SRQ041,1,0,visible,Seiko Prospex Speedtimer Oregon22 Limited Edition SRQ041,"Introducing the Seiko Prospex Speedtimer Oregon22 Limited Edition SRQ041—an epitome of precision and sophistication. Crafted for the discerning gentleman, this watch features a robust 42.5mm stainless steel case, complemented by a sleek stainless steel bracelet with a reliable deployment clasp. The black dial, adorned with index markers, exudes understated elegance and is encased beneath a durable sapphire crystal that ensures clarity and scratch resistance. Powered by an automatic movement, the SRQ041 harmonizes technical excellence with visual appeal. The fixed stainless steel bezel and 100 meters of water resistance make it as durable as it is stylish, perfect for those who appreciate the finer details in life. This limited edition timepiece not only embodies Seiko’s heritage of craftsmanship but also makes a bold statement of timeless style.",,,taxable,,1,,,0,0,,,,,1,,,3200.00,Watches,,,https://beepwear.com/wp-content/uploads/2026/01/zlL6Dx3XBKPE2ff7ElYzAEqtVnLLRWVOuU87QgN3uw.jpg,,,,,,,,,0,Seiko,,,,,,,,
22651,simple,,,Seiko Presage Ladies Craftsmanship Series Sakura Pink Enamel SPB233,1,0,visible,Seiko Presage Ladies Craftsmanship Series Sakura Pink Enamel SPB233,"Discover timeless elegance with the Seiko Presage Ladies Craftsmanship Series Sakura Pink Enamel SPB233 watch. Meticulously crafted with a 34.3mm stainless steel case, this exquisite timepiece features a mesmerizing pink enamel dial adorned with classic brown Roman numerals. The automatic movement ensures precise timekeeping, matched with the reliability of a sapphire crystal and a fixed stainless steel bezel. A luxurious brown leather strap, seamlessly fastened with a stainless steel deployment clasp, offers enduring comfort and style. With a water resistance of 50 meters, this watch marries feminine grace with exceptional craftsmanship, embodying the perfect blend of beauty and functionality.",,,taxable,,1,,,0,0,,,,,1,,,1300.00,Watches,,,https://beepwear.com/wp-content/uploads/2026/01/Cd7QPtg1ezalRmg8lUFuHnLnLJfqDA3GsFg_rY-BD6I.jpg,,,,,,,,,0,Seiko,,,,,,,,
22715,simple,,,Seiko Prospex Speedtimer Mechanical Chronograph SRQ039,1,0,visible,Seiko Prospex Speedtimer Mechanical Chronograph SRQ039,"Introducing the Seiko Prospex Speedtimer Mechanical Chronograph SRQ039, a masterpiece in horological engineering. This distinguished timepiece features a striking vibrant blue dial with index markers, encased within a robust 42.5mm stainless steel case. Crafted for precision, its automatic movement offers reliability, while the sapphire crystal guarantees scratch resistance. The fixed stainless steel bezel and elegant black leather band with a sleek deployment clasp blend sophistication with functionality. Water-resistant up to 100 meters, the SRQ039 is a paragon of both endurance and style, making it an essential companion for the modern man.",,,taxable,,1,,,0,0,,,,,1,,,3000.00,Watches,,,https://beepwear.com/wp-content/uploads/2026/01/8_m79tu4s4AEzblLa4TgCPT8vL4CZHBnJUwPlxNlvFo.jpg,,,,,,,,,0,Seiko,,,,,,,,
22716,simple,,,Seiko Prospex Diver's 200M Save The Ocean Limited Edition SLA055,1,0,visible,Seiko Prospex Diver's 200M Save The Ocean Limited Edition SLA055,"Experience unparalleled craftsmanship with the Seiko Prospex Diver's 200M Save The Ocean Limited Edition SLA055, a true masterpiece of precision and style. Crafted from robust stainless steel, this watch boasts a substantial 42.6mm case, complemented by a striking blue dial featuring luminous dot markers that ensure visibility even in the deepest waters. Its heart beats with an automatic movement, a testament to Seiko's renowned engineering prowess. Enhancing its functionality is a unidirectional rotating bezel with a sleek black stainless steel insert, perfect for diving enthusiasts. The sapphire crystal adds an extra layer of durability, while the black rubber strap and stainless steel pin buckle offer both comfort and resilience against the elements. Water-resistant up to 200 meters, this limited edition watch is not only a tribute to oceanic adventures but also a symbol of enduring elegance and excellence.",,,taxable,,1,,,0,0,,,,,1,,,4600.00,Watches,,,https://beepwear.com/wp-content/uploads/2026/01/xU7rBTEZ6M-0wLlbfo42u5Bb9OvKOKcHbIrg6UYWIHA.jpg,,,,,,,,,0,Seiko,,,,,,,,
22720,simple,,,Seiko Prospex Speedtimer Mechanical Chronograph Limited Edition SRQ035,1,0,visible,Seiko Prospex Speedtimer Mechanical Chronograph Limited Edition SRQ035,"Introducing the Seiko Prospex Speedtimer Mechanical Chronograph Limited Edition SRQ035, a testament to precision engineering and timeless elegance. Crafted from robust stainless steel, this men's watch features an automatic movement encased in a 42.5mm case, offering both durability and sophistication. The exquisite white dial, adorned with luminous dot markers, ensures clarity and readability in any lighting condition, while the sapphire crystal protects against scratches. With a fixed stainless steel bezel and a versatile combination of a stainless steel bracelet and a black leather strap, this timepiece offers both style and comfort. Water-resistant up to 100 meters, the SRQ035 is as functional as it is stylish—a masterpiece of craftsmanship and design for the discerning watch enthusiast.",,,taxable,,1,,,0,0,,,,,1,,,3200.00,Watches,,,https://beepwear.com/wp-content/uploads/2026/01/mWpm9kG6qe7zirxpwLDAiNhgcCJb3zk9N1PFkUfsetY.jpg,,,,,,,,,0,Seiko,,,,,,,,
22724,simple,,,Seiko Prospex The 1959 Alpinist Re-creation SJE085,1,0,visible,Seiko Prospex The 1959 Alpinist Re-creation SJE085,"Rediscover timeless elegance with the Seiko Prospex The 1959 Alpinist Re-creation SJE085. This distinguished timepiece harmonizes vintage allure with modern precision, showcasing a refined 38mm stainless steel case. The sophisticated black dial is adorned with luminous index markers, ensuring optimal visibility in all conditions, while the fixed stainless steel bezel adds a touch of resilience. Powered by an automatic movement, this watch promises reliability and accuracy, complemented by a robust sapphire crystal for exceptional durability. The ensemble is completed by a brown leather strap with a stainless steel pin buckle, offering both comfort and classic style. Water-resistant up to 200 meters, the SJE085 seamlessly combines elegance and adventure, a perfect companion for the discerning modern man.",,,taxable,,1,,,0,0,,,,,1,,,2900.00,Watches,,,https://beepwear.com/wp-content/uploads/2026/01/biQLmS51ekBi-pZHc75tDJSCVo9aACzgOvc8q1HgOeY.jpg,,,,,,,,,0,Seiko,,,,,,,,
22780,simple,,,Montblanc Heritage Chronometrie Dual Time 112648,1,0,visible,Montblanc Heritage Chronometrie Dual Time 112648,"Experience timeless elegance and precise functionality with the Montblanc Heritage Chronometrie Dual Time 112648. This exceptional timepiece, designed for the discerning gentleman, features a 41mm stainless steel case that harmoniously complements its sophisticated silver dial adorned with index markers. Powered by an automatic movement, it integrates dual time zone capability, making it an invaluable companion for travelers. Protected by a sapphire crystal, the watch's refined aesthetic is further enhanced by a fixed stainless steel bezel and a robust stainless steel bracelet with a deployment clasp, ensuring both comfort and security. With water resistance up to 30 meters, this impeccable piece marries form and function seamlessly, showcasing Montblanc’s commitment to fine craftsmanship.",,,taxable,,1,,,0,0,,,,,1,,,4500.00,Watches,,,https://beepwear.com/wp-content/uploads/2026/01/PrAvbq6ucc0AhghRNzNJ-hpsLoDIsHDbPscgnpVZe3Y.jpg,,,,,,,,,0,Montblanc,,,,,,,,
22781,simple,,,Raymond Weil Yellow Gold PVD Toccata 5985-P-97081,1,0,visible,Raymond Weil Yellow Gold PVD Toccata 5985-P-97081,"Experience the epitome of elegance and precision with the Raymond Weil Yellow Gold PVD Toccata 5985-P-97081 watch. Flaunting a mesmerizing Mother of Pearl dial adorned with diamond markers, this exquisite timepiece effortlessly captures sophistication. Encased in a 29mm yellow gold PVD stainless steel frame, its fixed bezel exudes timeless charm. Equipped with a reliable quartz movement and protected by a durable sapphire crystal, this watch promises both accuracy and resilience. The complementary yellow gold PVD stainless steel band ensures a harmonious blend of style and comfort, suitable for any occasion. With a water resistance of up to 50 meters, this watch combines luxury with practicality, making it a perfect choice for the discerning woman who appreciates finely crafted artistry.",,,taxable,,1,,,0,0,,,,,1,,,995.00,Watches,,,https://beepwear.com/wp-content/uploads/2026/01/vJ_Uu0oam8gHbynpFgDZY4Clm1PpZ6P_3UnQZAIGOJ0.jpg,,,,,,,,,0,Raymond Weil,,,,,,,,
22782,simple,,,Stainless Steel Raymond Weil Noemia 5132-ST-00985,1,0,visible,Stainless Steel Raymond Weil Noemia 5132-ST-00985,"Experience timeless elegance with the Stainless Steel Raymond Weil Noemia 5132-ST-00985. Crafted for discerning tastes, this exquisite watch features a lustrous mother-of-pearl dial adorned with diamond markers, capturing light with every movement. Its 32mm stainless steel case is paired perfectly with a durable stainless steel band, secured by a sophisticated double deployment buckle. Driven by precise quartz movement and safeguarded by a scratch-resistant sapphire crystal, this watch is as reliable as it is beautiful. With a water resistance of up to 50 meters, the Noemia offers both elegance and functionality for any occasion.",,,taxable,,1,,,0,0,,,,,1,,,1395.00,Watches,,,https://beepwear.com/wp-content/uploads/2026/01/HGk3Kx2ONHoAXAF93Ph8Bjj_59v5SgcANqn3QKA-Tyg.jpg,,,,,,,,,0,Raymond Weil,,,,,,,,
22783,simple,,,Raymond Weil Stainless Steel Diamond Noemia 5132-STS-20081,1,0,visible,Raymond Weil Stainless Steel Diamond Noemia 5132-STS-20081,"Elevate your elegance with the Raymond Weil Stainless Steel Diamond Noemia 5132-STS-20081, a stunning testament to refined craftsmanship. Crafted from resilient stainless steel, this women's timepiece features a sophisticated 32mm case adorned with a radiant fixed bezel set with exquisite diamonds. The captivating black dial, embellished with diamond markers, creates a striking contrast, offering both functionality and luxury. Powered by precision quartz movement and protected by a sapphire crystal, this watch combines durability with timeless style. Its sleek stainless steel band ensures comfort and sophistication, making it a perfect accessory for any occasion. With 50 meters of water resistance, this timepiece is as practical as it is beautiful, exemplifying Raymond Weil's commitment to exceptional quality and design.",,,taxable,,1,,,0,0,,,,,1,,,2595.00,Watches,,,https://beepwear.com/wp-content/uploads/2026/01/mXLckGmPXeBDtrlesu-wPxo5WvME_ytdRdPxNYb6ABI.jpg,,,,,,,,,0,Raymond Weil,,,,,,,,
22784,simple,,,Raymond Weil Two Tone Toccata 5985-SPS-97081,1,0,visible,Raymond Weil Two Tone Toccata 5985-SPS-97081,"Discover the exquisite elegance of the Raymond Weil Two Tone Toccata 5985-SPS-97081, a masterpiece that combines sophistication with precision. This women's watch features a luxurious mother-of-pearl dial adorned with radiant diamond markers, beautifully framed by a gold steel bezel set with sparkling diamonds. With a case size of 29mm crafted from durable stainless steel, this piece offers both strength and style. Embrace the harmonious blend of its two-tone stainless steel band, ensuring versatility and style for any ensemble. Powered by a reliable quartz movement and protected by a sapphire crystal, the Toccata is not just a watch—it's a timeless treasure. Water-resistant up to 50 meters, it embodies the perfect fusion of elegance and functionality, making it an ideal choice for the discerning woman.",,,taxable,,1,,,0,0,,,,,1,,,1795.00,Watches,,,https://beepwear.com/wp-content/uploads/2026/01/VVM8-2ghHNlisPsaThyI67oznjl09AQILpOuQbCuPyg.jpg,,,,,,,,,0,Raymond Weil,,,,,,,,
22785,simple,,,Raymond Weil Two Tone Tango 5960-STP-00995,1,0,visible,Raymond Weil Two Tone Tango 5960-STP-00995,"Luxurious elegance meets impeccable craftsmanship in the Raymond Weil Two Tone Tango 5960-STP-00995. Featuring a sophisticated 30mm stainless steel case, this timepiece embraces a timeless two-tone design that effortlessly transcends trends. The enchanting white mother-of-pearl dial, adorned with sparkling diamond markers, offers a delicate yet striking contrast against the sturdy fixed stainless steel bezel. Driven by precise quartz movement, this watch ensures reliability and accuracy that complements its stunning visual appeal. The durable sapphire crystal provides added protection, enhancing its water resistance of up to 100 meters. Completing the piece is a stainless steel band with a double deployment buckle for a secure and comfortable fit. The Raymond Weil Two Tone Tango is more than just a watch; it's a testament to refined taste and sophisticated style.",,,taxable,,1,,,0,0,,,,,1,,,1295.00,Watches,,,https://beepwear.com/wp-content/uploads/2026/01/T-EK632YMDilCkXytGxyTEbxLUPAbw3d6jajMqcNpDM.jpg,,,,,,,,,0,Raymond Weil,,,,,,,,
22788,simple,,,Raymond Weil Shine 1600-STS-00995,1,0,visible,Raymond Weil Shine 1600-STS-00995,"Experience timeless elegance with the Raymond Weil Shine 1600-STS-00995, a masterpiece in women's luxury watches. Crafted from high-quality stainless steel, this exquisite timepiece boasts a 32mm case adorned with a fixed steel bezel, elegantly set with glittering diamonds. The dial captivates with its white sunburst mother-of-pearl face, further enhanced by diamond hour markers that add a touch of refined brilliance. Powered by precise quartz movement and protected by a durable sapphire crystal, this watch is as reliable as it is stunning. The stainless steel bracelet ensures a seamless blend of comfort and sophistication, while the 50-meter water resistance adds practicality to its exquisite design. This watch is an ode to opulence, combining unmatched craftsmanship with a style that resonates eternal beauty.",,,taxable,,1,,,0,0,,,,,1,,,2895.00,Watches,,,"https://beepwear.com/wp-content/uploads/2026/01/F08L09WszCwTAO_sGhnx9xZ-pWHGr4KjDwBpCiXaNik.jpg, https://beepwear.com/wp-content/uploads/2026/01/qHAyvwEShW6BM-NvaustKhQAXB1dZAMzuxVUf-_xgRo.jpg, https://beepwear.com/wp-content/uploads/2026/01/lCSLHzjLHSFz640JCr50N18AJFvnHaxvs8IjozwdN1E.jpg",,,,,,,,,0,Raymond Weil,,,,,,,,
22795,simple,,,Raymond Weil Noemia Silver 5124-STS-00985,1,0,visible,Raymond Weil Noemia Silver 5124-STS-00985,"Experience timeless elegance with the Raymond Weil Noemia Silver 5124-STS-00985, a distinguished timepiece crafted for the discerning woman. Encased in robust stainless steel, this watch features a refined 27mm diameter adorned with a fixed diamond bezel, seamlessly blending luxury and durability. The enchanting mother of pearl dial, accentuated by silver diamond dot markers, is protected by a scratch-resistant sapphire crystal, ensuring clarity and resilience. Powered by precise quartz movement, this watch promises reliability alongside its stylish aesthetics. The stainless steel band complements the case's polished finish, completing a design that's both classic and contemporary. Water-resistant up to 50 meters, this exquisite piece combines Swiss craftsmanship with stunning visual appeal, perfect for any occasion.",,,taxable,,1,,,0,0,,,,,1,,,1895.00,Watches,,,https://beepwear.com/wp-content/uploads/2026/01/VpNMkh-7UUDJuFGzCE-vZn6czD8IXgkkYxHeIIpRtKc.jpg,,,,,,,,,0,Raymond Weil,,,,,,,,
22851,simple,,,Rolex Stainless Steel Explorer II 42,1,0,visible,Rolex Stainless Steel Explorer II 42,"Discover the excellence of precision and craftsmanship with the Rolex Stainless Steel Explorer II 42. This timepiece features a robust 42 mm stainless steel case and a meticulously engraved 24-hour steel bezel, ensuring both durability and clarity. Designed for the adventurer, its luminous white dial with bold orange 24-hour hand provides unparalleled legibility, even in low-light environments. The automatic movement, protected by a sapphire crystal, guarantees reliability and accuracy. Complemented by a stainless steel Oyster bracelet, this watch offers a seamless blend of rugged capability and refined elegance. Water-resistant up to 100 meters, the Explorer II is not just a watch, but a companion for any journey.",,,taxable,,1,,,0,0,,,,,1,,,15800.00,Watches,,,"https://beepwear.com/wp-content/uploads/2026/01/821-39_1.jpg, https://beepwear.com/wp-content/uploads/2026/01/821-39_4.jpg, https://beepwear.com/wp-content/uploads/2026/01/821-39_2.jpg, https://beepwear.com/wp-content/uploads/2026/01/821-39_3.jpg",,,,,,,,,0,Rolex,,,,,,,,
22852,simple,,,Rolex Stainless Steel Explorer II New Style Polar Dial,1,0,visible,Rolex Stainless Steel Explorer II New Style Polar Dial,"Discover the exceptional craftsmanship of the Rolex Explorer II with its striking Polar white dial that ensures high legibility with black-outlined, luminous hour markers, and distinctive Mercedes-style hands. This timepiece is engineered for both elegance and functionality, featuring a vivid, arrow-tipped 24-hour hand and a fixed stainless steel bezel engraved with a 24-hour scale - a testament to meticulous precision. Crafted from robust stainless steel, the watch boasts a satin-brushed finish and a solid-link Oyster bracelet, complemented by a deployment clasp for a seamless fit. The 42mm case provides an authoritative presence, while the automatic movement and date display at 3 o'clock deliver practicality for everyday use. Water-resistant to 100 meters, this Explorer II offers outstanding durability wrapped in a professional, polished aesthetic.",,,taxable,,1,,,0,0,,,,,1,,,15500.00,"Watches, Uncategorized","21st Century, Contemporary, Rolex, Stainless Steel, Watches, Women's",,"https://beepwear.com/wp-content/uploads/2026/01/821-18_1_1580534.jpg, https://beepwear.com/wp-content/uploads/2026/01/821-18_2_1580533.jpg, https://beepwear.com/wp-content/uploads/2026/01/821-18_3_1580536.jpg, https://beepwear.com/wp-content/uploads/2026/01/821-18_4_1580535.jpg",,,,,,,,,0,Rolex,,,,,,,,
22871,simple,,,Zenith Chronomaster Sport Stainless Steel 03.3100.3600/69.C823,1,0,visible,Zenith Chronomaster Sport Stainless Steel 03.3100.3600/69.C823,"Experience precision and elegance with the Zenith Chronomaster Sport, a masterfully crafted timepiece for the discerning gentleman. This watch artfully combines functionality with style, featuring a robust 41mm stainless steel case and a striking fixed black ceramic bezel. The white matte dial, adorned with index markers, offers a clean and sophisticated look, enhanced by the flawless craftsmanship of Zenith. Beneath the sapphire crystal, the automatic movement ensures accurate timekeeping, while the 100-meter water resistance adds practicality for everyday wear. The blue Cordura band with a stainless steel deployment clasp provides both comfort and durability, making this watch a timeless addition to any collection.",,,taxable,,1,,,0,0,,,,,1,,,10500.00,Watches,,,https://beepwear.com/wp-content/uploads/2026/01/PuoJ0ueh_ZbyE3vZSx1130aqZv7PWbGfkDgz0hHUlQs.jpg,,,,,,,,,0,Zenith,,,,,,,,
22905,simple,,,Seiko Two Tone Diamond Collection Watch SKK880,1,0,visible,Seiko Two Tone Diamond Collection Watch SKK880,"Experience timeless elegance with the Seiko Two Tone Diamond Collection Watch SKK880. This exquisite timepiece features a 33.3mm stainless steel case adorned with a fixed two-tone bezel, highlighted by brilliant diamonds that shimmer with every movement. The captivating mother of pearl dial is beautifully complemented by gold index markers, while the durable sapphire crystal ensures longevity and clarity. Driven by precise quartz movement, this watch delivers reliable performance. Designed with a sophisticated two-tone stainless steel bracelet and a secure deployment clasp, it offers both style and comfort. With a water resistance of up to 100 meters, it seamlessly blends luxury with practicality, making it a perfect companion for any occasion.",,,taxable,,1,,,0,0,,,,,1,,,550.00,Watches,,,https://beepwear.com/wp-content/uploads/2026/01/25bvNl-ACQA2mPH0UP60fUawTdn_5lN5ZLqFxcOShnM.jpg,,,,,,,,,0,Seiko,,,,,,,,
22907,simple,,,Seiko Prospex The 1975 Professional Diver's 600m Re-creation Limited Edition SLA041J1,1,0,visible,Seiko Prospex The 1975 Professional Diver's 600m Re-creation Limited Edition SLA041J1,"Dive into excellence with the Seiko Prospex The 1975 Professional Diver's 600m Re-creation Limited Edition SLA041J1. Crafted with robust titanium, this exceptional timepiece boasts a substantial 52.4mm case, epitomizing durability and style. The striking blue dial, adorned with luminous index markers, ensures visibility even in the depths of the ocean, while the sapphire crystal offers unparalleled scratch resistance. Engineered for the modern adventurer, its automatic movement is housed within a case that withstands water pressures up to 1000m, making it an ideal companion for deep-sea explorations. The uni-directional rotating bezel crafted from titanium and black ceramic adds a refined touch to its rugged exterior. Completed with a comfortable blue rubber strap and titanium pin buckle, this limited edition watch seamlessly blends heritage and innovation for those who demand precision and reliability.",,,taxable,,1,,,0,0,,,,,1,,,4500.00,Watches,,,https://beepwear.com/wp-content/uploads/2026/01/2dbRrSnGApR46sNKjrLe9COsIvx2V1BGduE4qzaIOwk.jpg,,,,,,,,,0,Seiko,,,,,,,,
22909,simple,,,Seiko Prospex 1968 Diver's 300m 55th Anniversary Limited Edition SLA039,1,0,visible,Seiko Prospex 1968 Diver's 300m 55th Anniversary Limited Edition SLA039,"Celebrating its legacy, the Seiko Prospex 1968 Diver's 300m 55th Anniversary Limited Edition SLA039 is a masterful blend of sophistication and durability. This timepiece boasts a robust 44.8mm stainless steel case, expertly paired with a shimmering sapphire crystal for unparalleled durability. Its blue dial, adorned with luminous index markers, ensures optimal legibility even in the deepest waters, complemented by a unidirectional rotating bezel with a sleek black insert. Driven by an automatic movement, this watch delivers precision and reliability essential for diving enthusiasts. The blue rubber band, accented with a stainless steel pin buckle, not only enhances comfort but also reinforces its 300m water resistance, making it a quintessential companion for underwater exploration.",,,taxable,,1,,,0,0,,,,,1,,,6800.00,Watches,,,https://beepwear.com/wp-content/uploads/2026/01/dYJSJlSAmp13UCA1LdyxD-iA7CofaRHZR0h3QKEVVpU.jpg,,,,,,,,,0,Seiko,,,,,,,,
22910,simple,,,Zannetti Time Racing Edition,1,0,visible,Zannetti Time Racing Edition,"Introducing the Zannetti Time Racing Edition, a masterpiece of horological precision and elegance. Crafted for those who appreciate the blend of sportiness and sophistication, this watch showcases a striking blue carbon fiber dial with white dot and black Arabic markers for a distinctive and dynamic look. Encased in a robust 40mm stainless steel frame with a fixed black PVD bezel, the watch not only presents an imposing presence but also promises durability.\n\nPowered by an automatic movement and protected by a sapphire crystal, this timepiece ensures reliability and clarity. The black alligator band, accented with blue stitching, perfectly complements the watch's bold aesthetic while offering superb comfort. With a water resistance of 30 meters, the Zannetti Time Racing Edition is designed for those who seek style without compromise.",,,taxable,,1,,,0,0,,,,,1,,,5975.00,Watches,,,"https://beepwear.com/wp-content/uploads/2026/01/hd0zZsbGJY5TP6wlyc9nif6YJYO8uQGsrDO-f1BuKsQ.jpg, https://beepwear.com/wp-content/uploads/2026/01/HQ1Ecl-7IsUNOzbr1xcIdxGnYNQ4RD5i5-ACyb5uXA0.jpg, https://beepwear.com/wp-content/uploads/2026/01/nU8yM_KxgcU8VktWNYgozJvTbIUprOgsW9YSEJI2RIQ.jpg",,,,,,,,,0,,,,,,,,,
22912,simple,,,Zannetti Gladiator Chronograph Bronze Dial 44mm Stainless Steel GIM.C1S.-WP.1.A,1,0,visible,Zannetti Gladiator Chronograph Bronze Dial 44mm Stainless Steel GIM.C1S.-WP.1.A,"Introducing the Zannetti Gladiator Chronograph, a masterpiece of horological craftsmanship that merges elegance with precision. This distinguished timepiece boasts a 44mm stainless steel case, highlighting its robust yet refined presence. The captivating copper and bronze dial, adorned with mother-of-pearl accents and luminous index markers, enhances visibility while adding a touch of opulence. Powered by a reliable automatic movement, this watch ensures accurate timekeeping for the discerning gentleman.\n\nEnhanced by a fixed stainless steel bezel and protected by a sapphire crystal, the Gladiator Chronograph is as durable as it is stylish. Its dark brown leather band, complemented by a stainless steel deployment clasp, offers both comfort and sophistication. Water-resistant up to 30 meters, this watch is as practical as it is exquisite. The Zannetti Gladiator is not just a timepiece; it's a testament to timeless art and meticulous engineering.",,,taxable,,1,,,0,0,,,,,1,,,6080.00,Watches,,,"https://beepwear.com/wp-content/uploads/2026/01/sXSBbAFE47QcjbU_mHKN5vgxzUZt_dUnKnzfP0q2vxk.jpg, https://beepwear.com/wp-content/uploads/2026/01/xBfZmfGsFWmQCCNVr2vD322nKBjbtc6p7e8QODOEjlQ.jpg, https://beepwear.com/wp-content/uploads/2026/01/sYeE9OCPYH9lY-uZDb3JDFmX_Zd6cMCSPIhakYKBfeQ.jpg, https://beepwear.com/wp-content/uploads/2026/01/BcuInLU13Bw4NhUrueLmhsblx-v0JbrHkXBIyulNdKA.jpg",,,,,,,,,0,,,,,,,,,
22913,simple,,,Zannetti 8ctopus Black Wood Edition OCP.A2S-W.M.2A.R,1,0,visible,Zannetti 8ctopus Black Wood Edition OCP.A2S-W.M.2A.R,"Experience the captivating allure of the Zannetti 8ctopus Black Wood Edition, designed for those who appreciate bold craftsmanship and distinctive style. Featuring a 50mm stainless steel case, this timepiece showcases a mesmerizing black engraved hardwood dial adorned with a meticulously detailed octopus, harmoniously combined with precise index markers. The watch's automatic movement ensures reliable performance, while its sapphire crystal provides enduring protection. \n\nCrafted with a unidirectional rotating bezel, the stainless steel black insert seamlessly complements the sophisticated design. The brown distressed leather band, enhanced with a black rubber lining and secured by a stainless steel pin buckle, offers both comfort and elegance. With an impressive water resistance of 500 meters, this watch is as functional as it is striking, making it an essential piece for any collection.",,,taxable,,1,,,0,0,,,,,1,,,4970.00,Watches,,,"https://beepwear.com/wp-content/uploads/2026/01/KOl8YPz5xXfojpzTeNxoHcjLtzGRnU75FisRzQTi2ic.jpg, https://beepwear.com/wp-content/uploads/2026/01/BymHhfPf5m4VibLLlcGrax-2ai29Xo51LjEUIRqdpRA.jpg, https://beepwear.com/wp-content/uploads/2026/01/rJTUP-3iiZU3MfQBbxcjsTsYpeZ8YAtOnYQNln4LMqg.jpg",,,,,,,,,0,,,,,,,,,
22914,simple,,,Piaget Limelight Gala 32mm Yellow Gold Diamonds GOA38161,1,0,visible,Piaget Limelight Gala 32mm Yellow Gold Diamonds GOA38161,"Exuding timeless elegance, the Piaget Limelight Gala 32mm Yellow Gold Diamonds GOA38161 watch is a masterpiece of luxury design and craftsmanship. Fashioned from exquisite 18k rose gold, this watch features a striking diamond-set bezel that gracefully frames the dial, intertwining exceptional beauty with sophistication. The silver-toned dial adorned with black Roman numerals adds a classic touch, epitomizing understated elegance. Engineered with precision, the quartz movement ensures reliability, while the crystal-clear sapphire glass enhances durability. This timepiece is complemented by a black leather band and 18k rose gold pin buckle, perfectly marrying comfort with style. Water-resistant up to 30 meters, this watch is not only a symbol of craftsmanship but also one of enduring luxury.",,,taxable,,1,,,0,0,,,,,1,,,34000.00,Watches,,,"https://beepwear.com/wp-content/uploads/2026/01/UMbrY1QWM5EC5-OLrkfNuRt8lDRU5uOZMnsGy9lCOFc.jpg, https://beepwear.com/wp-content/uploads/2026/01/4Szul4CGOdnurnR2YjO6aAkxkEQ-WBY5JN3Ta7wr4pI.jpg, https://beepwear.com/wp-content/uploads/2026/01/4RYjG76lGjWynEhvMDs1I6FI_HK3YE_wqPg3jsoSBKU.jpg, https://beepwear.com/wp-content/uploads/2026/01/KSkbezOQZRYxPy-h6mhNYPtTo_1yG8Hmv-gd2RqXlfc.jpg",,,,,,,,,0,,,,,,,,,
22915,simple,,,Zenith Captain Ultra Thin Moonphase 16.2310.692/81.M2310,1,0,visible,Zenith Captain Ultra Thin Moonphase 16.2310.692/81.M2310,"Embrace elegance with the Zenith Captain Ultra Thin Moonphase, a masterpiece of horological craftsmanship. Crafted in sleek stainless steel, this timepiece boasts a delicate 33mm case adorned with an exquisite diamond-set bezel, perfectly framing the enchanting mother of pearl dial. The dial is gracefully embellished with diamond markers, seamlessly combining luxury and sophistication. Powered by a precise automatic movement, this watch not only offers timeless beauty but also features a captivating moonphase complication at 6 o'clock, adding a touch of celestial wonder. A durable sapphire crystal protects the dial, ensuring clarity and longevity, while the stainless steel bracelet elevates its refined aesthetic. With a water resistance of 30 meters, this watch harmonizes elegance and functionality, making it an essential addition to any discerning collection.",,,taxable,,1,,,0,0,,,,,1,,,8300.00,Watches,"New, Women's",,"https://beepwear.com/wp-content/uploads/2026/01/5WbOnqU0v3sadePDZ3gSeU_Te8RdvXWTICI0Fwyv65A.jpg, https://beepwear.com/wp-content/uploads/2026/01/p2XO7TN1VlJI2nMEPYO8zPll8COVN77fpqNYXMjZFtY.jpg, https://beepwear.com/wp-content/uploads/2026/01/cMnoPYrSJm4zfiGBdOJnZX4wd4nnsyem-XpB_V7GCdE.jpg",,,,,,,,,0,Zenith,,,,,,,,
22916,simple,,,Ulysse Nardin Diver Net Azure 44MM 1183-170-2B/3A,1,0,visible,Ulysse Nardin Diver Net Azure 44MM 1183-170-2B/3A,"Immerse yourself in the art of precision with the Ulysse Nardin Diver Net Azure 44MM watch. This striking timepiece blends advanced technology with bold aesthetics, featuring a robust 44mm stainless steel case complemented by a captivating azure blue rubber band and a black ceramic pin buckle. The black dial, adorned with luminous index markers, ensures clear readability even at great depths, while the unidirectional rotating bezel with a carbon insert augments its rugged allure. Powered by an automatic movement and safeguarded by a sapphire crystal, this watch offers an exceptional water resistance of up to 300 meters, making it a perfect ally for aquatic adventures. With its meticulous craftsmanship and contemporary design, the Diver Net Azure embodies the ultimate fusion of functionality and style.",,,taxable,,1,,,0,0,,,,,1,,,14300.00,Watches,,,https://beepwear.com/wp-content/uploads/2026/01/JsNJP1cqB9u_jcDyqMAwLvDPb_TrSTMTw9BI3ZeZh-k.jpg,,,,,,,,,0,Ulysse Nardin,,,,,,,,
22917,simple,,,Tissot Rose Dream Diamonds Ladies Quartz T914.210.46.116.00,1,0,visible,Tissot Rose Dream Diamonds Ladies Quartz T914.210.46.116.00,"Elegantly crafted with precision and grace, the Tissot Rose Dream Diamonds Ladies Quartz Watch exudes timeless sophistication. Encased in luxurious 18k rose gold, this timepiece showcases a captivating 30mm white mother-of-pearl dial adorned with sparkling diamond accents, combining elegance with functionality. The fixed rose gold bezel enhances its refined aesthetics, while the scratch-resistant sapphire crystal ensures enduring clarity. Powered by a dependable quartz movement and complemented by a white leather strap with a folding clasp, this watch offers both style and comfort. Perfectly balanced with a water resistance of 30 meters, it is a stunning testament to Tissot's craftsmanship and attention to detail.",,,taxable,,1,,,0,0,,,,,1,,,1900.00,Watches,,,"https://beepwear.com/wp-content/uploads/2026/01/okJnmKGNlbWaDOWYn17Hbg4LSXoj0e_gVp-3-Zk_tV8.jpg, https://beepwear.com/wp-content/uploads/2026/01/TtBsidyDL6ZmcPsPwfw6e_60UzZNXz1oGVhzKiKDjHQ.jpg, https://beepwear.com/wp-content/uploads/2026/01/Rn9Poj2Ahnf8MdwC6Aew56jOlT6KTcXoFTsJwJujYrI.jpg",,,,,,,,,0,Tissot,,,,,,,,
22918,simple,,,Bertolucci Forza Day-Date Power Reserve Automatic 1354.51.42.101D7.901,1,0,visible,Bertolucci Forza Day-Date Power Reserve Automatic 1354.51.42.101D7.901,"Experience the epitome of sophistication and functionality with the Bertolucci Forza Day-Date Power Reserve Automatic watch. Meticulously crafted from durable stainless steel and accentuated with a striking black PVD bezel, this timepiece exudes a timeless allure. Its robust 42mm case size houses a sleek black dial adorned with luminous index markers, ensuring clear readability in any light. Powered by precise automatic movement, this watch features a practical day-date function and a power reserve indicator, seamlessly blending style with utility. The sapphire crystal adds an extra layer of protection, while the black rubber band and black PVD stainless steel folding clasp offer both comfort and a secure fit. Water-resistant up to 50 meters, the Bertolucci Forza combines elegance with resilience, a perfect companion for any discerning gentleman.",,,taxable,,1,,,0,0,,,,,1,,,5100.00,Watches,,,https://beepwear.com/wp-content/uploads/2026/01/szSpf9rFzcHeE6S-w2YSPtgWDf9_nY_gAS_c2DXLxP0.jpg,,,,,,,,,0,,,,,,,,,
22925,simple,,,Ulysse Nardin Diver 44mm 1183-170-3/92,1,0,visible,Ulysse Nardin Diver 44mm 1183-170-3/92,"Discover unparalleled sophistication with the Ulysse Nardin Diver 44mm, a masterpiece of aquatic innovation and elegance. Crafted from robust titanium, this watch boasts a striking unidirectional rotating bezel and a sleek black dial adorned with luminous index markers for optimal visibility. The automatic movement ensures precision, while the sapphire crystal adds an extra layer of luxury and durability. With a 44mm case and a comfortable black rubber strap paired with a titanium pin buckle, this timepiece is designed for both comfort and resilience. Engineered to endure depths of up to 300 meters, this watch merges style with functionality, making it an indispensable companion for the modern adventurer.",,,taxable,,1,,,0,0,,,,,1,,,11000.00,Watches,,,https://beepwear.com/wp-content/uploads/2026/01/IVg7Z1N6QZylqlvQaf0EDDNE6coJ4_uL1h6GwvmX1K0.jpg,,,,,,,,,0,Ulysse Nardin,,,,,,,,
22980,simple,,,Ulysse Nardin Blast Dual Time 42mm 243-20/43,1,0,visible,Ulysse Nardin Blast Dual Time 42mm 243-20/43,"Experience the impeccable craftsmanship and innovative design of the Ulysse Nardin Blast Dual Time 42mm. Encased in robust stainless steel, this timepiece features an elegant 42mm case beautifully complemented by a striking blue ceramic bezel. The captivating blue dial, accentuated by Roman numeral index markers, exudes sophistication and clarity. Powered by an automatic movement, this watch ensures precision and reliability, while the sapphire crystal guarantees scratch resistance and enduring clarity. The blend of a blue rubber band and stainless steel pin buckle adds to its modern appeal, providing both comfort and durability. With a water resistance of up to 50 meters, functionality meets style in a distinguished manner, making this watch a perfect companion for the modern man.",,,taxable,,1,,,0,0,,,,,1,,,11000.00,Watches,,,https://beepwear.com/wp-content/uploads/2026/01/0v1_4buHseFkYAirwXzqAj6AVBRU14ocNLdgavnejV0.jpg,,,,,,,,,0,Ulysse Nardin,,,,,,,,
22981,simple,,,Ulysse Nardin Lady Diver 39mm 8165-182B/BLACK,1,0,visible,Ulysse Nardin Lady Diver 39mm 8165-182B/BLACK,"Introducing the Ulysse Nardin Lady Diver 39mm, a masterpiece of elegance and precision. Crafted in exquisite 18k rose gold and stainless steel, this timepiece exudes sophistication. The black dial, set with diamond markers, shimmers beneath a scratch-resistant sapphire crystal, highlighting the watch's luxurious aesthetic. Driven by an automatic movement, its reliability matches its style, while the unidirectional 18k rose gold bezel, encrusted with dazzling diamonds, adds a touch of opulence. A black leather strap with a black PVD pin buckle ensures comfort and durability. With an impressive water resistance of up to 300 meters, this watch is as adventurous as it is beautiful, making it the perfect companion for those who cherish elegance and precision.",,,taxable,,1,,,0,0,,,,,1,,,18100.00,Watches,,,https://beepwear.com/wp-content/uploads/2026/01/r8G_vYgOGoKSjcq0_kTIXvtAVHCkoDxd6k_IU6PtoKQ.jpg,,,,,,,,,0,Ulysse Nardin,,,,,,,,
22982,simple,,,Ulysse Nardin Marine Torpilleur Dual Time 44mm 3343-320-3A/1A,1,0,visible,Ulysse Nardin Marine Torpilleur Dual Time 44mm 3343-320-3A/1A,"Experience timeless elegance with the Ulysse Nardin Marine Torpilleur Dual Time. Crafted expertly in stainless steel, this sophisticated timepiece features a commanding 44mm case and a stunning blue dial adorned with Roman numerals, offering a classic maritime aesthetic. The watch is powered by an automatic movement, ensuring precision and reliability. Enhanced by a durable sapphire crystal and a fixed stainless steel bezel, it promises lasting clarity and resilience. Complemented by a blue leather band with a stainless steel deployment clasp, this watch ensures both comfort and style. With a water resistance of 50 meters, it balances function with luxury, making it an impeccable choice for discerning gentlemen.",,,taxable,,1,,,0,0,,,,,1,,,13000.00,Watches,,,https://beepwear.com/wp-content/uploads/2026/01/ZbNRRU9bOeE2Pmfl4uOAoCEDS441_JxH4ATsq8COCYI.jpg,,,,,,,,,0,Ulysse Nardin,,,,,,,,
22983,simple,,,Ulysse Nardin Blast Dual Time 42mm 243-20-3/42,1,0,visible,Ulysse Nardin Blast Dual Time 42mm 243-20-3/42,"Experience the epitome of precision and elegance with the Ulysse Nardin Blast Dual Time 42mm, a masterful blend of innovative design and expert craftsmanship. The robust stainless steel case, paired with a sleek fixed black ceramic bezel, encapsulates a striking black dial adorned with Roman numerals and index markers, ensuring timeless sophistication. Driven by a reliable automatic movement, this watch offers the convenience of dual time functions, a must-have for the modern traveler. The scratch-resistant sapphire crystal safeguards the intricately detailed dial, while the black rubber strap with a sturdy stainless steel pin buckle ensures a comfortable yet secure fit. Water-resistant up to 50 meters, this timepiece promises durability without compromising on style, making it a discerning choice for any occasion.",,,taxable,,1,,,0,0,,,,,1,,,11000.00,Watches,,,https://beepwear.com/wp-content/uploads/2026/01/VrD05wuvuDI6YgZk-_G45HS89_Bw-n86T0GHM3E0qjI.jpg,,,,,,,,,0,Ulysse Nardin,,,,,,,,
22984,simple,,,Ulysse Nardin Marine Torpilleur 42mm 1183-310-7M/40,1,0,visible,Ulysse Nardin Marine Torpilleur 42mm 1183-310-7M/40,"Experience timeless elegance with the Ulysse Nardin Marine Torpilleur 42mm, a sophisticated blend of heritage and contemporary craftsmanship. This stunning timepiece, crafted from resilient stainless steel, boasts a striking 42mm case encasing a pristine white dial adorned with classic black Roman numerals. The exquisite automatic movement powers its intricacies, while a sapphire crystal offers unparalleled scratch resistance. A fixed stainless steel bezel complements the streamlined design, and the stainless steel bracelet with a deployment clasp ensures a secure and comfortable fit. With a water resistance of up to 50 meters, this watch is as robust as it is refined, embodying precision and luxury in every detail.",,,taxable,,1,,,0,0,,,,,1,,,11400.00,Watches,,,https://beepwear.com/wp-content/uploads/2026/01/MpxeyjRvwOY6ecr7WlKll_Ig-rItfAb4fTMf85LOYvk.jpg,,,,,,,,,0,Ulysse Nardin,,,,,,,,
22985,simple,,,Ulysse Nardin Diver 42mm 8163-175/GREY-5N,1,0,visible,Ulysse Nardin Diver 42mm 8163-175/GREY-5N,"Discover the exceptional craftsmanship of the Ulysse Nardin Diver 42mm, Reference 8163-175/GREY-5N, a striking timepiece that effortlessly marries technical precision with modern elegance. Housed in a robust 42mm titanium case, this watch is accentuated by a rose gold unidirectional rotating bezel, offering both practical functionality and a touch of opulence. The grey dial, adorned with luminous stick markers, ensures legibility under all conditions and exudes a refined yet sporty aesthetic. At its heart lies an automatic movement, a testament to Ulysse Nardin's commitment to horological excellence. The sapphire crystal provides superior durability and scratch resistance, while the grey leather band with a PVD pin buckle enhances its sophisticated appeal. Water-resistant up to 300 meters, this dive watch is as reliable underwater as it is stylish on land, making it an essential addition for any discerning gentleman's collection.",,,taxable,,1,,,0,0,,,,,1,,,11800.00,Watches,,,https://beepwear.com/wp-content/uploads/2026/01/0TcyH7HDI3MuFDnHJKLjCOzzNdTh42oahdoK4OdxPwQ.jpg,,,,,,,,,0,Ulysse Nardin,,,,,,,,
22986,simple,,,Ulysse Nardin Diver X NEMO Point 44mm 1183-170LE/93-NEMO,1,0,visible,Ulysse Nardin Diver X NEMO Point 44mm 1183-170LE/93-NEMO,"The Ulysse Nardin Diver X NEMO Point 44mm is a masterpiece of nautical engineering and aesthetic elegance. Encased in durable titanium, this striking watch commands attention with its 44mm diameter and sophisticated blue dial, adorned with luminous index markers for optimal readability in all conditions. The unidirectional rotating bezel, crafted from blue rubberized titanium, complements the robust yet stylish design. Driven by precise automatic movement, this timepiece ensures both reliability and performance at depths of up to 300 meters, embodying the adventurous spirit of Ulysse Nardin. Finished with a distinctive blue and red fabric strap secured with Velcro, the Diver X NEMO Point seamlessly blends technical excellence with unmatched craftsmanship.",,,taxable,,1,,,0,0,,,,,1,,,11700.00,Watches,,,https://beepwear.com/wp-content/uploads/2026/01/eZYrlNGsgvzCynoi6vHeSJ_F4k38i4aMeSkmQPXkGgw.jpg,,,,,,,,,0,Ulysse Nardin,,,,,,,,
22987,simple,,,Maurice Lacroix Fiaba Stainless Steel Diamonds FA2164-SS002-150,1,0,visible,Maurice Lacroix Fiaba Stainless Steel Diamonds FA2164-SS002-150,"Experience timeless elegance with the Maurice Lacroix Fiaba Stainless Steel Diamonds FA2164-SS002-150. Crafted with a lustrous stainless steel case measuring 20 mm, this exquisite timepiece showcases a refined silver dial adorned with diamond-set index markers and classic Roman numerals. The impeccable craftsmanship is further highlighted by a fixed, stainless steel bezel and a durable sapphire crystal. Driven by a reliable quartz movement, this watch embodies precision and style. The stainless steel bracelet, complete with a secure deployment clasp, ensures comfort and elegance in every wear. Water-resistant up to 50 meters, this watch is not only a statement of class but a testament to fine Swiss engineering, combining beauty with functionality effortlessly.",,,taxable,,1,,,0,0,,,,,1,,,2380.00,Watches,,,"https://beepwear.com/wp-content/uploads/2026/01/yiE7sxPJa4YDw58wJ9pw2YgCYCnvu0yY4W79oWm307s.jpg, https://beepwear.com/wp-content/uploads/2026/01/PzmSu51Y35lasmqLi7Vxi3peXbiHI3-WLfljbaUuV2I.jpg, https://beepwear.com/wp-content/uploads/2026/01/gn7TYfZOUS1k9GngeAq0Gp_Qc29bZEqJRPuK7QT-Zxg.jpg",,,,,,,,,0,Maurice Lacroix,,,,,,,,
22988,simple,,,Maurice Lacroix Pontos Chronograph Automatic 43mm PT6188-SS001-130,1,0,visible,Maurice Lacroix Pontos Chronograph Automatic 43mm PT6188-SS001-130,"Discover timeless elegance combined with exceptional craftsmanship in the Maurice Lacroix Pontos Chronograph Automatic 43mm. This distinguished timepiece boasts a robust 43mm stainless steel case, perfectly complemented by a sophisticated silver dial adorned with sleek index markers. Powered by a precise automatic movement, this chronograph promises reliability and style. The fixed stainless steel bezel and durable sapphire crystal ensure both durability and a scintillating aesthetic. Encased in luxury, the black leather band, coupled with a stainless steel deployment clasp, offers supreme comfort and a secure fit. Water-resistant up to 50 meters, the PT6188-SS001-130 is not only a masterpiece of sophistication but also practicality.",,,taxable,,1,,,0,0,,,,,1,,,3980.00,Watches,,,"https://beepwear.com/wp-content/uploads/2026/01/pc_esVTMgk38DzbmZOMabQ2N4SqEDI0WBjaBQmhK0cI.jpg, https://beepwear.com/wp-content/uploads/2026/01/xBW-damOhT0jc3ShAbaP_SCqQNZhzHRsCId_E898dyo.jpg, https://beepwear.com/wp-content/uploads/2026/01/j-bRPQa0kSwUiA71dV8LzbuDVmrNBZjepR2O2CYVXyY.jpg",,,,,,,,,0,Maurice Lacroix,,,,,,,,
22989,simple,,,Maurice Lacroix Masterpiece Retrograde Calendar 43mm MP6508-SS001-130,1,0,visible,Maurice Lacroix Masterpiece Retrograde Calendar 43mm MP6508-SS001-130,"Discover timeless elegance with the Maurice Lacroix Masterpiece Retrograde Calendar 43mm, an exquisite timepiece that combines technical prowess with sophisticated style. Encased in resilient 43mm stainless steel, this watch boasts a striking silver dial adorned with index markers and the distinctive retrograde calendar feature, ensuring both functionality and aesthetic allure. Its automatic movement, powered by precise Swiss craftsmanship, is protected beneath a durable sapphire crystal, while the sturdy black leather band with a stainless steel deployment clasp ensures a secure and comfortable fit. With a water resistance of up to 50 meters, this watch harmonizes luxury and practicality, making it a remarkable addition to any discerning gentleman's collection.",,,taxable,,1,,,0,0,,,,,1,,,6900.00,Watches,,,"https://beepwear.com/wp-content/uploads/2026/01/1C0NUl4rMldnqUyMMY0w21W3dj226O6ZD_UdFBBXdss.jpg, https://beepwear.com/wp-content/uploads/2026/01/iEm09FutjiPaYL7F-ntfa7hYAaa8vkjmsm_4xb5F1vw.jpg, https://beepwear.com/wp-content/uploads/2026/01/Hob2uu90ZoufW1FI8r2S6_ukkb9IUrDcQVtGSL_FZJ4.jpg",,,,,,,,,0,Maurice Lacroix,,,,,,,,
22990,simple,,,Maurice Lacroix Pontos Chronograph Automatic 43mm PT6188-SS002-830,1,0,visible,Maurice Lacroix Pontos Chronograph Automatic 43mm PT6188-SS002-830,"Experience timeless elegance with the Maurice Lacroix Pontos Chronograph Automatic 43mm PT6188-SS002-830. Crafted for those who appreciate precision and style, this men's watch features a robust 43mm stainless steel case paired seamlessly with a fixed stainless steel bezel. The sophisticated gray dial, adorned with index markers, ensures readability while exuding refined charm. Powered by a precision automatic movement, every element of this watch speaks to meticulous engineering and top-notch craftsmanship. The sapphire crystal offers durability and clarity, while the stainless steel bracelet, featuring a deployment clasp, ensures comfort and a secure fit. With water resistance up to 50 meters, this timepiece is as functional as it is stylish, making it an essential accessory for the discerning gentleman.",,,taxable,,1,,,0,0,,,,,1,,,3980.00,Watches,,,"https://beepwear.com/wp-content/uploads/2026/01/AAxplBi8HC8ggTVT7GfjrvZjIHW7aJ5K_p77Q9Z2Xu0.jpg, https://beepwear.com/wp-content/uploads/2026/01/oFcR_DdgRl1xtwQEtEgXLG-zR1cnxjhMMXGJRGB8H7k.jpg, https://beepwear.com/wp-content/uploads/2026/01/rD_s-2u3pZEciElyCL3QaxyLF0qIc0Ok8JLH6vTLs7c.jpg",,,,,,,,,0,Maurice Lacroix,,,,,,,,
22991,simple,,,Maurice Lacroix Pontos Chronograph Automatic 43mm PT6188-SS001-730,1,0,visible,Maurice Lacroix Pontos Chronograph Automatic 43mm PT6188-SS001-730,"Experience timeless elegance and precision with the Maurice Lacroix Pontos Chronograph Automatic 43mm watch. Crafted from premium stainless steel, this masterpiece boasts a striking 43mm case housing a sophisticated brown dial accented by distinct index markers. Enhanced by its automatic movement, this timepiece ensures impeccable functionality and reliability. The fixed stainless steel bezel and scratch-resistant sapphire crystal offer durability and clarity, while the brown leather strap, equipped with a stainless steel deployment clasp, provides comfort and style. Water-resistant up to 50 meters, this chronograph is as versatile as it is refined, making it an exceptional choice for the modern man who values quality and craftsmanship.",,,taxable,,1,,,0,0,,,,,1,,,3980.00,Watches,,,https://beepwear.com/wp-content/uploads/2026/01/r1aNOZT_m6Kv5cmU7YrHHtsNqaTp4ZRhp1FanU7C0a8.jpg,,,,,,,,,0,Maurice Lacroix,,,,,,,,
22994,simple,,,Rolex Stainless Steel Datejust Wimbledon Dial 41mm 2023,1,0,visible,Rolex Stainless Steel Datejust Wimbledon Dial 41mm 2023,"Experience timeless elegance with the Rolex Datejust 41mm, a masterful timepiece defined by its captivating Wimbledon dial. This exceptional watch features a sophisticated slate-grey sunray finish accented by bold green Roman numerals, offering unparalleled legibility and a distinctive look. Crafted from robust stainless steel, the case gives the watch a refined, enduring finish, complemented by the smooth bezel that embodies understated luxury. The crisp printing and meticulous application of Roman hour markers highlight the hallmark craftsmanship for which Rolex is renowned. \n\nEquipped with an automatic movement and enhanced by the iconic Cyclops magnifier over the date aperture, this timepiece combines aesthetic balance and functionality. The Jubilee bracelet, complete with a folding Oyster clasp, ensures both comfort and security on the wrist. Water-resistant up to 100 meters, and featuring a sapphire crystal, this 2023 model effortlessly marries modernity with tradition, making it a versatile choice for the discerning gentleman.",,,taxable,,1,,,0,0,,,,,1,,,14900.00,Watches,,,"https://beepwear.com/wp-content/uploads/2026/01/841-120_1_30b5cfde-19f1-4004-a055-5ed5d5e3683f.jpg, https://beepwear.com/wp-content/uploads/2026/01/841-120_4_13cb2950-1269-4180-86a2-4223df1e6006.jpg, https://beepwear.com/wp-content/uploads/2026/01/841-120_2_6f1a1791-5507-4168-bd37-7347f933dc00.jpg, https://beepwear.com/wp-content/uploads/2026/01/841-120_3_29f83637-e629-4440-8ced-5af14b7af545.jpg",,,,,,,,,0,Rolex,,,,,,,,
23036,simple,,,Rolex Stainless Steel Datejust 41,1,0,visible,Rolex Stainless Steel Datejust 41,"The Rolex Stainless Steel Datejust 41 is a masterclass in timeless elegance and precision craftsmanship. Encased in a robust 41mm stainless steel body, this watch is as strong as it is sophisticated, featuring a fluted bezel and a screw-down crown that ensure water resistance to a depth of 100 meters. The slate dial is adorned with factory-set diamond numerals, offering a refined sparkle under the protection of a sapphire crystal. Its automatic movement guarantees accurate timekeeping, while the stainless steel oyster bracelet with a folding clasp provides both security and comfort. Whether you're navigating business meetings or evening events, the Rolex Datejust 41 stands as a symbol of luxury and reliability.",,,taxable,,1,,,0,0,,,,,1,,,14000.00,Watches,"21st Century, Contemporary, Steel, Watches",,"https://beepwear.com/wp-content/uploads/2026/01/841-108_1_2069900.jpg, https://beepwear.com/wp-content/uploads/2026/01/841-108_4_2069903.jpg, https://beepwear.com/wp-content/uploads/2026/01/841-108_2_2069901.jpg, https://beepwear.com/wp-content/uploads/2026/01/841-108_3_2069902.jpg",,,,,,,,,0,Rolex,,,,,,,,
23040,simple,,,Rolex Stainless Steel Yachtmaster with Platinum Bezel 40mm,1,0,visible,Rolex Stainless Steel Yachtmaster with Platinum Bezel 40mm,"Experience the epitome of nautical elegance with the Rolex Yacht-Master 40mm, where platinum and stainless steel converge in a masterful display of precision and style. The enduring allure of its platinum timing bezel provides a striking contrast to the robust stainless steel case, accentuating the watch's maritime spirit. Meticulously crafted with a platinum bezel equipped with a 60-minute graduated scale, this timepiece delivers flawless functionality and timeless sophistication. The slate dial complements the sleek design, housed under a durable sapphire crystal. Its automatic movement ensures precision, while the stainless steel Oyster bracelet guarantees comfort and luxury on the wrist. With water resistance up to 100 meters, this watch marries technical prowess with everyday elegance, showcasing Rolex’s commitment to excellence in every detail.",,,taxable,,1,,,0,0,,,,,1,,,13500.00,Watches,"21st Century, Contemporary, Men's, Platinum, Rolex, Signed Jewelry, Stainless Steel, Steel, Watches",,"https://beepwear.com/wp-content/uploads/2026/01/807-71_1_1079945.jpg, https://beepwear.com/wp-content/uploads/2026/01/807-71_2_1079946.jpg, https://beepwear.com/wp-content/uploads/2026/01/807-71_4_1079948.jpg, https://beepwear.com/wp-content/uploads/2026/01/807-71_3_1079947.jpg",,,,,,,,,0,Rolex,,,,,,,,
23062,simple,,,Maurice Lacroix Pontos S Extreme Chronograph 43mm PT6028-ALB01-332,1,0,visible,Maurice Lacroix Pontos S Extreme Chronograph 43mm PT6028-ALB01-332,"Discover the Maurice Lacroix Pontos S Extreme Chronograph, a testament to sophisticated craftsmanship and innovative design. Encased in robust titanium, this 43mm watch exudes both strength and elegance, making it a timeless addition to any collection. The black dial, adorned with luminous index markers, ensures clarity and style, while the automatic movement ensures precision in every moment. The inner rotating black and green bezel adds a dynamic flair, complemented by the black leather and fabric band with a pin buckle. With water resistance up to 200 meters and a protective sapphire crystal, this chronograph is designed for the modern man who values both functionality and refined aesthetics.",,,taxable,,1,,,0,0,,,,,1,,,5900.00,Watches,,,https://beepwear.com/wp-content/uploads/2026/01/isvHq5g70XXOQBs2G36wrkzEGSt2meg9ggAOTEj1rfU.jpg,,,,,,,,,0,Maurice Lacroix,,,,,,,,
23063,simple,,,Maurice Lacroix Les Classique Chronograph 41mm LC6158-SS002-330-1,1,0,visible,Maurice Lacroix Les Classique Chronograph 41mm LC6158-SS002-330-1,"Experience timeless elegance with the Maurice Lacroix Les Classique Chronograph, a masterpiece of horological craftsmanship. Encased in robust 41mm stainless steel, this watch radiates sophistication with its captivating gray dial set against rose gold index markers. Precision is at its heart, featuring an automatic movement that ensures reliable timekeeping. The sapphire crystal offers unparalleled clarity and scratch resistance, while the fixed stainless steel bezel adds a touch of refined durability. This exquisite timepiece is complemented by a stainless steel bracelet with a secure deployment clasp, offering both style and comfort. With a water resistance of 30 meters, it seamlessly combines functionality with luxury, making it a worthy addition to any discerning gentleman's collection.",,,taxable,,1,,,0,0,,,,,1,,,2900.00,Watches,,,https://beepwear.com/wp-content/uploads/2026/01/I2M-7FKo2MYxv2M92eubO48_UUg2_QsjYGCt8-T1RF4.jpg,,,,,,,,,0,Maurice Lacroix,,,,,,,,
23070,simple,,,Rolex Oyster Perpetual Date 34mm Stainless Steel Yellow Gold 15223,1,0,visible,Rolex Oyster Perpetual Date 34mm Stainless Steel Yellow Gold 15223,"Discover the epitome of timeless luxury with the Rolex Oyster Perpetual Date 34mm, a distinguished blend of 18k yellow gold and stainless steel. This pre-owned masterpiece boasts a refined silver dial adorned with Arabic numerals and luminous index markers, epitomizing elegance. The sophisticated automatic movement powers the watch, housed within a resilient 34mm case. Examine the intricately crafted engine-turned bezel in 18k yellow gold, which complements the stainless steel and gold Oyster bracelet. Protected by a sapphire crystal and offering water resistance up to 100 meters, this watch seamlessly combines durability and style. With its iconic features and exquisite craftsmanship, it stands as a testament to enduring sophistication.",,,taxable,,1,,,0,0,,,,,1,,,6325.00,Watches,,,"https://beepwear.com/wp-content/uploads/2026/01/1qz7d10bLgmT1znAEBN32EXPbmEctJPLhZcgFUiCY1o.jpg, https://beepwear.com/wp-content/uploads/2026/01/irO2gU0QD49fkr-eaQb0iLqPvmlADURRu2rYPbCHGgc.jpg, https://beepwear.com/wp-content/uploads/2026/01/IlvD3eHMj5pKTmSZ08kUwKsjuYX_5baWiPSIITQIR8c.jpg, https://beepwear.com/wp-content/uploads/2026/01/PC_9-mr_-u4KW5kwYNhpFZB75VOfcM2B3TRK-nKvKo0.jpg, https://beepwear.com/wp-content/uploads/2026/01/piJ_yuGlWpZQXuNNkmt5L-qiYvVJUWOLRdR-R4Lo4cE.jpg",,,,,,,,,0,Rolex,,,,,,,,
23142,simple,,,Tudor Black Bay GMT 41mm Stainless Steel 79830RB,1,0,visible,Tudor Black Bay GMT 41mm Stainless Steel 79830RB,"The Tudor Black Bay GMT 41mm Stainless Steel 79830RB is a stunning embodiment of precise engineering and timeless design. Its striking burgundy and blue bidirectional rotating bezel immediately draws the eye, beautifully complementing the sleek black dial with luminous index markers that ensure exceptional readability. Housed in a robust 41mm stainless steel case, this watch is powered by an automatic movement, underscoring its exquisite craftsmanship and reliability.\n\nThe sapphire crystal protects the intricate details of the dial while providing enhanced durability. Water resistance up to 200 meters adds a layer of functionality, making it as practical as it is stylish. The riveted stainless steel bracelet, complete with a folding clasp, assures both comfort and security. This pre-owned masterpiece comes with both a box and papers, preserving its legacy and value. The Tudor Black Bay GMT is not just a watch; it's a testament to enduring elegance and superior craftsmanship.",,,taxable,,1,,,0,0,,,,,1,,,4083.00,Watches,,,"https://beepwear.com/wp-content/uploads/2026/01/ZPQSeB1lgIiIsNPnHs_OELwmZP_TmP9RIlrgEqlvrvk.jpg, https://beepwear.com/wp-content/uploads/2026/01/8aKh3rwzIIt3wJxR3-Ky8mEtOMtsH6e8pXaEz2tnPYY.jpg, https://beepwear.com/wp-content/uploads/2026/01/5pmz6yZrIXF5XuWrgGIW5BWrGe_f89IsuHHKynvViNU.jpg, https://beepwear.com/wp-content/uploads/2026/01/17xLDPVy3iTFIus-Z8xTaLjW8dsqRS4mKhHRep1V37k.jpg, https://beepwear.com/wp-content/uploads/2026/01/IpZZSnXM74NRVDMvG-xD_QaONPASEIqKThJA9JOC-AE.jpg",,,,,,,,,0,Tudor,,,,,,,,
23173,simple,,,Rolex Stainless Steel Datejust II 44mm,1,0,visible,Rolex Stainless Steel Datejust II 44mm,"Commanding attention with its bold presence, the Rolex Datejust II stands out with a substantial 41 mm stainless steel case. This model showcases Rolex's unwavering commitment to precision and quality, featuring a smooth bezel and a striking blue Roman numeral dial, effortlessly merging classic elegance with contemporary design. The robust Oyster bracelet, crafted entirely of stainless steel, ensures durability and a refined, versatile appearance suitable for any occasion. Powered by a reliable automatic movement and protected by a scratch-resistant sapphire crystal, this iconic timepiece exemplifies timeless sophistication and everyday functionality. Its water resistance up to 100 meters makes it a reliable companion for any adventure, while the classic date display adds a practical touch, making it a perfect blend of luxury and practicality.",,,taxable,,1,,,0,0,,,,,1,,,12800.00,Watches,,,"https://beepwear.com/wp-content/uploads/2026/01/755-94_1.jpg, https://beepwear.com/wp-content/uploads/2026/01/755-94_4.jpg, https://beepwear.com/wp-content/uploads/2026/01/755-94_2.jpg, https://beepwear.com/wp-content/uploads/2026/01/755-94_3.jpg",,,,,,,,,0,Rolex,,,,,,,,
23187,simple,,,Zenith Pilot Flyback Chronograph 11.2240.405,1,0,visible,Zenith Pilot Flyback Chronograph 11.2240.405,"Experience precision and elegance with the Zenith Pilot Flyback Chronograph 11.2240.405. Designed for those who appreciate both form and function, this men's timepiece showcases a robust 43mm stainless steel case paired with a distinctive bi-directional bezel featuring a black insert. The intricate grey dial, adorned with striking white Arabic numerals, offers clear readability, while the automatic movement ensures impeccable accuracy. The watch's sapphire crystal provides durability, marrying practicality with refined craftsmanship. A green nubuck leather strap with a steel tang buckle complements its adventurous spirit, offering both comfort and style. Water-resistant up to 100 meters, this watch exudes sophistication and resilience, making it a distinguished choice for any occasion.",,,taxable,,1,,,0,0,,,,,1,,,5923.00,Watches,,,"https://beepwear.com/wp-content/uploads/2026/01/rBs2HMcqHsIZh7YbytYcPcTI601e0SxxX3ArK3ysI2w.jpg, https://beepwear.com/wp-content/uploads/2026/01/lIxVuIwtmhxY3uQJXulJfXEz7moqS7CimbhdMOx0X4I.jpg, https://beepwear.com/wp-content/uploads/2026/01/CggJ1v5RPUlvW0H_W-71510JHKtR-txV8EsXssgZq6k.jpg, https://beepwear.com/wp-content/uploads/2026/01/5jA82CrHfcQXyAnCbKBcapbyIc76jextJO8kIog-s4.jpg, https://beepwear.com/wp-content/uploads/2026/01/fBu9MXjYOEHWW6keTAYlqbj8ezNKiUrw3J0FRy0F-hg.jpg",,,,,,,,,0,Zenith,,,,,,,,
23188,simple,,,Rolex Datejust Oysterquartz Stainless Steel Yellow Gold 17013,1,0,visible,Rolex Datejust Oysterquartz Stainless Steel Yellow Gold 17013,"The Rolex Datejust Oysterquartz 17013 stands as a timeless icon in horological craftsmanship, blending the enduring elegance of 18k yellow gold with the robust reliability of stainless steel. Designed for those who appreciate precision, this 36mm masterpiece features a striking silver dial adorned with gold index markers, set beneath a scratch-resistant sapphire crystal. The fixed bezel, crafted in exquisite 18k yellow gold, complements the harmonious balance of materials in the two-tone bracelet with a sturdy folding clasp. Powered by a precise quartz movement, this watch offers unparalleled accuracy, ensuring you stay on time with style. With a water resistance of up to 100 meters, the Oysterquartz is as functional as it is sophisticated, making it the perfect companion for any occasion.",,,taxable,,1,,,0,0,,,,,1,,,6670.00,Watches,,,"https://beepwear.com/wp-content/uploads/2026/01/08MFznv-IbbmL4zY2dcOjWFWf_zBU0xPrNWDamDrjV4.jpg, https://beepwear.com/wp-content/uploads/2026/01/tMTbhpMqycn06PiEwxY7mJSGrIYoYcdtktmWj4U02WY.jpg, https://beepwear.com/wp-content/uploads/2026/01/gJB84acT2XH1uQZWsRqWZfImCS9tBC5PUjXxQk-M1Lc.jpg, https://beepwear.com/wp-content/uploads/2026/01/mMRa4X8ldr9u5uBBACW-xTSzyJ_KtqE0BvB8MxaFc8s.jpg, https://beepwear.com/wp-content/uploads/2026/01/xrX3C8SczwSSGZ3qpj8OfCHhgFTr3zh_ZlLB8gKmQgo.jpg",,,,,,,,,0,Rolex,,,,,,,,
23190,simple,,,Rolex Lady-Datejust Stainless Steel Yellow Gold 6917,1,0,visible,Rolex Lady-Datejust Stainless Steel Yellow Gold 6917,"Elevate your wrist with the Rolex Lady-Datejust 6917, a timepiece that combines enduring elegance with technical mastery. This exquisite watch features a harmonious blend of 18k yellow gold and stainless steel, embodied in a slim 26mm case for a refined look. The distinctive champagne dial, accented by gold stick markers, offers a timeless aesthetic, while the renowned automatic movement ensures precise timekeeping. The fluted bezel, crafted from 18k yellow gold, and the Jubilee bracelet emphasize Rolex's commitment to superior craftsmanship and durability. With a water resistance of up to 100 meters and a sapphire crystal, this pre-owned piece perfectly marries form with function, making it a sophisticated choice for the discerning woman.",,,taxable,,1,,,0,0,,,,,1,,,4773.00,Watches,,,"https://beepwear.com/wp-content/uploads/2026/01/1sXDLt6dQB3qA2RkmoFZguZULINeVcEOGvzvW_r1dkk.jpg, https://beepwear.com/wp-content/uploads/2026/01/FwD8Dfmny6d4PwIfut_A2h9WB0BSLqrAVdKAi16zokw.jpg, https://beepwear.com/wp-content/uploads/2026/01/Ccv-JHJm3gdHMxj0zfvmJU1mVdNueJl4-t3YYfP9DqI.jpg, https://beepwear.com/wp-content/uploads/2026/01/4m1PFyKcsJxoYIgtULZc2IOBrvVC6g6JmXd2DAWwTfY.jpg, https://beepwear.com/wp-content/uploads/2026/01/XPbu914SD3zGFO6YPKNZVFcbx3ToCGAUnGeV0m2jc8.jpg",,,,,,,,,0,Rolex,,,,,,,,
23191,simple,,,Eloga 14KY Gold Vintage Diamond Opal Flip Top Dress Watch,1,0,visible,Eloga 14KY Gold Vintage Diamond Opal Flip Top Dress Watch,"Elevate your elegance with the Eloga 14KY Gold Vintage Diamond Opal Flip Top Dress Watch, a timeless masterpiece of meticulous craftsmanship. Encased in luminous 14k yellow gold, this exquisite timepiece showcases a 22mm case adorned with a striking flip-top design highlighted by enchanting opals and radiant diamonds. The silver dial, enhanced with gold stick and Arabic markers, exudes understated sophistication, perfectly complemented by the manual wind movement for enduring precision. Completed with a five-strand gold band and secured by a fixed bezel, this watch embodies luxury with every glance. Whether attending a formal event or adding a touch of vintage allure to your daily ensemble, this watch is a true testament to timeless style and quality.",,,taxable,,1,,,0,0,,,,,1,,,2645.00,Watches,,,"https://beepwear.com/wp-content/uploads/2026/01/JMbiJvAmVSnWxskaN4U5LN5AwNf3lAWd8FMoRq4w9SE.jpg, https://beepwear.com/wp-content/uploads/2026/01/5nPG0yBMLAPL2vPUgVdCFjfSi91mb3EF249Lb7HryQ.jpg, https://beepwear.com/wp-content/uploads/2026/01/Rtc5_nqJOMzEbxuyGvlH9N8zcwk4TL-GZu9ZKYmOt7g.jpg, https://beepwear.com/wp-content/uploads/2026/01/78OYauSguBxTiVUZcng051JEiDY6ScrSFEHWXjSxfb0.jpg",,,,,,,,,0,,,,,,,,,
23192,simple,,,Tissot Stylis-T 28mm Stainless Steel T028210A,1,0,visible,Tissot Stylis-T 28mm Stainless Steel T028210A,"Experience timeless elegance with the Tissot Stylis-T 28mm, crafted meticulously from premium stainless steel. This exquisite timepiece showcases a shimmering white mother-of-pearl dial complemented by sleek silver Arabic markers, exuding sophistication and grace. Powered by precise quartz movement and protected by a robust sapphire crystal, it’s designed for both enduring beauty and reliable performance. The fixed stainless steel bezel and matching bracelet with a double fold deployment clasp ensure a seamless and secure fit. With a water resistance of up to 30 meters, this watch combines practicality with refined style, making it a distinguished addition to any collection.",,,taxable,,1,,,0,0,,,,,1,,,230.00,Watches,,,"https://beepwear.com/wp-content/uploads/2026/01/rJnqbVT2P7UVAxjSuzh18Aw9iD23jOAwJvSlZgvAq9w.jpg, https://beepwear.com/wp-content/uploads/2026/01/YToBw_O2OLGjwZb7YrO8riwgj6O5RyyZ2hbXlI7frrU.jpg, https://beepwear.com/wp-content/uploads/2026/01/hP1e1VTYTcM84t0bFglU-xi0IiVw7xy-B3MomDSlLys.jpg, https://beepwear.com/wp-content/uploads/2026/01/NdaqHMPX7ujiHmd27eQU0jGWJzS9PBpouRYtxeVV6cI.jpg, https://beepwear.com/wp-content/uploads/2026/01/7zXlkrhpsHr5hVjTN_B5vHfZJ4WFJJx6Erthq2dcwfU.jpg",,,,,,,,,0,Tissot,,,,,,,,
23250,simple,,,Tudor Stainless Steel Glamour Date 36mm,1,0,visible,Tudor Stainless Steel Glamour Date 36mm,"Discover timeless elegance with the Tudor Stainless Steel Glamour Date 36mm. Crafted for those with discerning taste, this unisex watch showcases a sleek 36mm stainless steel case paired with a matching stainless steel bracelet, exuding both resilience and refined style. The captivating silver dial is adorned with diamond hour markers, adding a touch of luxury and sophistication. Powered by an automatic movement, this timepiece ensures precision and reliability. The sapphire crystal protects the dial, offering durability against scratches. Complete with both box and papers, this watch is not only a testament to Swiss craftsmanship but also an emblem of enduring elegance and functionality.",,,taxable,,1,,,0,0,,,,,1,,,4950.00,Watches,,,"https://beepwear.com/wp-content/uploads/2026/01/890-123_1.jpg, https://beepwear.com/wp-content/uploads/2026/01/890-123_4.jpg, https://beepwear.com/wp-content/uploads/2026/01/890-123_2.jpg, https://beepwear.com/wp-content/uploads/2026/01/890-123_3.jpg",,,,,,,,,0,Tudor,,,,,,,,
23251,simple,,,Rolex Stainless Steel Datejust II 41mm,1,0,visible,Rolex Stainless Steel Datejust II 41mm,"Exuding timeless sophistication, the Rolex Stainless Steel Datejust II 41mm is a masterpiece of modern watchmaking. Its commanding 41mm stainless steel case embodies a sleek, balanced silhouette, enhanced by a smooth bezel that reflects the watch's refined technical aesthetic. Notably, the hallmark Cyclops lens magnifies the date display at 3 o'clock, ensuring instantaneous legibility. The silver stick dial complements the elegant oyster bracelet, defining a cohesive and enduring design. Crafted entirely from stainless steel, the piece is built for durability and daily wear, underscored by an automatic movement and a water resistance of up to 100 meters. This iconic timepiece is a testimony to precision and style, epitomizing Rolex’s legacy of excellence.",,,taxable,,1,,,0,0,,,,,1,,,9900.00,Watches,,,"https://beepwear.com/wp-content/uploads/2026/01/755-93_1.jpg, https://beepwear.com/wp-content/uploads/2026/01/755-93_4.jpg, https://beepwear.com/wp-content/uploads/2026/01/755-93_2.jpg, https://beepwear.com/wp-content/uploads/2026/01/755-93_3.jpg",,,,,,,,,0,Rolex,,,,,,,,
23252,simple,,,Rolex Stainless Steel Midsize Datejust 31mm Factory Diamond Bezel,1,0,visible,Rolex Stainless Steel Midsize Datejust 31mm Factory Diamond Bezel,"Elevate your elegance with the Rolex Stainless Steel Midsize Datejust, a timepiece that exemplifies craftsmanship and precision. Featuring a factory-set diamond bezel, each brilliant-cut diamond is meticulously placed to create a uniform halo of sparkle around the refined 31mm case, enhancing light return without overshadowing the design. The clean, silver-toned profile is crafted from robust stainless steel, complemented by an 18k white gold bezel that adds a touch of opulence. \n\nThe silver stick dial, framed by a sapphire crystal, offers clarity and sophistication, while the automatic movement ensures precision in every moment. Encased in stainless steel, the watch is both durable and timeless, making it a perfect accessory for any occasion. Complete with a stainless steel Oyster bracelet and a secure folding clasp, this Datejust exudes a balance of elegance and resilience, underscored by 100m water resistance, ensuring it's as enduring as it is beautiful.",,,taxable,,1,,,0,0,,,,,1,,,15000.00,Watches,,,"https://beepwear.com/wp-content/uploads/2026/01/746-80_1.jpg, https://beepwear.com/wp-content/uploads/2026/01/746-80_4.jpg, https://beepwear.com/wp-content/uploads/2026/01/746-80_2.jpg, https://beepwear.com/wp-content/uploads/2026/01/746-80_3.jpg",,,,,,,,,0,Rolex,,,,,,,,
23254,simple,,,Grand Stainless Steel Spring Drive GMT 44mm,1,0,visible,Grand Stainless Steel Spring Drive GMT 44mm,"The Grand Stainless Steel Spring Drive GMT 44mm watch exemplifies precision and sophistication, blending advanced technology with elegant design. At the heart of this timepiece lies the revolutionary Spring Drive movement, seamlessly integrating a mechanical mainspring with an electronic regulator for a continuous, ultra-smooth seconds sweep. The dedicated GMT hand provides easy tracking of a second time zone, perfect for the modern traveler.\n\nCrafted from robust stainless steel, the 44mm case delivers substantial wrist presence and enduring durability. The rich mahogany dial, accented with red indices, offers striking contrast, ensuring clarity and legibility. Protected by a sapphire crystal, the dial remains pristine, while the GMT bezel adds both functionality and style. Signature meticulous finishing highlights Grand Seiko’s commitment to exceptional craftsmanship. This timepiece combines refined aesthetics with everyday functionality, ideal for those who appreciate both form and function.",,,taxable,,1,,,0,0,,,,,1,,,5700.00,Watches,,,"https://beepwear.com/wp-content/uploads/2026/01/551-43_1.jpg, https://beepwear.com/wp-content/uploads/2026/01/551-43_4.jpg, https://beepwear.com/wp-content/uploads/2026/01/551-43_2.jpg, https://beepwear.com/wp-content/uploads/2026/01/551-43_3.jpg",,,,,,,,,0,Seiko,,,,,,,,
23256,simple,,,Rolex Stainless Steel Datejust II,1,0,visible,Rolex Stainless Steel Datejust II,"The Rolex Stainless Steel Datejust II is a masterclass in elegance and precision, featuring a robust 41 mm stainless steel Oyster case that stands as a testament to its durability and timeless appeal. Its striking black Roman numeral dial is beautifully complemented by a sophisticated fluted bezel, adding a refined touch to this iconic timepiece. Engineered for reliability, the Datejust II is powered by the self-winding Rolex calibre 3136, ensuring consistent and precise timekeeping. Designed for everyday wear, it boasts a scratch-resistant sapphire crystal with Cyclops magnification at 3 o’clock for easy date legibility, combined with a water resistance of up to 100 meters, secured by a screw-down Twinlock crown. The Oyster bracelet, also in stainless steel, enhances its longevity and comfort, making it as practical as it is luxurious. With both box and papers included, this exceptional watch is a complete and distinguished addition to any collection.",,,taxable,,1,,,0,0,,,,,1,,,12000.00,Watches,"21st Century, Contemporary, Watches",,"https://beepwear.com/wp-content/uploads/2026/01/755-85_1_1997757.jpg, https://beepwear.com/wp-content/uploads/2026/01/755-85_4_1997759.jpg, https://beepwear.com/wp-content/uploads/2026/01/755-85_2_1997756.jpg, https://beepwear.com/wp-content/uploads/2026/01/755-85_3_1997758.jpg",,,,,,,,,0,Rolex,,,,,,,,
23257,simple,,,Rolex Stainless Steel Datejust II,1,0,visible,Rolex Stainless Steel Datejust II,"Discover the Rolex Datejust II in stainless steel—a harmonious blend of precision engineering and timeless design. This iconic timepiece features a striking 41mm case, offering a bold yet refined presence. Its signature black stick dial is elegantly framed by a white gold fluted bezel, exuding luxury at every glance. The watch's standout feature, a date display at 3 o'clock under the Cyclops magnifier, ensures unparalleled legibility. Crafted for durability, the stainless steel oyster bracelet with a secure folding clasp provides both robustness and classic appeal. Equipped with an automatic movement, this Datejust not only maintains time with exceptional accuracy but also encapsulates the heritage of Rolex craftsmanship.",,,taxable,,1,,,0,0,,,,,1,,,11900.00,Watches,"21st Century, Contemporary, Gold, Men's, Rolex, Signed Jewelry, Stainless Steel, Steel, Watches, White Gold",,"https://beepwear.com/wp-content/uploads/2026/01/755-79_1_1171145.jpg, https://beepwear.com/wp-content/uploads/2026/01/755-79_4_1171148.jpg, https://beepwear.com/wp-content/uploads/2026/01/755-79_2_1171146.jpg, https://beepwear.com/wp-content/uploads/2026/01/755-79_3_1171147.jpg",,,,,,,,,0,Rolex,,,,,,,,
23258,simple,,,Rolex Datejust 41 Stainless Steel 126300,1,0,visible,Rolex Datejust 41 Stainless Steel 126300,"Experience the epitome of precision and elegance with the Rolex Datejust 41 Stainless Steel 126300. Crafted with a robust 41mm Oystersteel case, this masterpiece radiates a blend of strength and sophistication. The stunning azzurro blue dial features Roman numerals, adding a touch of timeless elegance, while the Cyclops lens ensures effortless readability of the date. Beneath its refined exterior, the advanced caliber 3235 automatic movement offers remarkable accuracy, enhanced by the innovative Chronergy escapement for superior reliability. The watch is fitted with a stainless steel Oyster bracelet, complete with a folding Oysterclasp and Easylink extension, ensuring unparalleled comfort and adjustability on the wrist. With a water resistance of up to 100 meters and both box and papers included, the Rolex Datejust 41 is not just a watch—it's a legacy of enduring refinement and technical prowess.",,,taxable,,1,,,0,0,,,,,1,,,11500.00,"Watches, watch",,,"https://beepwear.com/wp-content/uploads/2026/01/nvrUBKagp0Ote5hNkSUEuP-eV3tsgJX5a4QnkpWGG4.jpg, https://beepwear.com/wp-content/uploads/2026/01/4B0zRUi4aJqEvZfnxBYEFG_i7IFUbOwfqhGhmY4k2yk.jpg, https://beepwear.com/wp-content/uploads/2026/01/cJSkq8qzphU0Y5tK6T7r75l_EBhte-OnqJ3qf15diCk.jpg, https://beepwear.com/wp-content/uploads/2026/01/I-Ped56HXT2u6Gfnq1mTx6Uz3smKIfK41x_jj0AXWo4.jpg, https://beepwear.com/wp-content/uploads/2026/01/Q6E-MFGgO_fPGy0pvnGIOFUIxtZzVlqq0GznkhpzNyU.jpg",,,,,,,,,0,Rolex,,,,,,,,
23259,simple,,,Rolex Stainless Steel Oyster Perpetual 41mm,1,0,visible,Rolex Stainless Steel Oyster Perpetual 41mm,"Experience timeless elegance with the Rolex Stainless Steel Oyster Perpetual 41mm, a masterpiece of precision and craftsmanship. Featuring a robust 41mm stainless steel case paired with a smooth bezel and sapphire crystal, this watch is both sophisticated and durable, boasting water resistance up to 100 meters. Its sleek black dial, adorned with luminescent hour markers and hands, ensures readability even in low light. Powered by an automatic Rolex movement, this watch promises relentless accuracy. The distinctive stainless steel Oyster bracelet with a secure folding clasp offers both comfort and style. Complete with original box and papers, this piece is a testament to Rolex's commitment to quality and authenticity.",,,taxable,,1,,,0,0,,,,,1,,,11500.00,Watches,"21st Century, Contemporary, Stainless Steel, Steel, Watches",,"https://beepwear.com/wp-content/uploads/2026/01/860-31_1_2069913.jpg, https://beepwear.com/wp-content/uploads/2026/01/860-31_4_2069914.jpg, https://beepwear.com/wp-content/uploads/2026/01/860-31_2_2069912.jpg, https://beepwear.com/wp-content/uploads/2026/01/860-31_3_2069915.jpg",,,,,,,,,0,Rolex,,,,,,,,
23261,simple,,,Rolex Stainless Steel Submariner 40mm,1,0,visible,Rolex Stainless Steel Submariner 40mm,"The Rolex Stainless Steel Submariner 40mm epitomizes timeless elegance and robust functionality, crafted with precision in corrosion-resistant stainless steel. Its defining features include a 40mm case that balances presence and comfort, making it suitable for any occasion, from underwater explorations to formal gatherings. The black ceramic bezel not only enhances its aesthetic appeal but also serves a practical purpose with its unidirectional rotating feature, essential for divers. Accentuated with a black dial, luminescent hands, and dot hour markers, this timepiece ensures clarity and readability even in the depths of the ocean, thanks to its impressive 300-meter water resistance.\n\nEngineered with an automatic movement, the Submariner guarantees reliable timekeeping, further underscored by the sturdy stainless steel Oyster bracelet that offers both security and elegance. The sapphire crystal provides scratch resistance, ensuring the watch remains pristine. With its disciplined execution and storied heritage, the Submariner 16610 stands as a benchmark of sophistication and durability, encapsulating Rolex’s legacy of horological excellence.",,,taxable,,1,,,0,0,,,,,1,,,10900.00,Watches,,,"https://beepwear.com/wp-content/uploads/2026/01/892-29_1.jpg, https://beepwear.com/wp-content/uploads/2026/01/892-29_4.jpg, https://beepwear.com/wp-content/uploads/2026/01/892-29_3.jpg, https://beepwear.com/wp-content/uploads/2026/01/892-29_2.jpg",,,,,,,,,0,Rolex,,,,,,,,
23311,simple,,,Rolex Stainless Steel Datejust 36mm 2019,1,0,visible,Rolex Stainless Steel Datejust 36mm 2019,"Introducing the Rolex Stainless Steel Datejust 36mm, a masterpiece of horological craftsmanship that exudes timeless elegance and practicality. Featuring a robust 36mm stainless steel case, this iconic watch boasts a striking silver dial adorned with diamond markers at the 6 and 9 positions, offering a touch of luxury. The fluted bezel and stainless steel oyster bracelet add a distinct sophistication, while the automatic movement ensures reliable precision. With its sapphire crystal and 100-meter water resistance, this watch promises durability and style for any occasion. Complete with both box and papers, the 2019 Datejust exemplifies enduring quality and refinement, making it a coveted addition to any collection.",,,taxable,,1,,,0,0,,,,,1,,,15500.00,Watches,,,"https://beepwear.com/wp-content/uploads/2026/01/753-120_1.jpg, https://beepwear.com/wp-content/uploads/2026/01/753-120_4.jpg, https://beepwear.com/wp-content/uploads/2026/01/753-120_2.jpg, https://beepwear.com/wp-content/uploads/2026/01/753-120_3.jpg",,,,,,,,,0,Rolex,,,,,,,,
23312,simple,,,Ebel Two Tone Yellow Gold 1911 Ladies 27mm,1,0,visible,Ebel Two Tone Yellow Gold 1911 Ladies 27mm,"Experience elegance with the Ebel 1911 Ladies' watch, a masterpiece that embodies refined sophistication. This exquisite timepiece combines the allure of 18k yellow gold with the strength of stainless steel, creating a striking two-tone design that complements any ensemble. The 27mm case is thoughtfully sized to provide a graceful presence on the wrist, while the mother-of-pearl dial set with diamonds adds a touch of opulence. Featuring an automatic movement, this watch promises precision and reliability. The sapphire crystal and diamond-encrusted 18k gold bezel enhance its luxurious appeal. With its integrated bracelet of gold and stainless steel, this piece is a testament to Ebel’s commitment to exceptional craftsmanship and timeless style.",,,taxable,,1,,,0,0,,,,,1,,,3300.00,Watches,,,"https://beepwear.com/wp-content/uploads/2026/01/511-110_1.jpg, https://beepwear.com/wp-content/uploads/2026/01/511-110_4.jpg, https://beepwear.com/wp-content/uploads/2026/01/511-110_2.jpg, https://beepwear.com/wp-content/uploads/2026/01/511-110_3.jpg",,,,,,,,,0,,,,,,,,,
23313,simple,,,Tag Heuer Stainless Steel Carrera GMT Chronograph,1,0,visible,Tag Heuer Stainless Steel Carrera GMT Chronograph,"Experience the precision of the Tag Heuer Stainless Steel Carrera GMT Chronograph, where dual-time capability meets sophisticated design. At its heart is a dedicated GMT hand and chronograph function, perfectly suited for both the jet-set lifestyle and everyday wear. Encased in corrosion-resistant stainless steel, this 45mm masterpiece showcases a striking black skeleton dial paired with a dynamic black and blue ceramic GMT bezel. The automatic movement is visible through the transparent case back, underscoring the watch’s meticulous craftsmanship. Completed with a robust stainless steel bracelet, the Carrera GMT Chronograph is the quintessential blend of versatility and enduring style.",,,taxable,,1,,,0,0,,,,,1,,,4850.00,Watches,,,"https://beepwear.com/wp-content/uploads/2026/01/540-734_1.jpg, https://beepwear.com/wp-content/uploads/2026/01/540-734_4.jpg, https://beepwear.com/wp-content/uploads/2026/01/540-734_2.jpg, https://beepwear.com/wp-content/uploads/2026/01/540-734_3.jpg",,,,,,,,,0,TAG Heuer,,,,,,,,
23315,simple,,,Tiffany & Co. Round Brass Desk Alarm Clock Swiss Quartz,1,0,visible,Tiffany & Co. Round Brass Desk Alarm Clock Swiss Quartz,"Elevate your workspace with this exquisite round brass desk alarm clock, a testament to unparalleled Swiss craftsmanship. Boasting a Swiss quartz movement, this timepiece offers unfailing precision and minimal upkeep, perfect for those who value reliability. Crafted from solid brass, its architectural silhouette is both robust and refined, ensuring enduring elegance. The cream Roman dial adds a touch of timeless sophistication, harmonizing classic design with modern functionality. Compact yet commanding, this clock includes a practical alarm feature, making it both a beautiful and functional addition to any desk.",,,taxable,,1,,,0,0,,,,,1,,,2200.00,Watches,,,"https://beepwear.com/wp-content/uploads/2026/01/531-63_2.jpg, https://beepwear.com/wp-content/uploads/2026/01/531-63_1.jpg, https://beepwear.com/wp-content/uploads/2026/01/531-63_3.jpg, https://beepwear.com/wp-content/uploads/2026/01/531-63_4.jpg",,,,,,,,,0,,,,,,,,,
23316,simple,,,Rolex Stainless Steel Datejust 26,1,0,visible,Rolex Stainless Steel Datejust 26,"Elevate your timepiece collection with the Rolex Stainless Steel Datejust 26, an exquisite blend of elegance and precision. The watch features a 26 mm stainless-steel case, perfectly harmonizing refined proportions with robust durability. Its striking black mother of pearl dial is adorned with Roman numeral markers, offering a classic yet contemporary feel. The 18K white gold fluted bezel enhances its sophisticated silhouette, catching light with every movement. Engineered with an automatic movement and protected by a sapphire crystal, this watch ensures reliability and accuracy. The stainless steel oyster bracelet, secured with a folding clasp, provides a seamless finish, making it an ideal companion for both formal and casual ensembles. With water resistance up to 100 meters, this Datejust combines timeless style with enduring craftsmanship.",,,taxable,,1,,,0,0,,,,,1,,,10800.00,Watches,,,"https://beepwear.com/wp-content/uploads/2026/01/762-55_1.jpg, https://beepwear.com/wp-content/uploads/2026/01/762-55_4.jpg, https://beepwear.com/wp-content/uploads/2026/01/762-55_2.jpg, https://beepwear.com/wp-content/uploads/2026/01/762-55_3.jpg",,,,,,,,,0,Rolex,,,,,,,,
23317,simple,,,Rolex 18K Everose Pearlmaster 29mm Ref 80285,1,0,visible,Rolex 18K Everose Pearlmaster 29mm Ref 80285,"Immerse yourself in the refined elegance of the Rolex Pearlmaster 29 Ref. 80285, a masterpiece crafted entirely in 18k Everose gold, Rolex’s exclusive rose-gold alloy known for its warm and enduring hue. This exquisite timepiece features a compact 29mm Oyster case, offering a sophisticated, jewelry-forward profile accentuated by a flawless mirror-grade polish. The striking mother-of-pearl dial is adorned with diamond-set Roman numerals, harmonizing perfectly with the factory 18k rose gold diamond bezel, bringing a timeless allure to the watch. The Pearlmaster bracelet, with its rounded five-piece links and concealed Crownclasp, flows seamlessly from the case, ensuring both comfort and a high-luster finish on any wrist. Water-resistant to 100 meters and powered by a precise automatic movement, this Rolex embodies both technical prowess and luxurious craftsmanship, making it a standout addition to any collection.",,,taxable,,1,,,0,0,,,,,1,,,27000.00,Watches,,,"https://beepwear.com/wp-content/uploads/2026/01/889-7_1.jpg, https://beepwear.com/wp-content/uploads/2026/01/889-7_4.jpg, https://beepwear.com/wp-content/uploads/2026/01/889-7_2.jpg, https://beepwear.com/wp-content/uploads/2026/01/889-7_3.jpg",,,,,,,,,0,Rolex,,,,,,,,
23318,simple,,,Pateck Geneve Silver Enamel Pocket Watch 45mm,1,0,visible,Pateck Geneve Silver Enamel Pocket Watch 45mm,"Exuding a timeless elegance, the Pateck Geneve Silver Enamel Pocket Watch is a masterful blend of technical precision and artistic detailing. Crafted with a striking 45 mm silver case, this piece commands attention with its kiln-fused enamel accents and a meticulously illustrated porcelain dial. The intricate enamel work, complemented by a fixed bezel, offers a glossy, color-stable surface that beautifully enhances the watch's classic charm. Designed for discerning collectors, the manual wind movement ensures precise timekeeping, while the smooth, compact profile is ideal for chain carry. This pocket watch is a harmonious fusion of durability, functionality, and refined craftsmanship, making it a truly exceptional addition for the watch enthusiast.",,,taxable,,1,,,0,0,,,,,1,,,750.00,Watches,,,"https://beepwear.com/wp-content/uploads/2026/01/505-1027_1.jpg, https://beepwear.com/wp-content/uploads/2026/01/505-1027_2.jpg, https://beepwear.com/wp-content/uploads/2026/01/505-1027_3.jpg, https://beepwear.com/wp-content/uploads/2026/01/505-1027_4.jpg",,,,,,,,,0,,,,,,,,,
23320,simple,,,Rolex 18 Karat Yellow Gold Datejust 28mm,1,0,visible,Rolex 18 Karat Yellow Gold Datejust 28mm,"Experience timeless elegance with the Rolex 18 Karat Yellow Gold Datejust 28mm, a masterpiece of precision and style. Crafted from lustrous 18k yellow gold, its 28mm round case features a distinctive fluted bezel, paired with a champagne diamond dial that radiates luxury. The exquisite dial is protected by a scratch-resistant sapphire crystal, ensuring durability without compromising on elegance. Powered by an automatic movement, this watch offers reliable timekeeping with hours, minutes, seconds, and a date function.\n\nThe iconic President bracelet, also in 18k yellow gold, features a hidden clasp for seamless sophistication. Water-resistant up to 100 meters, this watch embodies functionality and opulence, making it a perfect companion for any occasion. With its unparalleled craftsmanship and enduring beauty, the Rolex Datejust is not just a timepiece—it's a statement.",,,taxable,,1,,,0,0,,,,,1,,,38000.00,Watches,"18k Gold, 21st Century, Contemporary, Gold, Watches, Yellow Gold",,"https://beepwear.com/wp-content/uploads/2026/01/742-22_1_2129211.jpg, https://beepwear.com/wp-content/uploads/2026/01/742-22_4_2129214.jpg, https://beepwear.com/wp-content/uploads/2026/01/742-22_2_2129212.jpg, https://beepwear.com/wp-content/uploads/2026/01/742-22_3_2129213.jpg",,,,,,,,,0,Rolex,,,,,,,,
23387,simple,,,Chronoswiss Stainless Steel Chronograph Skeleton,1,0,visible,Chronoswiss Stainless Steel Chronograph Skeleton,"Experience the art of precision with the Chronoswiss Stainless Steel Chronograph Skeleton, a timepiece that elegantly marries transparency and craftsmanship. The skeletonized dial showcases the intricate chronograph mechanism, offering a captivating view of the movement's openworked architecture and visible gear train. Encased in stainless steel with polished and brushed surfaces, this watch exudes a refined, silver-tone aesthetic that frames its layered, cutaway design.\n\nThe 41mm stainless steel case houses a clear multi-register chronograph layout, providing purpose-built readability and balanced functionality. Paired with a striking red leather strap, the watch's sophisticated design is further enhanced by its diamond bezel, adding a touch of luxury. Technical excellence is evident in the automatic movement and defined pushers for precise start, stop, and reset control. The Chronoswiss Skeleton Chronograph is a testament to exquisite workmanship, where every visible component contributes to its flawless operation and timeless appeal.",,,taxable,,1,,,0,0,,,,,1,,,7850.00,Watches,,,"https://beepwear.com/wp-content/uploads/2026/01/505-972_1.jpg, https://beepwear.com/wp-content/uploads/2026/01/505-972_2.jpg, https://beepwear.com/wp-content/uploads/2026/01/505-972_3.jpg, https://beepwear.com/wp-content/uploads/2026/01/505-972_4.jpg",,,,,,,,,0,,,,,,,,,
23402,simple,,,Tag Heuer Stainless Steel Aqua Racer 38.5mm,1,0,visible,Tag Heuer Stainless Steel Aqua Racer 38.5mm,"Introducing the TAG Heuer Stainless Steel Aquaracer 38.5mm, a timepiece that embodies precision and durability for the modern adventurer. Housed within a robust 38.5mm solid stainless steel case, this watch marries sleek design with strength, ensuring a crisp, metallic luster that resists corrosion. The black aluminum dive bezel adds a bold touch, perfectly complementing the distinguished black dial equipped with luminous markers for optimal readability underwater. Powered by automatic movement, this watch is a testament to TAG Heuer's commitment to technical excellence. With its sophisticated yet sporty aesthetic, the Aquaracer is a versatile companion, crafted to withstand up to 300 meters of water, ready for any challenge.",,,taxable,,1,,,0,0,,,,,1,,,1400.00,Watches,"21st Century, Aluminum, Contemporary, Stainless Steel, Steel, Watches",,"https://beepwear.com/wp-content/uploads/2026/01/540-712_1_2062907.jpg, https://beepwear.com/wp-content/uploads/2026/01/540-712_2_2062906.jpg, https://beepwear.com/wp-content/uploads/2026/01/540-712_3_2062908.jpg, https://beepwear.com/wp-content/uploads/2026/01/540-712_4_2062909.jpg",,,,,,,,,0,TAG Heuer,,,,,,,,
23403,simple,,,Elgin 14k White Gold Vintage Art Deco Diamond Ladies Manual Wind Watch,1,0,visible,Elgin 14k White Gold Vintage Art Deco Diamond Ladies Manual Wind Watch,"Discover timeless elegance with the Elgin 14k White Gold Vintage Art Deco Diamond Ladies Manual Wind Watch, a masterpiece that captures the essence of early 20th-century style. Crafted from solid 14k white gold, this exquisite timepiece features intricate diamond accents that highlight its refined Art Deco geometry. The champagne dial provides a classic backdrop, complementing the clean, elegant lines of the case, which measures a delicate 10mm to suit women's proportions perfectly. Powered by a precise manual-wind mechanical movement, this watch exemplifies the unparalleled craftsmanship and enduring quality of traditional watchmaking. Experience the harmonious blend of luxury and precision with each beautifully detailed component, underscoring the rich heritage of American horology.",,,taxable,,1,,,0,0,,,,,1,,,1600.00,Watches,"14k Gold, 20th Century, Art Deco, Diamond, Elgin, Gold, Vintage, Watches, White Gold, Women's",,"https://beepwear.com/wp-content/uploads/2026/01/541-35_2_2019302.jpg, https://beepwear.com/wp-content/uploads/2026/01/541-35_1_2019303.jpg, https://beepwear.com/wp-content/uploads/2026/01/541-35_3_2019305.jpg, https://beepwear.com/wp-content/uploads/2026/01/541-35_4_2019304.jpg",,,,,,,,,0,,,,,,,,,
23435,simple,,,Porsche Design Titanium Chronotimer 42mm,1,0,visible,Porsche Design Titanium Chronotimer 42mm,"Experience the perfect blend of innovative design and precision engineering with the Porsche Design Titanium Chronotimer 42mm. This ultra-lightweight timepiece is crafted from corrosion-resistant, hypoallergenic titanium, ensuring unmatched durability and comfort for all-day wear. Featuring an integrated chronograph, the sleek 42mm case offers a timeless yet modern appeal, perfectly proportioned for a balanced wrist presence. The black dial, accentuated by a distinctive blue inner ring, is framed by a functional dive bezel, combining aesthetic refinement with technical precision. Powered by an automatic movement and complemented by a stylish black leather band, this watch embodies Porsche Design's commitment to technical minimalism and performance-driven aesthetics. Each element of this chronotimer is meticulously designed, from the visible craftsmanship of its Swiss movement to the immaculate detailing of its leather strap, creating a statement piece that transcends time.",,,taxable,,1,,,0,0,,,,,1,,,6500.00,Watches,,,"https://beepwear.com/wp-content/uploads/2026/01/505-959_1.jpg, https://beepwear.com/wp-content/uploads/2026/01/505-959_2.jpg, https://beepwear.com/wp-content/uploads/2026/01/505-959_3.jpg, https://beepwear.com/wp-content/uploads/2026/01/505-959_4.jpg",,,,,,,,,0,,,,,,,,,
23436,simple,,,Panerai Stainless steel Luminor Marina 44,1,0,visible,Panerai Stainless steel Luminor Marina 44,"Introducing the Panerai Luminor Marina 44, a masterpiece of horological engineering and design. This men's watch is distinguished by its iconic 44 mm stainless steel case, showcasing the signature crown-protecting bridge. Exquisitely crafted with precision, it presents a sleek, architectural profile with clean lines that embody both elegance and robustness. The black dial with stick and Arabic numerals ensures exceptional legibility, enhanced by the oversized crown lever for ease of operation. Driven by a manual wind movement and protected by a sapphire crystal, this timepiece is as functional as it is stylish. Its water resistance of 500 meters underscores its reliability, making it a perfect companion for both urban settings and adventurous pursuits. With a stainless steel bracelet and deployment clasp, the Luminor Marina 44 combines tradition and innovation, offering unmatched quality and craftsmanship.",,,taxable,,1,,,0,0,,,,,1,,,6450.00,"Watches, Uncategorized","21st Century, Contemporary, Men's, Panerai, Signed Jewelry, Stainless Steel, Steel, Watches",,"https://beepwear.com/wp-content/uploads/2026/01/501-291_1_1560383.jpg, https://beepwear.com/wp-content/uploads/2026/01/501-291_2_1560382.jpg, https://beepwear.com/wp-content/uploads/2026/01/501-291_3_1560384.jpg, https://beepwear.com/wp-content/uploads/2026/01/501-291_4_1560385.jpg",,,,,,,,,0,Panerai,,,,,,,,
23465,simple,,,E. Howard Watch Co. 14K Yellow Gold Pocket Watch,1,0,visible,E. Howard Watch Co. 14K Yellow Gold Pocket Watch,"Exuding timeless elegance, this E. Howard Watch Co. pocket watch is a striking testament to classic craftsmanship and enduring style. Encased in solid 14k yellow gold, it offers a warm, lustrous finish that beautifully complements its minimalist round profile. With a substantial 48mm case size, this watch ensures a commanding presence, while the manual wind movement speaks to traditional horological artistry. Its white dial, adorned with clear Arabic numerals, enhances legibility and charm. The intricate engraving on the back further accentuates its bespoke quality, making this piece both a functional timekeeper and a collector's gem.",,,taxable,,1,,,0,0,,,,,1,,,2000.00,Watches,"14k Gold, 21st Century, Contemporary, Gold, Howard, Watches, White Gold, Women's, Yellow Gold",,"https://beepwear.com/wp-content/uploads/2026/01/505-995_1_1863710.jpg, https://beepwear.com/wp-content/uploads/2026/01/505-995_2_1863711.jpg, https://beepwear.com/wp-content/uploads/2026/01/505-995_4_1863713.jpg, https://beepwear.com/wp-content/uploads/2026/01/505-995_3_1863714.jpg",,,,,,,,,0,,,,,,,,,
23466,simple,,,Platinum Vintage Pery Diamond Ladies Watch,1,0,visible,Platinum Vintage Pery Diamond Ladies Watch,"Discover timeless elegance with the Platinum Vintage Pery Diamond Ladies Watch, showcasing the perfect harmony of exquisite craftsmanship and refined luxury. The 15mm platinum case exudes a naturally white luster, while the meticulously arranged diamond bezel adds a touch of sophisticated sparkle. The silver dial, complemented by a manual wind movement, underscores the watch's classic 20th-century allure. Each diamond accent on the platinum bracelet enhances its tactile quality, creating a graceful and enduring presence. This watch is not merely an accessory but a testament to the art of horology, radiating with quiet yet compelling brilliance.",,,taxable,,1,,,0,0,,,,,1,,,2500.00,Watches,"20th Century, Diamond, Platinum, Silver, Vintage, Watches, Women's",,"https://beepwear.com/wp-content/uploads/2026/01/500-630_2_1863062.jpg, https://beepwear.com/wp-content/uploads/2026/01/500-630_1_1863063.jpg, https://beepwear.com/wp-content/uploads/2026/01/500-630_3_1863065.jpg, https://beepwear.com/wp-content/uploads/2026/01/500-630_4_1863064.jpg",,,,,,,,,0,,,,,,,,,
23497,simple,,,Tudor Stainless Steel Black Bay 41,1,0,visible,Tudor Stainless Steel Black Bay 41,"The Tudor Stainless Steel Black Bay 41 embodies timeless elegance and robust functionality. Its 41 mm stainless steel case and matching bracelet deliver a clean, monochromatic aesthetic that is both modern and versatile. The watch features a black dial and a distinctive black timing bezel, enhancing its sleek appearance. Powered by an automatic movement and crafted with precision, the Black Bay 41 offers a harmonious balance of strength and sophistication. With its immaculate design and substantial wrist presence, this watch is the perfect everyday companion for those who appreciate refined craftsmanship and enduring style.",,,taxable,,1,,,0,0,,,,,1,,,4500.00,Watches,"21st Century, Bracelets, Contemporary, Signed Jewelry, Stainless Steel, Steel, Tudor, Women's",,"https://beepwear.com/wp-content/uploads/2026/01/890-74_1_1711231.jpg, https://beepwear.com/wp-content/uploads/2026/01/890-74_4_1711234.jpg, https://beepwear.com/wp-content/uploads/2026/01/890-74_2_1711232.jpg, https://beepwear.com/wp-content/uploads/2026/01/890-74_3_1711233.jpg",,,,,,,,,0,Tudor,,,,,,,,
23618,simple,,,Anonimo Stainless Steel Marlin Opera Meccana 50mm,1,0,visible,Anonimo Stainless Steel Marlin Opera Meccana 50mm,"Command your wrist with the Anonimo Stainless Steel Marlin Opera Meccana, a watch defined by its imposing 50 mm case that radiates both strength and sophistication. The solid stainless steel construction ensures unmatched durability, while its striking black dial and automatic movement highlight precision and modern craftsmanship. Paired with a tactile black leather strap, it offers a blend of comfort and timeless elegance, perfect for everyday wear. The Marlin Opera Meccana stands out with its streamlined profile, enhanced legibility, and bold proportions, making it an essential accessory for those who appreciate a harmonious blend of utility and design.",,,taxable,,1,,,0,0,,,,,1,,,3950.00,Watches,"21st Century, Contemporary, Leather, Men's, Stainless Steel, Steel, Watches",,"https://beepwear.com/wp-content/uploads/2026/01/505-977_1_1420636.jpg, https://beepwear.com/wp-content/uploads/2026/01/505-977_2_1420637.jpg, https://beepwear.com/wp-content/uploads/2026/01/505-977_3_1420638.jpg",,,,,,,,,0,,,,,,,,,
23642,simple,,,Tiffany & Co. by Agassiz 18 Karat Yellow Gold 1922 Pocket Watch,1,0,visible,Tiffany & Co. by Agassiz 18 Karat Yellow Gold 1922 Pocket Watch,"Exquisite craftsmanship meets timeless elegance in this 18-karat yellow gold pocket watch, a rare collaboration from 1922. Designed by Agassiz, this piece is a testament to early 20th-century precision. The 43mm case size encases a manual wind movement, highlighted by a champagne Roman dial and protected by a sapphire crystal. This vintage timepiece reflects unparalleled artistry with its period-correct design, showcasing an unmistakable heritage. Perfect for both collectors and admirers of fine watchmaking, it stands as a beautiful symbol of enduring quality and sophistication.",,,taxable,,1,,,0,0,,,,,1,,,3500.00,Watches,"18k Gold, 20th Century, Gold, Signed Jewelry, Tiffany & Co., Vintage, Watches, Women's, Yellow Gold",,"https://beepwear.com/wp-content/uploads/2026/01/531-49_1_1167934.jpg, https://beepwear.com/wp-content/uploads/2026/01/531-49_2_1167933.jpg, https://beepwear.com/wp-content/uploads/2026/01/531-49_3_1167935.jpg, https://beepwear.com/wp-content/uploads/2026/01/531-49_4_1167936.jpg",,,,,,,,,0,,,,,,,,,
23683,simple,,,Carl Bucherer 18 Karat Yellow Gold Vintage Fan Pin with Ball Watch Drop,1,0,visible,Carl Bucherer 18 Karat Yellow Gold Vintage Fan Pin with Ball Watch Drop,"Elevate your collection with this exquisite Carl Bucherer creation: an 18 karat yellow gold vintage pin that seamlessly merges artistry and precision. The striking fan-shaped design anchors a stunning spherical ball watch, united by meticulous craftsmanship. The orb-like watch, adorned with delicate star detailing, provides a captivating focal point, while its white Arabic dial offers timeless elegance. Measuring 26 mm, the manual wind movement ensures reliability, encased in sophisticated acrylic crystal. This brooch-watch is a testament to jewelry-engineered horology, elegantly blending functionality and luxury in a graceful drop beneath its sculptural fan motif.",,,taxable,,1,,,0,0,,,,,1,,,2800.00,Watches,,,"https://beepwear.com/wp-content/uploads/2026/01/554-1_1.jpg, https://beepwear.com/wp-content/uploads/2026/01/554-1_2.jpg, https://beepwear.com/wp-content/uploads/2026/01/554-1_3.jpg, https://beepwear.com/wp-content/uploads/2026/01/554-1_4.jpg",,,,,,,,,0,,,,,,,,,
23704,simple,,,Philip Stein Stainless Steel Classic Square,1,0,visible,Philip Stein Stainless Steel Classic Square,"Introducing the Philip Stein Stainless Steel Classic Square watch, an exquisite blend of precision engineering and timeless elegance. The watch features a distinctive 30.25mm square case crafted from durable stainless steel, exuding a sleek, modern aesthetic. Its pristine white dial, adorned with a combination of stick and Arabic numerals, provides a clear and sophisticated interface. A smooth bezel enhances its refined appearance, while the quartz movement ensures accurate timekeeping.\n\nThe integrated stainless steel bracelet, secured with a reliable clasp, offers both comfort and style, seamlessly wrapping around the wrist. Perfectly balancing form and function, this watch is a testament to Philip Stein's superior craftsmanship and dedication to quality. Elevate your wristwear with this classic silhouette, where luxury meets daily practicality.",,,taxable,,1,,,0,0,,,,,1,,,550.00,Watches,,,"https://beepwear.com/wp-content/uploads/2026/01/534-32_1.jpg, https://beepwear.com/wp-content/uploads/2026/01/534-32_2.jpg, https://beepwear.com/wp-content/uploads/2026/01/534-32_3.jpg, https://beepwear.com/wp-content/uploads/2026/01/534-32_4.jpg",,,,,,,,,0,,,,,,,,,
23705,simple,,,Faberge 18 Karat White Gold Diamond and Mother of Pearl Anastasia Dress,1,0,visible,Faberge 18 Karat White Gold Diamond and Mother of Pearl Anastasia Dress,"Elevate your elegance with the Fabergé 18 Karat White Gold Diamond and Mother of Pearl Anastasia Dress Watch. This exquisite timepiece combines breathtaking craftsmanship with luxurious materials, featuring an opulent 18k white gold bracelet that seamlessly complements a dazzling diamond-set bezel. The lustrous mother of pearl dial, adorned with diamond markers, reflects an understated sophistication, making every glance at your wrist an experience of pure luxury. Powered by precise quartz movement, the Anastasia model ensures reliability and precision, allowing you to maintain perfect timing with style. Expertly crafted, this watch celebrates timeless beauty with its intricate design and superior materials, making it an incomparable addition to any discerning collection.",,,taxable,,1,,,0,0,,,,,1,,,17900.00,Watches,,,"https://beepwear.com/wp-content/uploads/2026/01/500-597_1.jpg, https://beepwear.com/wp-content/uploads/2026/01/500-597_2.jpg, https://beepwear.com/wp-content/uploads/2026/01/500-597_3.jpg, https://beepwear.com/wp-content/uploads/2026/01/500-597_4.jpg",,,,,,,,,0,,,,,,,,,
23763,simple,,,Levian Rose Plated Chocolate Diamond Ladies Watch,1,0,visible,Levian Rose Plated Chocolate Diamond Ladies Watch,"Elegantly blending timeless design with modern luxury, the Levian Rose Plated Chocolate Diamond Ladies Watch is a testament to exquisite craftsmanship. The watch features a striking mother-of-pearl dial encircled by a shimmering array of chocolate diamonds, offering a dazzling display of opulence. Its rose-plated stainless steel bracelet boasts a unique, intricate link design that ensures both durability and elegance. The precision quartz movement guarantees accurate timekeeping, while the scratch-resistant sapphire crystal provides lasting clarity and protection. Perfectly balancing sophistication and functionality, this watch is designed for the discerning woman who appreciates beauty and quality in every detail.",,,taxable,,1,,,0,0,,,,,1,,,2295.00,Watches,,,"https://beepwear.com/wp-content/uploads/2026/01/500-581_1.jpg, https://beepwear.com/wp-content/uploads/2026/01/500-581_2.jpg, https://beepwear.com/wp-content/uploads/2026/01/500-581_3.jpg, https://beepwear.com/wp-content/uploads/2026/01/500-581_4.jpg",,,,,,,,,0,,,,,,,,,
23789,simple,,,Aqua Master Diamond Bezel and Mother of Pearl Ladies Wristwatch Ref SAM 97,1,0,visible,Aqua Master Diamond Bezel and Mother of Pearl Ladies Wristwatch Ref SAM 97,"Experience timeless elegance with the Aqua Master Diamond Bezel and Mother of Pearl Ladies Wristwatch, Ref SAM 97. This exquisite timepiece showcases a luminous mother of pearl dial, beautifully contrasted by a shimmering diamond bezel that gracefully encases the watch face. Each diamond is meticulously set to enhance its brilliance, offering a radiant, luxurious aura. The stainless steel case complements the dial with a durable yet sophisticated touch, while the sleek, adjustable black leather strap provides comfort and a snug fit. Known for precision and quality, Aqua Master brings unparalleled craftsmanship to this watch, making it a perfect blend of functionality and style. Indulge in this exquisite piece that promises not only to keep time but to do so with flair and sophistication.",,,taxable,,1,,,0,0,,,,,1,,,400.00,Watches,,,"https://beepwear.com/wp-content/uploads/2026/01/500-523_1.jpg, https://beepwear.com/wp-content/uploads/2026/01/500-523_2.jpg, https://beepwear.com/wp-content/uploads/2026/01/500-523_3.jpg, https://beepwear.com/wp-content/uploads/2026/01/500-523_4.jpg",,,,,,,,,0,,,,,,,,,
